person_id,name,phone_num,age,location,vehicle_num,org,bank_account,crime_recorded,fir_text,fir_language
P0001,Arjun Tyagi,9571677615,38,"Faridabad, Sector 37",HR07CZ1922,United Transport,XXXXXX8179,No recorded case in synthetic dataset,"FIR No. 1001/2026 records Arjun Tyagi, age 38, as a person associated with the Faridabad, Sector 37 area. The investigation record lists phone number 9571677615 and vehicle HR07CZ1922. Records also mention an association with United Transport. The recorded case category is No recorded case in synthetic dataset. A masked financial identifier XXXXXX8179 appears in the available records. Investigators are reviewing relevant locations, communications, meetings, and financial activity connected with this person. The available information is being cross-referenced with other FIRs, call records, transaction records, and meeting records for network analysis. These details represent investigative records and leads and are not, by themselves, a determination of guilt.",
P0002,Harsh Narang,9990486760,19,"Ghaziabad, Indirapuram",HR04ZE9994,National Suppliers,XXXXXX6617,Cyber Fraud,"FIR No. 1002/2026 records Harsh Narang, age 19, as a person associated with the Ghaziabad, Indirapuram area. The investigation record lists phone number 9990486760 and vehicle HR04ZE9994. Records also mention an association with National Suppliers. The recorded case category is Cyber Fraud. A masked financial identifier XXXXXX6617 appears in the available records. Investigators are reviewing relevant locations, communications, meetings, and financial activity connected with this person. The available information is being cross-referenced with other FIRs, call records, transaction records, and meeting records for network analysis. These details represent investigative records and leads and are not, by themselves, a determination of guilt.",English
P0003,Ravi Verma,9760956397,24,"Ghaziabad, Indirapuram",HR07HT2135,Star Trading,XXXXXX3658,Narcotics-related offence,"FIR No. 1003/2026 records Ravi Verma, age 24, as a person associated with the Ghaziabad, Indirapuram area. The investigation record lists phone number 9760956397 and vehicle HR07HT2135. Records also mention an association with Star Trading. The recorded case category is Narcotics-related offence. A masked financial identifier XXXXXX3658 appears in the available records. Investigators are reviewing relevant locations, communications, meetings, and financial activity connected with this person. The available information is being cross-referenced with other FIRs, call records, transaction records, and meeting records for network analysis. These details represent investigative records and leads and are not, by themselves, a determination of guilt.",English
P0004,Divya Yadav,9867382106,57,"Gurugram, Sector 18",HR08PX1488,Horizon Suppliers,XXXXXX8629,No recorded case in synthetic dataset,"FIR No. 1004/2026 records Divya Yadav, age 57, as a person associated with the Gurugram, Sector 18 area. The investigation record lists phone number 9867382106 and vehicle HR08PX1488. Records also mention an association with Horizon Suppliers. The recorded case category is No recorded case in synthetic dataset. A masked financial identifier XXXXXX8629 appears in the available records. Investigators are reviewing relevant locations, communications, meetings, and financial activity connected with this person. The available information is being cross-referenced with other FIRs, call records, transaction records, and meeting records for network analysis. These details represent investigative records and leads and are not, by themselves, a determination of guilt.",
P0005,Divya Meena,9772918882,31,"Delhi, Okhla",DL08MC5582,Capital Transport,XXXXXX6615,Fraud,"FIR No. 1005/2026 records Divya Meena, age 31, as a person associated with the Delhi, Okhla area. The investigation record lists phone number 9772918882 and vehicle DL08MC5582. Records also mention an association with Capital Transport. The recorded case category is Fraud. A masked financial identifier XXXXXX6615 appears in the available records. Investigators are reviewing relevant locations, communications, meetings, and financial activity connected with this person. The available information is being cross-referenced with other FIRs, call records, transaction records, and meeting records for network analysis. These details represent investigative records and leads and are not, by themselves, a determination of guilt.",Hindi
P0006,Rohan Chauhan,9771601334,33,"Ghaziabad, Vaishali",HR07SF8282,City Transport,XXXXXX8807,No recorded case in synthetic dataset,"FIR No. 1006/2026 records Rohan Chauhan, age 33, as a person associated with the Ghaziabad, Vaishali area. The investigation record lists phone number 9771601334 and vehicle HR07SF8282. Records also mention an association with City Transport. The recorded case category is No recorded case in synthetic dataset. A masked financial identifier XXXXXX8807 appears in the available records. Investigators are reviewing relevant locations, communications, meetings, and financial activity connected with this person. The available information is being cross-referenced with other FIRs, call records, transaction records, and meeting records for network analysis. These details represent investigative records and leads and are not, by themselves, a determination of guilt.",
P0007,Nikhil Yadav,9679030820,25,"Delhi, Pitampura",HR08NR6332,Apex Services,XXXXXX3748,No recorded case in synthetic dataset,"FIR No. 1007/2026 records Nikhil Yadav, age 25, as a person associated with the Delhi, Pitampura area. The investigation record lists phone number 9679030820 and vehicle HR08NR6332. Records also mention an association with Apex Services. The recorded case category is No recorded case in synthetic dataset. A masked financial identifier XXXXXX3748 appears in the available records. Investigators are reviewing relevant locations, communications, meetings, and financial activity connected with this person. The available information is being cross-referenced with other FIRs, call records, transaction records, and meeting records for network analysis. These details represent investigative records and leads and are not, by themselves, a determination of guilt.",
P0008,Tanya Dahiya,9167978195,56,"Gurugram, Manesar",DL09IG5133,National Transport,XXXXXX7943,Fraud,"FIR No. 1008/2026 records Tanya Dahiya, age 56, as a person associated with the Gurugram, Manesar area. The investigation record lists phone number 9167978195 and vehicle DL09IG5133. Records also mention an association with National Transport. The recorded case category is Fraud. A masked financial identifier XXXXXX7943 appears in the available records. Investigators are reviewing relevant locations, communications, meetings, and financial activity connected with this person. The available information is being cross-referenced with other FIRs, call records, transaction records, and meeting records for network analysis. These details represent investigative records and leads and are not, by themselves, a determination of guilt.",Hindi
P0009,Tanya Chaudhary,9442565902,42,"Noida, Greater Noida West",DL01EV1232,United Trading,XXXXXX1883,No recorded case in synthetic dataset,"FIR No. 1009/2026 records Tanya Chaudhary, age 42, as a person associated with the Noida, Greater Noida West area. The investigation record lists phone number 9442565902 and vehicle DL01EV1232. Records also mention an association with United Trading. The recorded case category is No recorded case in synthetic dataset. A masked financial identifier XXXXXX1883 appears in the available records. Investigators are reviewing relevant locations, communications, meetings, and financial activity connected with this person. The available information is being cross-referenced with other FIRs, call records, transaction records, and meeting records for network analysis. These details represent investigative records and leads and are not, by themselves, a determination of guilt.",
P0010,Vivaan Bansal,9392361020,42,"Delhi, Rohini",HR06KP5235,Apex Solutions,XXXXXX3491,No recorded case in synthetic dataset,"FIR No. 1010/2026 records Vivaan Bansal, age 42, as a person associated with the Delhi, Rohini area. The investigation record lists phone number 9392361020 and vehicle HR06KP5235. Records also mention an association with Apex Solutions. The recorded case category is No recorded case in synthetic dataset. A masked financial identifier XXXXXX3491 appears in the available records. Investigators are reviewing relevant locations, communications, meetings, and financial activity connected with this person. The available information is being cross-referenced with other FIRs, call records, transaction records, and meeting records for network analysis. These details represent investigative records and leads and are not, by themselves, a determination of guilt.",
P0011,Kavya Sharma,9406609525,38,"Faridabad, Sector 37",UP07ZA8776,Sahara Enterprises,XXXXXX4122,Theft,"FIR No. 1011/2026 records Kavya Sharma, age 38, as a person associated with the Faridabad, Sector 37 area. The investigation record lists phone number 9406609525 and vehicle UP07ZA8776. Records also mention an association with Sahara Enterprises. The recorded case category is Theft. A masked financial identifier XXXXXX4122 appears in the available records. Investigators are reviewing relevant locations, communications, meetings, and financial activity connected with this person. The available information is being cross-referenced with other FIRs, call records, transaction records, and meeting records for network analysis. These details represent investigative records and leads and are not, by themselves, a determination of guilt.",English
P0012,Ananya Chauhan,9894830422,37,"Gurugram, DLF Phase 2",DL08DI1147,Evergreen Logistics,XXXXXX1897,No recorded case in synthetic dataset,"FIR No. 1012/2026 records Ananya Chauhan, age 37, as a person associated with the Gurugram, DLF Phase 2 area. The investigation record lists phone number 9894830422 and vehicle DL08DI1147. Records also mention an association with Evergreen Logistics. The recorded case category is No recorded case in synthetic dataset. A masked financial identifier XXXXXX1897 appears in the available records. Investigators are reviewing relevant locations, communications, meetings, and financial activity connected with this person. The available information is being cross-referenced with other FIRs, call records, transaction records, and meeting records for network analysis. These details represent investigative records and leads and are not, by themselves, a determination of guilt.",
P0013,Simran Tiwari,9839339736,35,"Faridabad, Sector 37",DL05VR6944,Prime Warehousing,XXXXXX6610,Narcotics-related offence,"FIR No. 1013/2026 records Simran Tiwari, age 35, as a person associated with the Faridabad, Sector 37 area. The investigation record lists phone number 9839339736 and vehicle DL05VR6944. Records also mention an association with Prime Warehousing. The recorded case category is Narcotics-related offence. A masked financial identifier XXXXXX6610 appears in the available records. Investigators are reviewing relevant locations, communications, meetings, and financial activity connected with this person. The available information is being cross-referenced with other FIRs, call records, transaction records, and meeting records for network analysis. These details represent investigative records and leads and are not, by themselves, a determination of guilt.",Hindi
P0014,Ananya Bhardwaj,9989266602,42,"Gurugram, Sector 29",HR06RB1686,Trinity Logistics,XXXXXX1064,Criminal Intimidation,"FIR No. 1014/2026 records Ananya Bhardwaj, age 42, as a person associated with the Gurugram, Sector 29 area. The investigation record lists phone number 9989266602 and vehicle HR06RB1686. Records also mention an association with Trinity Logistics. The recorded case category is Criminal Intimidation. A masked financial identifier XXXXXX1064 appears in the available records. Investigators are reviewing relevant locations, communications, meetings, and financial activity connected with this person. The available information is being cross-referenced with other FIRs, call records, transaction records, and meeting records for network analysis. These details represent investigative records and leads and are not, by themselves, a determination of guilt.",Hindi
P0015,Ravi Rana,9240258426,50,"Gurugram, DLF Phase 2",UP09FI7966,Sahara Services,XXXXXX6077,Fraud,"FIR No. 1015/2026 records Ravi Rana, age 50, as a person associated with the Gurugram, DLF Phase 2 area. The investigation record lists phone number 9240258426 and vehicle UP09FI7966. Records also mention an association with Sahara Services. The recorded case category is Fraud. A masked financial identifier XXXXXX6077 appears in the available records. Investigators are reviewing relevant locations, communications, meetings, and financial activity connected with this person. The available information is being cross-referenced with other FIRs, call records, transaction records, and meeting records for network analysis. These details represent investigative records and leads and are not, by themselves, a determination of guilt.",English
P0016,Ankit Dahiya,9323085272,40,"Ghaziabad, Raj Nagar",UP04WY4500,Sahara Suppliers,XXXXXX7556,Criminal Intimidation,"FIR No. 1016/2026 records Ankit Dahiya, age 40, as a person associated with the Ghaziabad, Raj Nagar area. The investigation record lists phone number 9323085272 and vehicle UP04WY4500. Records also mention an association with Sahara Suppliers. The recorded case category is Criminal Intimidation. A masked financial identifier XXXXXX7556 appears in the available records. Investigators are reviewing relevant locations, communications, meetings, and financial activity connected with this person. The available information is being cross-referenced with other FIRs, call records, transaction records, and meeting records for network analysis. These details represent investigative records and leads and are not, by themselves, a determination of guilt.",Punjabi
P0017,Vivaan Kumar,9711252009,21,"Noida, Sector 63",DL09ED8334,Apex Services,XXXXXX2901,No recorded case in synthetic dataset,"FIR No. 1017/2026 records Vivaan Kumar, age 21, as a person associated with the Noida, Sector 63 area. The investigation record lists phone number 9711252009 and vehicle DL09ED8334. Records also mention an association with Apex Services. The recorded case category is No recorded case in synthetic dataset. A masked financial identifier XXXXXX2901 appears in the available records. Investigators are reviewing relevant locations, communications, meetings, and financial activity connected with this person. The available information is being cross-referenced with other FIRs, call records, transaction records, and meeting records for network analysis. These details represent investigative records and leads and are not, by themselves, a determination of guilt.",
P0018,Divya Khanna,9324567293,33,"Gurugram, DLF Phase 2",DL05WW7367,United Suppliers,XXXXXX5839,No recorded case in synthetic dataset,"FIR No. 1018/2026 records Divya Khanna, age 33, as a person associated with the Gurugram, DLF Phase 2 area. The investigation record lists phone number 9324567293 and vehicle DL05WW7367. Records also mention an association with United Suppliers. The recorded case category is No recorded case in synthetic dataset. A masked financial identifier XXXXXX5839 appears in the available records. Investigators are reviewing relevant locations, communications, meetings, and financial activity connected with this person. The available information is being cross-referenced with other FIRs, call records, transaction records, and meeting records for network analysis. These details represent investigative records and leads and are not, by themselves, a determination of guilt.",
P0019,Varun Kumar,9619333823,20,"Delhi, Laxmi Nagar",DL03SJ6189,City Suppliers,XXXXXX2703,No recorded case in synthetic dataset,"FIR No. 1019/2026 records Varun Kumar, age 20, as a person associated with the Delhi, Laxmi Nagar area. The investigation record lists phone number 9619333823 and vehicle DL03SJ6189. Records also mention an association with City Suppliers. The recorded case category is No recorded case in synthetic dataset. A masked financial identifier XXXXXX2703 appears in the available records. Investigators are reviewing relevant locations, communications, meetings, and financial activity connected with this person. The available information is being cross-referenced with other FIRs, call records, transaction records, and meeting records for network analysis. These details represent investigative records and leads and are not, by themselves, a determination of guilt.",
P0020,Sonam Bhardwaj,9758555752,35,"Noida, Sector 27",DL06JD6474,North Trading,XXXXXX4857,Cyber Fraud,"FIR No. 1020/2026 records Sonam Bhardwaj, age 35, as a person associated with the Noida, Sector 27 area. The investigation record lists phone number 9758555752 and vehicle DL06JD6474. Records also mention an association with North Trading. The recorded case category is Cyber Fraud. A masked financial identifier XXXXXX4857 appears in the available records. Investigators are reviewing relevant locations, communications, meetings, and financial activity connected with this person. The available information is being cross-referenced with other FIRs, call records, transaction records, and meeting records for network analysis. These details represent investigative records and leads and are not, by themselves, a determination of guilt.",Hindi
P0021,Riya Verma,9577514543,49,"Faridabad, Sector 37",UP05MN9911,Prime Solutions,XXXXXX9719,No recorded case in synthetic dataset,"FIR No. 1021/2026 records Riya Verma, age 49, as a person associated with the Faridabad, Sector 37 area. The investigation record lists phone number 9577514543 and vehicle UP05MN9911. Records also mention an association with Prime Solutions. The recorded case category is No recorded case in synthetic dataset. A masked financial identifier XXXXXX9719 appears in the available records. Investigators are reviewing relevant locations, communications, meetings, and financial activity connected with this person. The available information is being cross-referenced with other FIRs, call records, transaction records, and meeting records for network analysis. These details represent investigative records and leads and are not, by themselves, a determination of guilt.",
P0022,Karan Mishra,9585990162,24,"Faridabad, Sector 37",DL05AM9799,Royal Logistics,XXXXXX2827,Vehicle Theft,"FIR No. 1022/2026 records Karan Mishra, age 24, as a person associated with the Faridabad, Sector 37 area. The investigation record lists phone number 9585990162 and vehicle DL05AM9799. Records also mention an association with Royal Logistics. The recorded case category is Vehicle Theft. A masked financial identifier XXXXXX2827 appears in the available records. Investigators are reviewing relevant locations, communications, meetings, and financial activity connected with this person. The available information is being cross-referenced with other FIRs, call records, transaction records, and meeting records for network analysis. These details represent investigative records and leads and are not, by themselves, a determination of guilt.",English
P0023,Rohan Pandey,9202189424,32,"Gurugram, Manesar",HR04GL5549,Metro Logistics,XXXXXX6214,No recorded case in synthetic dataset,"FIR No. 1023/2026 records Rohan Pandey, age 32, as a person associated with the Gurugram, Manesar area. The investigation record lists phone number 9202189424 and vehicle HR04GL5549. Records also mention an association with Metro Logistics. The recorded case category is No recorded case in synthetic dataset. A masked financial identifier XXXXXX6214 appears in the available records. Investigators are reviewing relevant locations, communications, meetings, and financial activity connected with this person. The available information is being cross-referenced with other FIRs, call records, transaction records, and meeting records for network analysis. These details represent investigative records and leads and are not, by themselves, a determination of guilt.",
P0024,Nikhil Kumar,9770958211,50,"Noida, Sector 63",DL09BD8231,Sahara Warehousing,XXXXXX1536,No recorded case in synthetic dataset,"FIR No. 1024/2026 records Nikhil Kumar, age 50, as a person associated with the Noida, Sector 63 area. The investigation record lists phone number 9770958211 and vehicle DL09BD8231. Records also mention an association with Sahara Warehousing. The recorded case category is No recorded case in synthetic dataset. A masked financial identifier XXXXXX1536 appears in the available records. Investigators are reviewing relevant locations, communications, meetings, and financial activity connected with this person. The available information is being cross-referenced with other FIRs, call records, transaction records, and meeting records for network analysis. These details represent investigative records and leads and are not, by themselves, a determination of guilt.",
P0025,Aditya Jain,9850775714,23,"Gurugram, DLF Phase 2",HR04SG8276,Shree Suppliers,XXXXXX7676,Theft,"FIR No. 1025/2026 records Aditya Jain, age 23, as a person associated with the Gurugram, DLF Phase 2 area. The investigation record lists phone number 9850775714 and vehicle HR04SG8276. Records also mention an association with Shree Suppliers. The recorded case category is Theft. A masked financial identifier XXXXXX7676 appears in the available records. Investigators are reviewing relevant locations, communications, meetings, and financial activity connected with this person. The available information is being cross-referenced with other FIRs, call records, transaction records, and meeting records for network analysis. These details represent investigative records and leads and are not, by themselves, a determination of guilt.",English
P0026,Harsh Kumar,9886070185,33,"Noida, Sector 16",DL09NR7810,Galaxy Suppliers,XXXXXX8679,Forgery,"FIR No. 1026/2026 records Harsh Kumar, age 33, as a person associated with the Noida, Sector 16 area. The investigation record lists phone number 9886070185 and vehicle DL09NR7810. Records also mention an association with Galaxy Suppliers. The recorded case category is Forgery. A masked financial identifier XXXXXX8679 appears in the available records. Investigators are reviewing relevant locations, communications, meetings, and financial activity connected with this person. The available information is being cross-referenced with other FIRs, call records, transaction records, and meeting records for network analysis. These details represent investigative records and leads and are not, by themselves, a determination of guilt.",Hindi
P0027,Deepak Rawat,9956841358,20,"Delhi, Saket",DL05AL8844,Trinity Logistics,XXXXXX7104,Illegal Arms Possession,"FIR No. 1027/2026 records Deepak Rawat, age 20, as a person associated with the Delhi, Saket area. The investigation record lists phone number 9956841358 and vehicle DL05AL8844. Records also mention an association with Trinity Logistics. The recorded case category is Illegal Arms Possession. A masked financial identifier XXXXXX7104 appears in the available records. Investigators are reviewing relevant locations, communications, meetings, and financial activity connected with this person. The available information is being cross-referenced with other FIRs, call records, transaction records, and meeting records for network analysis. These details represent investigative records and leads and are not, by themselves, a determination of guilt.",Punjabi
P0028,Yash Chauhan,9267194006,24,"Delhi, Mayur Vihar",HR03HM9229,North Enterprises,XXXXXX1230,Extortion,"FIR No. 1028/2026 records Yash Chauhan, age 24, as a person associated with the Delhi, Mayur Vihar area. The investigation record lists phone number 9267194006 and vehicle HR03HM9229. Records also mention an association with North Enterprises. The recorded case category is Extortion. A masked financial identifier XXXXXX1230 appears in the available records. Investigators are reviewing relevant locations, communications, meetings, and financial activity connected with this person. The available information is being cross-referenced with other FIRs, call records, transaction records, and meeting records for network analysis. These details represent investigative records and leads and are not, by themselves, a determination of guilt.",English
P0029,Ankit Arora,9818513240,31,"Gurugram, Sector 29",HR05HH6671,Evergreen Suppliers,XXXXXX8024,No recorded case in synthetic dataset,"FIR No. 1029/2026 records Ankit Arora, age 31, as a person associated with the Gurugram, Sector 29 area. The investigation record lists phone number 9818513240 and vehicle HR05HH6671. Records also mention an association with Evergreen Suppliers. The recorded case category is No recorded case in synthetic dataset. A masked financial identifier XXXXXX8024 appears in the available records. Investigators are reviewing relevant locations, communications, meetings, and financial activity connected with this person. The available information is being cross-referenced with other FIRs, call records, transaction records, and meeting records for network analysis. These details represent investigative records and leads and are not, by themselves, a determination of guilt.",
P0030,Jyoti Saxena,9332223792,50,"Gurugram, Sector 29",DL02EV9383,Shree Warehousing,XXXXXX5832,No recorded case in synthetic dataset,"FIR No. 1030/2026 records Jyoti Saxena, age 50, as a person associated with the Gurugram, Sector 29 area. The investigation record lists phone number 9332223792 and vehicle DL02EV9383. Records also mention an association with Shree Warehousing. The recorded case category is No recorded case in synthetic dataset. A masked financial identifier XXXXXX5832 appears in the available records. Investigators are reviewing relevant locations, communications, meetings, and financial activity connected with this person. The available information is being cross-referenced with other FIRs, call records, transaction records, and meeting records for network analysis. These details represent investigative records and leads and are not, by themselves, a determination of guilt.",
P0031,Priya Tiwari,9588549193,46,"Ghaziabad, Raj Nagar",UP01VA1303,Trinity Warehousing,XXXXXX7638,No recorded case in synthetic dataset,"FIR No. 1031/2026 records Priya Tiwari, age 46, as a person associated with the Ghaziabad, Raj Nagar area. The investigation record lists phone number 9588549193 and vehicle UP01VA1303. Records also mention an association with Trinity Warehousing. The recorded case category is No recorded case in synthetic dataset. A masked financial identifier XXXXXX7638 appears in the available records. Investigators are reviewing relevant locations, communications, meetings, and financial activity connected with this person. The available information is being cross-referenced with other FIRs, call records, transaction records, and meeting records for network analysis. These details represent investigative records and leads and are not, by themselves, a determination of guilt.",
P0032,Sumit Yadav,9248259048,22,"Delhi, Rohini",DL09LD7452,Galaxy Solutions,XXXXXX8362,Extortion,"FIR No. 1032/2026 records Sumit Yadav, age 22, as a person associated with the Delhi, Rohini area. The investigation record lists phone number 9248259048 and vehicle DL09LD7452. Records also mention an association with Galaxy Solutions. The recorded case category is Extortion. A masked financial identifier XXXXXX8362 appears in the available records. Investigators are reviewing relevant locations, communications, meetings, and financial activity connected with this person. The available information is being cross-referenced with other FIRs, call records, transaction records, and meeting records for network analysis. These details represent investigative records and leads and are not, by themselves, a determination of guilt.",Punjabi
P0033,Shreya Jain,9990373114,29,"Greater Noida, Alpha 1",UP01SV8641,Frontier Logistics,XXXXXX7721,Criminal Intimidation,"FIR No. 1033/2026 records Shreya Jain, age 29, as a person associated with the Greater Noida, Alpha 1 area. The investigation record lists phone number 9990373114 and vehicle UP01SV8641. Records also mention an association with Frontier Logistics. The recorded case category is Criminal Intimidation. A masked financial identifier XXXXXX7721 appears in the available records. Investigators are reviewing relevant locations, communications, meetings, and financial activity connected with this person. The available information is being cross-referenced with other FIRs, call records, transaction records, and meeting records for network analysis. These details represent investigative records and leads and are not, by themselves, a determination of guilt.",English
P0034,Neha Jain,9112337024,49,"Delhi, Karol Bagh",UP09WN4767,Crown Trading,XXXXXX4706,No recorded case in synthetic dataset,"FIR No. 1034/2026 records Neha Jain, age 49, as a person associated with the Delhi, Karol Bagh area. The investigation record lists phone number 9112337024 and vehicle UP09WN4767. Records also mention an association with Crown Trading. The recorded case category is No recorded case in synthetic dataset. A masked financial identifier XXXXXX4706 appears in the available records. Investigators are reviewing relevant locations, communications, meetings, and financial activity connected with this person. The available information is being cross-referenced with other FIRs, call records, transaction records, and meeting records for network analysis. These details represent investigative records and leads and are not, by themselves, a determination of guilt.",
P0035,Vikas Tyagi,9708263468,39,"Noida, Greater Noida West",DL08OO5766,Apex Warehousing,XXXXXX5792,Cyber Fraud,"FIR No. 1035/2026 records Vikas Tyagi, age 39, as a person associated with the Noida, Greater Noida West area. The investigation record lists phone number 9708263468 and vehicle DL08OO5766. Records also mention an association with Apex Warehousing. The recorded case category is Cyber Fraud. A masked financial identifier XXXXXX5792 appears in the available records. Investigators are reviewing relevant locations, communications, meetings, and financial activity connected with this person. The available information is being cross-referenced with other FIRs, call records, transaction records, and meeting records for network analysis. These details represent investigative records and leads and are not, by themselves, a determination of guilt.",Punjabi
P0036,Simran Verma,9623937759,32,"Delhi, Rohini",HR08GE4936,Horizon Logistics,XXXXXX7847,No recorded case in synthetic dataset,"FIR No. 1036/2026 records Simran Verma, age 32, as a person associated with the Delhi, Rohini area. The investigation record lists phone number 9623937759 and vehicle HR08GE4936. Records also mention an association with Horizon Logistics. The recorded case category is No recorded case in synthetic dataset. A masked financial identifier XXXXXX7847 appears in the available records. Investigators are reviewing relevant locations, communications, meetings, and financial activity connected with this person. The available information is being cross-referenced with other FIRs, call records, transaction records, and meeting records for network analysis. These details represent investigative records and leads and are not, by themselves, a determination of guilt.",
P0037,Divya Narang,9892747970,55,"Noida, Sector 63",DL02QW2665,Metro Enterprises,XXXXXX6339,Criminal Intimidation,"FIR No. 1037/2026 records Divya Narang, age 55, as a person associated with the Noida, Sector 63 area. The investigation record lists phone number 9892747970 and vehicle DL02QW2665. Records also mention an association with Metro Enterprises. The recorded case category is Criminal Intimidation. A masked financial identifier XXXXXX6339 appears in the available records. Investigators are reviewing relevant locations, communications, meetings, and financial activity connected with this person. The available information is being cross-referenced with other FIRs, call records, transaction records, and meeting records for network analysis. These details represent investigative records and leads and are not, by themselves, a determination of guilt.",English
P0038,Jyoti Tyagi,9463270973,21,"Noida, Sector 62",UP04OT3885,Royal Enterprises,XXXXXX5947,Forgery,"FIR No. 1038/2026 records Jyoti Tyagi, age 21, as a person associated with the Noida, Sector 62 area. The investigation record lists phone number 9463270973 and vehicle UP04OT3885. Records also mention an association with Royal Enterprises. The recorded case category is Forgery. A masked financial identifier XXXXXX5947 appears in the available records. Investigators are reviewing relevant locations, communications, meetings, and financial activity connected with this person. The available information is being cross-referenced with other FIRs, call records, transaction records, and meeting records for network analysis. These details represent investigative records and leads and are not, by themselves, a determination of guilt.",English
P0039,Priya Bhati,9657730003,42,"Noida, Sector 27",UP01SG9678,Royal Solutions,XXXXXX5462,Illegal Arms Possession,"FIR No. 1039/2026 records Priya Bhati, age 42, as a person associated with the Noida, Sector 27 area. The investigation record lists phone number 9657730003 and vehicle UP01SG9678. Records also mention an association with Royal Solutions. The recorded case category is Illegal Arms Possession. A masked financial identifier XXXXXX5462 appears in the available records. Investigators are reviewing relevant locations, communications, meetings, and financial activity connected with this person. The available information is being cross-referenced with other FIRs, call records, transaction records, and meeting records for network analysis. These details represent investigative records and leads and are not, by themselves, a determination of guilt.",English
P0040,Ananya Malik,9947785038,25,"Greater Noida, Alpha 1",HR04KJ5730,Evergreen Suppliers,XXXXXX6138,No recorded case in synthetic dataset,"FIR No. 1040/2026 records Ananya Malik, age 25, as a person associated with the Greater Noida, Alpha 1 area. The investigation record lists phone number 9947785038 and vehicle HR04KJ5730. Records also mention an association with Evergreen Suppliers. The recorded case category is No recorded case in synthetic dataset. A masked financial identifier XXXXXX6138 appears in the available records. Investigators are reviewing relevant locations, communications, meetings, and financial activity connected with this person. The available information is being cross-referenced with other FIRs, call records, transaction records, and meeting records for network analysis. These details represent investigative records and leads and are not, by themselves, a determination of guilt.",
P0041,Arjun Sharma,9231122447,47,"Noida, Sector 16",HR01FC1224,City Transport,XXXXXX6438,No recorded case in synthetic dataset,"FIR No. 1041/2026 records Arjun Sharma, age 47, as a person associated with the Noida, Sector 16 area. The investigation record lists phone number 9231122447 and vehicle HR01FC1224. Records also mention an association with City Transport. The recorded case category is No recorded case in synthetic dataset. A masked financial identifier XXXXXX6438 appears in the available records. Investigators are reviewing relevant locations, communications, meetings, and financial activity connected with this person. The available information is being cross-referenced with other FIRs, call records, transaction records, and meeting records for network analysis. These details represent investigative records and leads and are not, by themselves, a determination of guilt.",
P0042,Jyoti Rawat,9180574646,43,"Noida, Sector 16",DL05SF8131,National Enterprises,XXXXXX8496,No recorded case in synthetic dataset,"FIR No. 1042/2026 records Jyoti Rawat, age 43, as a person associated with the Noida, Sector 16 area. The investigation record lists phone number 9180574646 and vehicle DL05SF8131. Records also mention an association with National Enterprises. The recorded case category is No recorded case in synthetic dataset. A masked financial identifier XXXXXX8496 appears in the available records. Investigators are reviewing relevant locations, communications, meetings, and financial activity connected with this person. The available information is being cross-referenced with other FIRs, call records, transaction records, and meeting records for network analysis. These details represent investigative records and leads and are not, by themselves, a determination of guilt.",
P0043,Vivaan Kumar,9887436928,21,"Gurugram, Sector 14",DL01WA9199,City Warehousing,XXXXXX2414,No recorded case in synthetic dataset,"FIR No. 1043/2026 records Vivaan Kumar, age 21, as a person associated with the Gurugram, Sector 14 area. The investigation record lists phone number 9887436928 and vehicle DL01WA9199. Records also mention an association with City Warehousing. The recorded case category is No recorded case in synthetic dataset. A masked financial identifier XXXXXX2414 appears in the available records. Investigators are reviewing relevant locations, communications, meetings, and financial activity connected with this person. The available information is being cross-referenced with other FIRs, call records, transaction records, and meeting records for network analysis. These details represent investigative records and leads and are not, by themselves, a determination of guilt.",
P0044,Deepak Chaudhary,9794289313,23,"Greater Noida, Knowledge Park",HR06ZX7995,North Services,XXXXXX5524,No recorded case in synthetic dataset,"FIR No. 1044/2026 records Deepak Chaudhary, age 23, as a person associated with the Greater Noida, Knowledge Park area. The investigation record lists phone number 9794289313 and vehicle HR06ZX7995. Records also mention an association with North Services. The recorded case category is No recorded case in synthetic dataset. A masked financial identifier XXXXXX5524 appears in the available records. Investigators are reviewing relevant locations, communications, meetings, and financial activity connected with this person. The available information is being cross-referenced with other FIRs, call records, transaction records, and meeting records for network analysis. These details represent investigative records and leads and are not, by themselves, a determination of guilt.",
P0045,Komal Singh,9710005728,26,"Ghaziabad, Indirapuram",UP07ON4844,Crown Enterprises,XXXXXX3332,Illegal Arms Possession,"FIR No. 1045/2026 records Komal Singh, age 26, as a person associated with the Ghaziabad, Indirapuram area. The investigation record lists phone number 9710005728 and vehicle UP07ON4844. Records also mention an association with Crown Enterprises. The recorded case category is Illegal Arms Possession. A masked financial identifier XXXXXX3332 appears in the available records. Investigators are reviewing relevant locations, communications, meetings, and financial activity connected with this person. The available information is being cross-referenced with other FIRs, call records, transaction records, and meeting records for network analysis. These details represent investigative records and leads and are not, by themselves, a determination of guilt.",Punjabi
P0046,Aditya Mishra,9183651011,32,"Ghaziabad, Raj Nagar",HR07KS8925,Star Warehousing,XXXXXX9290,Robbery,"FIR No. 1046/2026 records Aditya Mishra, age 32, as a person associated with the Ghaziabad, Raj Nagar area. The investigation record lists phone number 9183651011 and vehicle HR07KS8925. Records also mention an association with Star Warehousing. The recorded case category is Robbery. A masked financial identifier XXXXXX9290 appears in the available records. Investigators are reviewing relevant locations, communications, meetings, and financial activity connected with this person. The available information is being cross-referenced with other FIRs, call records, transaction records, and meeting records for network analysis. These details represent investigative records and leads and are not, by themselves, a determination of guilt.",English
P0047,Harsh Bhardwaj,9695796767,37,"Ghaziabad, Raj Nagar",UP04JJ5832,Galaxy Warehousing,XXXXXX7929,No recorded case in synthetic dataset,"FIR No. 1047/2026 records Harsh Bhardwaj, age 37, as a person associated with the Ghaziabad, Raj Nagar area. The investigation record lists phone number 9695796767 and vehicle UP04JJ5832. Records also mention an association with Galaxy Warehousing. The recorded case category is No recorded case in synthetic dataset. A masked financial identifier XXXXXX7929 appears in the available records. Investigators are reviewing relevant locations, communications, meetings, and financial activity connected with this person. The available information is being cross-referenced with other FIRs, call records, transaction records, and meeting records for network analysis. These details represent investigative records and leads and are not, by themselves, a determination of guilt.",
P0048,Rahul Gupta,9402698297,48,"Gurugram, Sector 14",HR08GT7376,Prime Warehousing,XXXXXX3511,No recorded case in synthetic dataset,"FIR No. 1048/2026 records Rahul Gupta, age 48, as a person associated with the Gurugram, Sector 14 area. The investigation record lists phone number 9402698297 and vehicle HR08GT7376. Records also mention an association with Prime Warehousing. The recorded case category is No recorded case in synthetic dataset. A masked financial identifier XXXXXX3511 appears in the available records. Investigators are reviewing relevant locations, communications, meetings, and financial activity connected with this person. The available information is being cross-referenced with other FIRs, call records, transaction records, and meeting records for network analysis. These details represent investigative records and leads and are not, by themselves, a determination of guilt.",
P0049,Mehak Kapoor,9519118171,28,"Gurugram, DLF Phase 2",DL06SR5526,Sahara Enterprises,XXXXXX7690,Fraud,"FIR No. 1049/2026 records Mehak Kapoor, age 28, as a person associated with the Gurugram, DLF Phase 2 area. The investigation record lists phone number 9519118171 and vehicle DL06SR5526. Records also mention an association with Sahara Enterprises. The recorded case category is Fraud. A masked financial identifier XXXXXX7690 appears in the available records. Investigators are reviewing relevant locations, communications, meetings, and financial activity connected with this person. The available information is being cross-referenced with other FIRs, call records, transaction records, and meeting records for network analysis. These details represent investigative records and leads and are not, by themselves, a determination of guilt.",Punjabi
P0050,Aditya Malik,9530261443,33,"Delhi, Okhla",HR01QD3382,National Enterprises,XXXXXX8216,Forgery,"FIR No. 1050/2026 records Aditya Malik, age 33, as a person associated with the Delhi, Okhla area. The investigation record lists phone number 9530261443 and vehicle HR01QD3382. Records also mention an association with National Enterprises. The recorded case category is Forgery. A masked financial identifier XXXXXX8216 appears in the available records. Investigators are reviewing relevant locations, communications, meetings, and financial activity connected with this person. The available information is being cross-referenced with other FIRs, call records, transaction records, and meeting records for network analysis. These details represent investigative records and leads and are not, by themselves, a determination of guilt.",English
P0051,Ravi Chaudhary,9203023330,52,"Gurugram, Sector 29",UP08GO7522,Metro Suppliers,XXXXXX1273,Forgery,"FIR No. 1051/2026 records Ravi Chaudhary, age 52, as a person associated with the Gurugram, Sector 29 area. The investigation record lists phone number 9203023330 and vehicle UP08GO7522. Records also mention an association with Metro Suppliers. The recorded case category is Forgery. A masked financial identifier XXXXXX1273 appears in the available records. Investigators are reviewing relevant locations, communications, meetings, and financial activity connected with this person. The available information is being cross-referenced with other FIRs, call records, transaction records, and meeting records for network analysis. These details represent investigative records and leads and are not, by themselves, a determination of guilt.",English
P0052,Aditya Rawat,9227334918,25,"Delhi, Karol Bagh",UP07LZ2514,North Logistics,XXXXXX3708,No recorded case in synthetic dataset,"FIR No. 1052/2026 records Aditya Rawat, age 25, as a person associated with the Delhi, Karol Bagh area. The investigation record lists phone number 9227334918 and vehicle UP07LZ2514. Records also mention an association with North Logistics. The recorded case category is No recorded case in synthetic dataset. A masked financial identifier XXXXXX3708 appears in the available records. Investigators are reviewing relevant locations, communications, meetings, and financial activity connected with this person. The available information is being cross-referenced with other FIRs, call records, transaction records, and meeting records for network analysis. These details represent investigative records and leads and are not, by themselves, a determination of guilt.",
P0053,Mohit Saxena,9313598529,33,"Delhi, Narela",DL04WY8324,Rapid Enterprises,XXXXXX1301,No recorded case in synthetic dataset,"FIR No. 1053/2026 records Mohit Saxena, age 33, as a person associated with the Delhi, Narela area. The investigation record lists phone number 9313598529 and vehicle DL04WY8324. Records also mention an association with Rapid Enterprises. The recorded case category is No recorded case in synthetic dataset. A masked financial identifier XXXXXX1301 appears in the available records. Investigators are reviewing relevant locations, communications, meetings, and financial activity connected with this person. The available information is being cross-referenced with other FIRs, call records, transaction records, and meeting records for network analysis. These details represent investigative records and leads and are not, by themselves, a determination of guilt.",
P0054,Preeti Rana,9812836282,29,"Delhi, Laxmi Nagar",UP08SG9184,Royal Trading,XXXXXX3270,Robbery,"FIR No. 1054/2026 records Preeti Rana, age 29, as a person associated with the Delhi, Laxmi Nagar area. The investigation record lists phone number 9812836282 and vehicle UP08SG9184. Records also mention an association with Royal Trading. The recorded case category is Robbery. A masked financial identifier XXXXXX3270 appears in the available records. Investigators are reviewing relevant locations, communications, meetings, and financial activity connected with this person. The available information is being cross-referenced with other FIRs, call records, transaction records, and meeting records for network analysis. These details represent investigative records and leads and are not, by themselves, a determination of guilt.",Hindi
P0055,Manish Singh,9556397946,29,"Delhi, Connaught Place",HR09CH4307,Blue Logistics,XXXXXX9168,Vehicle Theft,"FIR No. 1055/2026 records Manish Singh, age 29, as a person associated with the Delhi, Connaught Place area. The investigation record lists phone number 9556397946 and vehicle HR09CH4307. Records also mention an association with Blue Logistics. The recorded case category is Vehicle Theft. A masked financial identifier XXXXXX9168 appears in the available records. Investigators are reviewing relevant locations, communications, meetings, and financial activity connected with this person. The available information is being cross-referenced with other FIRs, call records, transaction records, and meeting records for network analysis. These details represent investigative records and leads and are not, by themselves, a determination of guilt.",English
P0056,Saurabh Verma,9150433626,42,"Greater Noida, Pari Chowk",HR02JZ3994,Capital Warehousing,XXXXXX7793,Criminal Intimidation,"FIR No. 1056/2026 records Saurabh Verma, age 42, as a person associated with the Greater Noida, Pari Chowk area. The investigation record lists phone number 9150433626 and vehicle HR02JZ3994. Records also mention an association with Capital Warehousing. The recorded case category is Criminal Intimidation. A masked financial identifier XXXXXX7793 appears in the available records. Investigators are reviewing relevant locations, communications, meetings, and financial activity connected with this person. The available information is being cross-referenced with other FIRs, call records, transaction records, and meeting records for network analysis. These details represent investigative records and leads and are not, by themselves, a determination of guilt.",English
P0057,Sonam Saini,9885980970,41,"Ghaziabad, Crossings Republik",UP08JC3572,National Services,XXXXXX4661,Narcotics-related offence,"FIR No. 1057/2026 records Sonam Saini, age 41, as a person associated with the Ghaziabad, Crossings Republik area. The investigation record lists phone number 9885980970 and vehicle UP08JC3572. Records also mention an association with National Services. The recorded case category is Narcotics-related offence. A masked financial identifier XXXXXX4661 appears in the available records. Investigators are reviewing relevant locations, communications, meetings, and financial activity connected with this person. The available information is being cross-referenced with other FIRs, call records, transaction records, and meeting records for network analysis. These details represent investigative records and leads and are not, by themselves, a determination of guilt.",English
P0058,Mohit Arora,9573951299,23,"Noida, Sector 62",HR03EW3163,Capital Solutions,XXXXXX4188,No recorded case in synthetic dataset,"FIR No. 1058/2026 records Mohit Arora, age 23, as a person associated with the Noida, Sector 62 area. The investigation record lists phone number 9573951299 and vehicle HR03EW3163. Records also mention an association with Capital Solutions. The recorded case category is No recorded case in synthetic dataset. A masked financial identifier XXXXXX4188 appears in the available records. Investigators are reviewing relevant locations, communications, meetings, and financial activity connected with this person. The available information is being cross-referenced with other FIRs, call records, transaction records, and meeting records for network analysis. These details represent investigative records and leads and are not, by themselves, a determination of guilt.",
P0059,Sumit Ahuja,9481730705,50,"Delhi, Karol Bagh",DL02OM8992,Blue Enterprises,XXXXXX7668,Fraud,"FIR No. 1059/2026 records Sumit Ahuja, age 50, as a person associated with the Delhi, Karol Bagh area. The investigation record lists phone number 9481730705 and vehicle DL02OM8992. Records also mention an association with Blue Enterprises. The recorded case category is Fraud. A masked financial identifier XXXXXX7668 appears in the available records. Investigators are reviewing relevant locations, communications, meetings, and financial activity connected with this person. The available information is being cross-referenced with other FIRs, call records, transaction records, and meeting records for network analysis. These details represent investigative records and leads and are not, by themselves, a determination of guilt.",English
P0060,Riya Gupta,9303642998,36,"Faridabad, NIT",DL04WM2361,Horizon Trading,XXXXXX9634,No recorded case in synthetic dataset,"FIR No. 1060/2026 records Riya Gupta, age 36, as a person associated with the Faridabad, NIT area. The investigation record lists phone number 9303642998 and vehicle DL04WM2361. Records also mention an association with Horizon Trading. The recorded case category is No recorded case in synthetic dataset. A masked financial identifier XXXXXX9634 appears in the available records. Investigators are reviewing relevant locations, communications, meetings, and financial activity connected with this person. The available information is being cross-referenced with other FIRs, call records, transaction records, and meeting records for network analysis. These details represent investigative records and leads and are not, by themselves, a determination of guilt.",
P0061,Varun Jain,9490754546,35,"Noida, Sector 15",UP02TI8049,Shree Services,XXXXXX9534,Extortion,"FIR No. 1061/2026 records Varun Jain, age 35, as a person associated with the Noida, Sector 15 area. The investigation record lists phone number 9490754546 and vehicle UP02TI8049. Records also mention an association with Shree Services. The recorded case category is Extortion. A masked financial identifier XXXXXX9534 appears in the available records. Investigators are reviewing relevant locations, communications, meetings, and financial activity connected with this person. The available information is being cross-referenced with other FIRs, call records, transaction records, and meeting records for network analysis. These details represent investigative records and leads and are not, by themselves, a determination of guilt.",English
P0062,Sumit Rana,9704714322,34,"Gurugram, Sector 18",HR06WV9423,Frontier Warehousing,XXXXXX6284,Theft,"FIR No. 1062/2026 records Sumit Rana, age 34, as a person associated with the Gurugram, Sector 18 area. The investigation record lists phone number 9704714322 and vehicle HR06WV9423. Records also mention an association with Frontier Warehousing. The recorded case category is Theft. A masked financial identifier XXXXXX6284 appears in the available records. Investigators are reviewing relevant locations, communications, meetings, and financial activity connected with this person. The available information is being cross-referenced with other FIRs, call records, transaction records, and meeting records for network analysis. These details represent investigative records and leads and are not, by themselves, a determination of guilt.",Punjabi
P0063,Deepak Bhardwaj,9546052907,51,"Noida, Sector 27",DL09SV1421,Metro Solutions,XXXXXX5001,Criminal Intimidation,"FIR No. 1063/2026 records Deepak Bhardwaj, age 51, as a person associated with the Noida, Sector 27 area. The investigation record lists phone number 9546052907 and vehicle DL09SV1421. Records also mention an association with Metro Solutions. The recorded case category is Criminal Intimidation. A masked financial identifier XXXXXX5001 appears in the available records. Investigators are reviewing relevant locations, communications, meetings, and financial activity connected with this person. The available information is being cross-referenced with other FIRs, call records, transaction records, and meeting records for network analysis. These details represent investigative records and leads and are not, by themselves, a determination of guilt.",Hindi
P0064,Shreya Verma,9598274979,37,"Gurugram, Manesar",HR07XS3465,Blue Services,XXXXXX3441,Vehicle Theft,"FIR No. 1064/2026 records Shreya Verma, age 37, as a person associated with the Gurugram, Manesar area. The investigation record lists phone number 9598274979 and vehicle HR07XS3465. Records also mention an association with Blue Services. The recorded case category is Vehicle Theft. A masked financial identifier XXXXXX3441 appears in the available records. Investigators are reviewing relevant locations, communications, meetings, and financial activity connected with this person. The available information is being cross-referenced with other FIRs, call records, transaction records, and meeting records for network analysis. These details represent investigative records and leads and are not, by themselves, a determination of guilt.",English
P0065,Muskan Bhati,9770994275,57,"Delhi, Mayur Vihar",DL05NI6171,Evergreen Transport,XXXXXX3295,Extortion,"FIR No. 1065/2026 records Muskan Bhati, age 57, as a person associated with the Delhi, Mayur Vihar area. The investigation record lists phone number 9770994275 and vehicle DL05NI6171. Records also mention an association with Evergreen Transport. The recorded case category is Extortion. A masked financial identifier XXXXXX3295 appears in the available records. Investigators are reviewing relevant locations, communications, meetings, and financial activity connected with this person. The available information is being cross-referenced with other FIRs, call records, transaction records, and meeting records for network analysis. These details represent investigative records and leads and are not, by themselves, a determination of guilt.",English
P0066,Mehak Ahuja,9542544005,39,"Noida, Sector 16",HR06RY5245,Crown Solutions,XXXXXX8734,Forgery,"FIR No. 1066/2026 records Mehak Ahuja, age 39, as a person associated with the Noida, Sector 16 area. The investigation record lists phone number 9542544005 and vehicle HR06RY5245. Records also mention an association with Crown Solutions. The recorded case category is Forgery. A masked financial identifier XXXXXX8734 appears in the available records. Investigators are reviewing relevant locations, communications, meetings, and financial activity connected with this person. The available information is being cross-referenced with other FIRs, call records, transaction records, and meeting records for network analysis. These details represent investigative records and leads and are not, by themselves, a determination of guilt.",English
P0067,Yash Jain,9811632672,29,"Ghaziabad, Crossings Republik",HR07JH1568,City Solutions,XXXXXX6470,Forgery,"FIR No. 1067/2026 records Yash Jain, age 29, as a person associated with the Ghaziabad, Crossings Republik area. The investigation record lists phone number 9811632672 and vehicle HR07JH1568. Records also mention an association with City Solutions. The recorded case category is Forgery. A masked financial identifier XXXXXX6470 appears in the available records. Investigators are reviewing relevant locations, communications, meetings, and financial activity connected with this person. The available information is being cross-referenced with other FIRs, call records, transaction records, and meeting records for network analysis. These details represent investigative records and leads and are not, by themselves, a determination of guilt.",Hindi
P0068,Amit Dahiya,9704558651,21,"Greater Noida, Knowledge Park",HR08UJ6618,Trinity Trading,XXXXXX7186,Cyber Fraud,"FIR No. 1068/2026 records Amit Dahiya, age 21, as a person associated with the Greater Noida, Knowledge Park area. The investigation record lists phone number 9704558651 and vehicle HR08UJ6618. Records also mention an association with Trinity Trading. The recorded case category is Cyber Fraud. A masked financial identifier XXXXXX7186 appears in the available records. Investigators are reviewing relevant locations, communications, meetings, and financial activity connected with this person. The available information is being cross-referenced with other FIRs, call records, transaction records, and meeting records for network analysis. These details represent investigative records and leads and are not, by themselves, a determination of guilt.",English
P0069,Nikhil Rawat,9927617861,41,"Delhi, Narela",HR04FN2787,Star Warehousing,XXXXXX7877,No recorded case in synthetic dataset,"FIR No. 1069/2026 records Nikhil Rawat, age 41, as a person associated with the Delhi, Narela area. The investigation record lists phone number 9927617861 and vehicle HR04FN2787. Records also mention an association with Star Warehousing. The recorded case category is No recorded case in synthetic dataset. A masked financial identifier XXXXXX7877 appears in the available records. Investigators are reviewing relevant locations, communications, meetings, and financial activity connected with this person. The available information is being cross-referenced with other FIRs, call records, transaction records, and meeting records for network analysis. These details represent investigative records and leads and are not, by themselves, a determination of guilt.",
P0070,Harsh Mishra,9121480363,21,"Gurugram, Manesar",DL03LN2834,North Logistics,XXXXXX6040,No recorded case in synthetic dataset,"FIR No. 1070/2026 records Harsh Mishra, age 21, as a person associated with the Gurugram, Manesar area. The investigation record lists phone number 9121480363 and vehicle DL03LN2834. Records also mention an association with North Logistics. The recorded case category is No recorded case in synthetic dataset. A masked financial identifier XXXXXX6040 appears in the available records. Investigators are reviewing relevant locations, communications, meetings, and financial activity connected with this person. The available information is being cross-referenced with other FIRs, call records, transaction records, and meeting records for network analysis. These details represent investigative records and leads and are not, by themselves, a determination of guilt.",
P0071,Shreya Bhati,9407940368,25,"Delhi, Okhla",DL04NQ3717,Galaxy Logistics,XXXXXX5157,Vehicle Theft,"FIR No. 1071/2026 records Shreya Bhati, age 25, as a person associated with the Delhi, Okhla area. The investigation record lists phone number 9407940368 and vehicle DL04NQ3717. Records also mention an association with Galaxy Logistics. The recorded case category is Vehicle Theft. A masked financial identifier XXXXXX5157 appears in the available records. Investigators are reviewing relevant locations, communications, meetings, and financial activity connected with this person. The available information is being cross-referenced with other FIRs, call records, transaction records, and meeting records for network analysis. These details represent investigative records and leads and are not, by themselves, a determination of guilt.",Hindi
P0072,Aditya Bhardwaj,9943603889,56,"Faridabad, Sector 37",DL01TR2119,Galaxy Trading,XXXXXX1339,Theft,"FIR No. 1072/2026 records Aditya Bhardwaj, age 56, as a person associated with the Faridabad, Sector 37 area. The investigation record lists phone number 9943603889 and vehicle DL01TR2119. Records also mention an association with Galaxy Trading. The recorded case category is Theft. A masked financial identifier XXXXXX1339 appears in the available records. Investigators are reviewing relevant locations, communications, meetings, and financial activity connected with this person. The available information is being cross-referenced with other FIRs, call records, transaction records, and meeting records for network analysis. These details represent investigative records and leads and are not, by themselves, a determination of guilt.",Punjabi
P0073,Tanya Arora,9713643019,24,"Noida, Sector 16",UP05VK6784,Horizon Transport,XXXXXX9611,No recorded case in synthetic dataset,"FIR No. 1073/2026 records Tanya Arora, age 24, as a person associated with the Noida, Sector 16 area. The investigation record lists phone number 9713643019 and vehicle UP05VK6784. Records also mention an association with Horizon Transport. The recorded case category is No recorded case in synthetic dataset. A masked financial identifier XXXXXX9611 appears in the available records. Investigators are reviewing relevant locations, communications, meetings, and financial activity connected with this person. The available information is being cross-referenced with other FIRs, call records, transaction records, and meeting records for network analysis. These details represent investigative records and leads and are not, by themselves, a determination of guilt.",
P0074,Rohan Malik,9329167395,33,"Noida, Sector 18",HR01RO5327,Rapid Transport,XXXXXX9090,Criminal Intimidation,"FIR No. 1074/2026 records Rohan Malik, age 33, as a person associated with the Noida, Sector 18 area. The investigation record lists phone number 9329167395 and vehicle HR01RO5327. Records also mention an association with Rapid Transport. The recorded case category is Criminal Intimidation. A masked financial identifier XXXXXX9090 appears in the available records. Investigators are reviewing relevant locations, communications, meetings, and financial activity connected with this person. The available information is being cross-referenced with other FIRs, call records, transaction records, and meeting records for network analysis. These details represent investigative records and leads and are not, by themselves, a determination of guilt.",English
P0075,Ankit Kapoor,9320213782,51,"Gurugram, Sohna Road",HR03BM5885,Frontier Trading,XXXXXX6818,Fraud,"FIR No. 1075/2026 records Ankit Kapoor, age 51, as a person associated with the Gurugram, Sohna Road area. The investigation record lists phone number 9320213782 and vehicle HR03BM5885. Records also mention an association with Frontier Trading. The recorded case category is Fraud. A masked financial identifier XXXXXX6818 appears in the available records. Investigators are reviewing relevant locations, communications, meetings, and financial activity connected with this person. The available information is being cross-referenced with other FIRs, call records, transaction records, and meeting records for network analysis. These details represent investigative records and leads and are not, by themselves, a determination of guilt.",Hindi
P0076,Yash Rawat,9734021897,58,"Ghaziabad, Raj Nagar",HR03VO5892,Sahara Services,XXXXXX7717,No recorded case in synthetic dataset,"FIR No. 1076/2026 records Yash Rawat, age 58, as a person associated with the Ghaziabad, Raj Nagar area. The investigation record lists phone number 9734021897 and vehicle HR03VO5892. Records also mention an association with Sahara Services. The recorded case category is No recorded case in synthetic dataset. A masked financial identifier XXXXXX7717 appears in the available records. Investigators are reviewing relevant locations, communications, meetings, and financial activity connected with this person. The available information is being cross-referenced with other FIRs, call records, transaction records, and meeting records for network analysis. These details represent investigative records and leads and are not, by themselves, a determination of guilt.",
P0077,Sumit Rawat,9920528538,19,"Gurugram, Sector 29",HR02MD6225,North Logistics,XXXXXX3954,Fraud,"FIR No. 1077/2026 records Sumit Rawat, age 19, as a person associated with the Gurugram, Sector 29 area. The investigation record lists phone number 9920528538 and vehicle HR02MD6225. Records also mention an association with North Logistics. The recorded case category is Fraud. A masked financial identifier XXXXXX3954 appears in the available records. Investigators are reviewing relevant locations, communications, meetings, and financial activity connected with this person. The available information is being cross-referenced with other FIRs, call records, transaction records, and meeting records for network analysis. These details represent investigative records and leads and are not, by themselves, a determination of guilt.",English
P0078,Komal Dahiya,9625977069,44,"Faridabad, Sector 37",HR01ZD3643,Trinity Logistics,XXXXXX7331,No recorded case in synthetic dataset,"FIR No. 1078/2026 records Komal Dahiya, age 44, as a person associated with the Faridabad, Sector 37 area. The investigation record lists phone number 9625977069 and vehicle HR01ZD3643. Records also mention an association with Trinity Logistics. The recorded case category is No recorded case in synthetic dataset. A masked financial identifier XXXXXX7331 appears in the available records. Investigators are reviewing relevant locations, communications, meetings, and financial activity connected with this person. The available information is being cross-referenced with other FIRs, call records, transaction records, and meeting records for network analysis. These details represent investigative records and leads and are not, by themselves, a determination of guilt.",
P0079,Mehak Meena,9516550783,29,"Ghaziabad, Crossings Republik",DL02UX1402,United Suppliers,XXXXXX3279,Fraud,"FIR No. 1079/2026 records Mehak Meena, age 29, as a person associated with the Ghaziabad, Crossings Republik area. The investigation record lists phone number 9516550783 and vehicle DL02UX1402. Records also mention an association with United Suppliers. The recorded case category is Fraud. A masked financial identifier XXXXXX3279 appears in the available records. Investigators are reviewing relevant locations, communications, meetings, and financial activity connected with this person. The available information is being cross-referenced with other FIRs, call records, transaction records, and meeting records for network analysis. These details represent investigative records and leads and are not, by themselves, a determination of guilt.",Hindi
P0080,Sonam Bansal,9428257068,27,"Faridabad, Sector 15",DL06ZK9955,Rapid Suppliers,XXXXXX6787,No recorded case in synthetic dataset,"FIR No. 1080/2026 records Sonam Bansal, age 27, as a person associated with the Faridabad, Sector 15 area. The investigation record lists phone number 9428257068 and vehicle DL06ZK9955. Records also mention an association with Rapid Suppliers. The recorded case category is No recorded case in synthetic dataset. A masked financial identifier XXXXXX6787 appears in the available records. Investigators are reviewing relevant locations, communications, meetings, and financial activity connected with this person. The available information is being cross-referenced with other FIRs, call records, transaction records, and meeting records for network analysis. These details represent investigative records and leads and are not, by themselves, a determination of guilt.",
P0081,Muskan Kumar,9919505124,41,"Delhi, Mayur Vihar",DL09OA7808,Royal Enterprises,XXXXXX4559,Illegal Arms Possession,"FIR No. 1081/2026 records Muskan Kumar, age 41, as a person associated with the Delhi, Mayur Vihar area. The investigation record lists phone number 9919505124 and vehicle DL09OA7808. Records also mention an association with Royal Enterprises. The recorded case category is Illegal Arms Possession. A masked financial identifier XXXXXX4559 appears in the available records. Investigators are reviewing relevant locations, communications, meetings, and financial activity connected with this person. The available information is being cross-referenced with other FIRs, call records, transaction records, and meeting records for network analysis. These details represent investigative records and leads and are not, by themselves, a determination of guilt.",English
P0082,Sonam Singh,9642427816,46,"Noida, Greater Noida West",DL07OP8962,Evergreen Trading,XXXXXX3553,Cyber Fraud,"FIR No. 1082/2026 records Sonam Singh, age 46, as a person associated with the Noida, Greater Noida West area. The investigation record lists phone number 9642427816 and vehicle DL07OP8962. Records also mention an association with Evergreen Trading. The recorded case category is Cyber Fraud. A masked financial identifier XXXXXX3553 appears in the available records. Investigators are reviewing relevant locations, communications, meetings, and financial activity connected with this person. The available information is being cross-referenced with other FIRs, call records, transaction records, and meeting records for network analysis. These details represent investigative records and leads and are not, by themselves, a determination of guilt.",Punjabi
P0083,Rohan Arora,9549534154,39,"Gurugram, Manesar",DL05HS4325,Capital Transport,XXXXXX7736,Forgery,"FIR No. 1083/2026 records Rohan Arora, age 39, as a person associated with the Gurugram, Manesar area. The investigation record lists phone number 9549534154 and vehicle DL05HS4325. Records also mention an association with Capital Transport. The recorded case category is Forgery. A masked financial identifier XXXXXX7736 appears in the available records. Investigators are reviewing relevant locations, communications, meetings, and financial activity connected with this person. The available information is being cross-referenced with other FIRs, call records, transaction records, and meeting records for network analysis. These details represent investigative records and leads and are not, by themselves, a determination of guilt.",Hindi
P0084,Divya Tyagi,9897005944,21,"Delhi, Okhla",UP06LV5727,Frontier Transport,XXXXXX2417,No recorded case in synthetic dataset,"FIR No. 1084/2026 records Divya Tyagi, age 21, as a person associated with the Delhi, Okhla area. The investigation record lists phone number 9897005944 and vehicle UP06LV5727. Records also mention an association with Frontier Transport. The recorded case category is No recorded case in synthetic dataset. A masked financial identifier XXXXXX2417 appears in the available records. Investigators are reviewing relevant locations, communications, meetings, and financial activity connected with this person. The available information is being cross-referenced with other FIRs, call records, transaction records, and meeting records for network analysis. These details represent investigative records and leads and are not, by themselves, a determination of guilt.",
P0085,Saurabh Malik,9679044364,48,"Ghaziabad, Raj Nagar",UP05NP1770,Capital Services,XXXXXX8184,Cyber Fraud,"FIR No. 1085/2026 records Saurabh Malik, age 48, as a person associated with the Ghaziabad, Raj Nagar area. The investigation record lists phone number 9679044364 and vehicle UP05NP1770. Records also mention an association with Capital Services. The recorded case category is Cyber Fraud. A masked financial identifier XXXXXX8184 appears in the available records. Investigators are reviewing relevant locations, communications, meetings, and financial activity connected with this person. The available information is being cross-referenced with other FIRs, call records, transaction records, and meeting records for network analysis. These details represent investigative records and leads and are not, by themselves, a determination of guilt.",Punjabi
P0086,Nikhil Aggarwal,9997349099,19,"Gurugram, Sohna Road",UP04GJ9798,Horizon Logistics,XXXXXX8178,Narcotics-related offence,"FIR No. 1086/2026 records Nikhil Aggarwal, age 19, as a person associated with the Gurugram, Sohna Road area. The investigation record lists phone number 9997349099 and vehicle UP04GJ9798. Records also mention an association with Horizon Logistics. The recorded case category is Narcotics-related offence. A masked financial identifier XXXXXX8178 appears in the available records. Investigators are reviewing relevant locations, communications, meetings, and financial activity connected with this person. The available information is being cross-referenced with other FIRs, call records, transaction records, and meeting records for network analysis. These details represent investigative records and leads and are not, by themselves, a determination of guilt.",Hindi
P0087,Neha Kapoor,9625534556,22,"Gurugram, Sector 14",UP07LE8692,Blue Solutions,XXXXXX6768,No recorded case in synthetic dataset,"FIR No. 1087/2026 records Neha Kapoor, age 22, as a person associated with the Gurugram, Sector 14 area. The investigation record lists phone number 9625534556 and vehicle UP07LE8692. Records also mention an association with Blue Solutions. The recorded case category is No recorded case in synthetic dataset. A masked financial identifier XXXXXX6768 appears in the available records. Investigators are reviewing relevant locations, communications, meetings, and financial activity connected with this person. The available information is being cross-referenced with other FIRs, call records, transaction records, and meeting records for network analysis. These details represent investigative records and leads and are not, by themselves, a determination of guilt.",
P0088,Pooja Khanna,9541275669,48,"Delhi, Karol Bagh",HR01CF4004,Galaxy Suppliers,XXXXXX3366,Illegal Arms Possession,"FIR No. 1088/2026 records Pooja Khanna, age 48, as a person associated with the Delhi, Karol Bagh area. The investigation record lists phone number 9541275669 and vehicle HR01CF4004. Records also mention an association with Galaxy Suppliers. The recorded case category is Illegal Arms Possession. A masked financial identifier XXXXXX3366 appears in the available records. Investigators are reviewing relevant locations, communications, meetings, and financial activity connected with this person. The available information is being cross-referenced with other FIRs, call records, transaction records, and meeting records for network analysis. These details represent investigative records and leads and are not, by themselves, a determination of guilt.",English
P0089,Saurabh Bansal,9250615278,28,"Noida, Sector 62",UP05OE3127,Crown Warehousing,XXXXXX7807,Criminal Intimidation,"FIR No. 1089/2026 records Saurabh Bansal, age 28, as a person associated with the Noida, Sector 62 area. The investigation record lists phone number 9250615278 and vehicle UP05OE3127. Records also mention an association with Crown Warehousing. The recorded case category is Criminal Intimidation. A masked financial identifier XXXXXX7807 appears in the available records. Investigators are reviewing relevant locations, communications, meetings, and financial activity connected with this person. The available information is being cross-referenced with other FIRs, call records, transaction records, and meeting records for network analysis. These details represent investigative records and leads and are not, by themselves, a determination of guilt.",Hindi
P0090,Vivaan Kumar,9526819125,19,"Gurugram, DLF Phase 2",HR04IE3677,Crown Enterprises,XXXXXX6273,Fraud,"FIR No. 1090/2026 records Vivaan Kumar, age 19, as a person associated with the Gurugram, DLF Phase 2 area. The investigation record lists phone number 9526819125 and vehicle HR04IE3677. Records also mention an association with Crown Enterprises. The recorded case category is Fraud. A masked financial identifier XXXXXX6273 appears in the available records. Investigators are reviewing relevant locations, communications, meetings, and financial activity connected with this person. The available information is being cross-referenced with other FIRs, call records, transaction records, and meeting records for network analysis. These details represent investigative records and leads and are not, by themselves, a determination of guilt.",English
P0091,Naina Singh,9542331206,38,"Delhi, Narela",UP04BI2399,Blue Suppliers,XXXXXX3068,No recorded case in synthetic dataset,"FIR No. 1091/2026 records Naina Singh, age 38, as a person associated with the Delhi, Narela area. The investigation record lists phone number 9542331206 and vehicle UP04BI2399. Records also mention an association with Blue Suppliers. The recorded case category is No recorded case in synthetic dataset. A masked financial identifier XXXXXX3068 appears in the available records. Investigators are reviewing relevant locations, communications, meetings, and financial activity connected with this person. The available information is being cross-referenced with other FIRs, call records, transaction records, and meeting records for network analysis. These details represent investigative records and leads and are not, by themselves, a determination of guilt.",
P0092,Komal Tyagi,9982483738,31,"Ghaziabad, Vaishali",DL08JJ5081,Metro Logistics,XXXXXX3323,Criminal Intimidation,"FIR No. 1092/2026 records Komal Tyagi, age 31, as a person associated with the Ghaziabad, Vaishali area. The investigation record lists phone number 9982483738 and vehicle DL08JJ5081. Records also mention an association with Metro Logistics. The recorded case category is Criminal Intimidation. A masked financial identifier XXXXXX3323 appears in the available records. Investigators are reviewing relevant locations, communications, meetings, and financial activity connected with this person. The available information is being cross-referenced with other FIRs, call records, transaction records, and meeting records for network analysis. These details represent investigative records and leads and are not, by themselves, a determination of guilt.",English
P0093,Kavya Sharma,9667696002,22,"Gurugram, Sector 14",DL02AJ3479,City Transport,XXXXXX9712,Robbery,"FIR No. 1093/2026 records Kavya Sharma, age 22, as a person associated with the Gurugram, Sector 14 area. The investigation record lists phone number 9667696002 and vehicle DL02AJ3479. Records also mention an association with City Transport. The recorded case category is Robbery. A masked financial identifier XXXXXX9712 appears in the available records. Investigators are reviewing relevant locations, communications, meetings, and financial activity connected with this person. The available information is being cross-referenced with other FIRs, call records, transaction records, and meeting records for network analysis. These details represent investigative records and leads and are not, by themselves, a determination of guilt.",English
P0094,Karan Kapoor,9964984027,25,"Delhi, Shahdara",HR09PY5367,City Enterprises,XXXXXX5248,Forgery,"FIR No. 1094/2026 records Karan Kapoor, age 25, as a person associated with the Delhi, Shahdara area. The investigation record lists phone number 9964984027 and vehicle HR09PY5367. Records also mention an association with City Enterprises. The recorded case category is Forgery. A masked financial identifier XXXXXX5248 appears in the available records. Investigators are reviewing relevant locations, communications, meetings, and financial activity connected with this person. The available information is being cross-referenced with other FIRs, call records, transaction records, and meeting records for network analysis. These details represent investigative records and leads and are not, by themselves, a determination of guilt.",Hindi
P0095,Ankit Bhardwaj,9220208994,57,"Delhi, Pitampura",HR05HB8776,National Suppliers,XXXXXX1257,Illegal Arms Possession,"FIR No. 1095/2026 records Ankit Bhardwaj, age 57, as a person associated with the Delhi, Pitampura area. The investigation record lists phone number 9220208994 and vehicle HR05HB8776. Records also mention an association with National Suppliers. The recorded case category is Illegal Arms Possession. A masked financial identifier XXXXXX1257 appears in the available records. Investigators are reviewing relevant locations, communications, meetings, and financial activity connected with this person. The available information is being cross-referenced with other FIRs, call records, transaction records, and meeting records for network analysis. These details represent investigative records and leads and are not, by themselves, a determination of guilt.",Punjabi
P0096,Preeti Sharma,9196681849,40,"Noida, Greater Noida West",HR06EN4481,City Enterprises,XXXXXX7067,No recorded case in synthetic dataset,"FIR No. 1096/2026 records Preeti Sharma, age 40, as a person associated with the Noida, Greater Noida West area. The investigation record lists phone number 9196681849 and vehicle HR06EN4481. Records also mention an association with City Enterprises. The recorded case category is No recorded case in synthetic dataset. A masked financial identifier XXXXXX7067 appears in the available records. Investigators are reviewing relevant locations, communications, meetings, and financial activity connected with this person. The available information is being cross-referenced with other FIRs, call records, transaction records, and meeting records for network analysis. These details represent investigative records and leads and are not, by themselves, a determination of guilt.",
P0097,Aditi Jain,9288786395,26,"Delhi, Pitampura",UP03JO2941,Horizon Services,XXXXXX8603,No recorded case in synthetic dataset,"FIR No. 1097/2026 records Aditi Jain, age 26, as a person associated with the Delhi, Pitampura area. The investigation record lists phone number 9288786395 and vehicle UP03JO2941. Records also mention an association with Horizon Services. The recorded case category is No recorded case in synthetic dataset. A masked financial identifier XXXXXX8603 appears in the available records. Investigators are reviewing relevant locations, communications, meetings, and financial activity connected with this person. The available information is being cross-referenced with other FIRs, call records, transaction records, and meeting records for network analysis. These details represent investigative records and leads and are not, by themselves, a determination of guilt.",
P0098,Jyoti Bhati,9939475932,26,"Noida, Sector 18",UP08YJ6559,Prime Enterprises,XXXXXX6748,Vehicle Theft,"FIR No. 1098/2026 records Jyoti Bhati, age 26, as a person associated with the Noida, Sector 18 area. The investigation record lists phone number 9939475932 and vehicle UP08YJ6559. Records also mention an association with Prime Enterprises. The recorded case category is Vehicle Theft. A masked financial identifier XXXXXX6748 appears in the available records. Investigators are reviewing relevant locations, communications, meetings, and financial activity connected with this person. The available information is being cross-referenced with other FIRs, call records, transaction records, and meeting records for network analysis. These details represent investigative records and leads and are not, by themselves, a determination of guilt.",English
P0099,Ravi Rana,9674710327,42,"Gurugram, DLF Phase 3",HR05GY9992,City Trading,XXXXXX1597,No recorded case in synthetic dataset,"FIR No. 1099/2026 records Ravi Rana, age 42, as a person associated with the Gurugram, DLF Phase 3 area. The investigation record lists phone number 9674710327 and vehicle HR05GY9992. Records also mention an association with City Trading. The recorded case category is No recorded case in synthetic dataset. A masked financial identifier XXXXXX1597 appears in the available records. Investigators are reviewing relevant locations, communications, meetings, and financial activity connected with this person. The available information is being cross-referenced with other FIRs, call records, transaction records, and meeting records for network analysis. These details represent investigative records and leads and are not, by themselves, a determination of guilt.",
P0100,Amit Saini,9651192826,44,"Delhi, Laxmi Nagar",DL07SQ3241,Metro Enterprises,XXXXXX2068,Cyber Fraud,"FIR No. 1100/2026 records Amit Saini, age 44, as a person associated with the Delhi, Laxmi Nagar area. The investigation record lists phone number 9651192826 and vehicle DL07SQ3241. Records also mention an association with Metro Enterprises. The recorded case category is Cyber Fraud. A masked financial identifier XXXXXX2068 appears in the available records. Investigators are reviewing relevant locations, communications, meetings, and financial activity connected with this person. The available information is being cross-referenced with other FIRs, call records, transaction records, and meeting records for network analysis. These details represent investigative records and leads and are not, by themselves, a determination of guilt.",English
P0101,Aarav Goyal,9780810278,40,"Delhi, Najafgarh",DL02JE6932,National Suppliers,XXXXXX5018,No recorded case in synthetic dataset,"FIR No. 1101/2026 records Aarav Goyal, age 40, as a person associated with the Delhi, Najafgarh area. The investigation record lists phone number 9780810278 and vehicle DL02JE6932. Records also mention an association with National Suppliers. The recorded case category is No recorded case in synthetic dataset. A masked financial identifier XXXXXX5018 appears in the available records. Investigators are reviewing relevant locations, communications, meetings, and financial activity connected with this person. The available information is being cross-referenced with other FIRs, call records, transaction records, and meeting records for network analysis. These details represent investigative records and leads and are not, by themselves, a determination of guilt.",
P0102,Deepak Singh,9207567434,29,"Greater Noida, Knowledge Park",DL08ZF3603,Apex Services,XXXXXX5938,No recorded case in synthetic dataset,"FIR No. 1102/2026 records Deepak Singh, age 29, as a person associated with the Greater Noida, Knowledge Park area. The investigation record lists phone number 9207567434 and vehicle DL08ZF3603. Records also mention an association with Apex Services. The recorded case category is No recorded case in synthetic dataset. A masked financial identifier XXXXXX5938 appears in the available records. Investigators are reviewing relevant locations, communications, meetings, and financial activity connected with this person. The available information is being cross-referenced with other FIRs, call records, transaction records, and meeting records for network analysis. These details represent investigative records and leads and are not, by themselves, a determination of guilt.",
P0103,Ankit Goyal,9575800455,58,"Faridabad, Sector 15",DL04KU4422,Evergreen Trading,XXXXXX3335,Illegal Arms Possession,"FIR No. 1103/2026 records Ankit Goyal, age 58, as a person associated with the Faridabad, Sector 15 area. The investigation record lists phone number 9575800455 and vehicle DL04KU4422. Records also mention an association with Evergreen Trading. The recorded case category is Illegal Arms Possession. A masked financial identifier XXXXXX3335 appears in the available records. Investigators are reviewing relevant locations, communications, meetings, and financial activity connected with this person. The available information is being cross-referenced with other FIRs, call records, transaction records, and meeting records for network analysis. These details represent investigative records and leads and are not, by themselves, a determination of guilt.",Hindi
P0104,Vikas Singh,9296473093,56,"Gurugram, Sohna Road",DL02DM1245,Sahara Solutions,XXXXXX4040,No recorded case in synthetic dataset,"FIR No. 1104/2026 records Vikas Singh, age 56, as a person associated with the Gurugram, Sohna Road area. The investigation record lists phone number 9296473093 and vehicle DL02DM1245. Records also mention an association with Sahara Solutions. The recorded case category is No recorded case in synthetic dataset. A masked financial identifier XXXXXX4040 appears in the available records. Investigators are reviewing relevant locations, communications, meetings, and financial activity connected with this person. The available information is being cross-referenced with other FIRs, call records, transaction records, and meeting records for network analysis. These details represent investigative records and leads and are not, by themselves, a determination of guilt.",
P0105,Rahul Verma,9160025870,44,"Ghaziabad, Indirapuram",DL04EJ6751,Galaxy Transport,XXXXXX1570,Illegal Arms Possession,"FIR No. 1105/2026 records Rahul Verma, age 44, as a person associated with the Ghaziabad, Indirapuram area. The investigation record lists phone number 9160025870 and vehicle DL04EJ6751. Records also mention an association with Galaxy Transport. The recorded case category is Illegal Arms Possession. A masked financial identifier XXXXXX1570 appears in the available records. Investigators are reviewing relevant locations, communications, meetings, and financial activity connected with this person. The available information is being cross-referenced with other FIRs, call records, transaction records, and meeting records for network analysis. These details represent investigative records and leads and are not, by themselves, a determination of guilt.",Hindi
P0106,Kavya Sharma,9929869053,22,"Delhi, Shahdara",UP04QM1711,City Solutions,XXXXXX5806,Narcotics-related offence,"FIR No. 1106/2026 records Kavya Sharma, age 22, as a person associated with the Delhi, Shahdara area. The investigation record lists phone number 9929869053 and vehicle UP04QM1711. Records also mention an association with City Solutions. The recorded case category is Narcotics-related offence. A masked financial identifier XXXXXX5806 appears in the available records. Investigators are reviewing relevant locations, communications, meetings, and financial activity connected with this person. The available information is being cross-referenced with other FIRs, call records, transaction records, and meeting records for network analysis. These details represent investigative records and leads and are not, by themselves, a determination of guilt.",English
P0107,Isha Rawat,9267477879,36,"Faridabad, Sector 15",HR02XY9656,Apex Logistics,XXXXXX1573,Narcotics-related offence,"FIR No. 1107/2026 records Isha Rawat, age 36, as a person associated with the Faridabad, Sector 15 area. The investigation record lists phone number 9267477879 and vehicle HR02XY9656. Records also mention an association with Apex Logistics. The recorded case category is Narcotics-related offence. A masked financial identifier XXXXXX1573 appears in the available records. Investigators are reviewing relevant locations, communications, meetings, and financial activity connected with this person. The available information is being cross-referenced with other FIRs, call records, transaction records, and meeting records for network analysis. These details represent investigative records and leads and are not, by themselves, a determination of guilt.",English
P0108,Harsh Bhardwaj,9804907004,40,"Gurugram, DLF Phase 2",DL08YG8421,Apex Trading,XXXXXX6811,No recorded case in synthetic dataset,"FIR No. 1108/2026 records Harsh Bhardwaj, age 40, as a person associated with the Gurugram, DLF Phase 2 area. The investigation record lists phone number 9804907004 and vehicle DL08YG8421. Records also mention an association with Apex Trading. The recorded case category is No recorded case in synthetic dataset. A masked financial identifier XXXXXX6811 appears in the available records. Investigators are reviewing relevant locations, communications, meetings, and financial activity connected with this person. The available information is being cross-referenced with other FIRs, call records, transaction records, and meeting records for network analysis. These details represent investigative records and leads and are not, by themselves, a determination of guilt.",
P0109,Ravi Gupta,9388524705,50,"Noida, Sector 18",HR04HV3438,Horizon Trading,XXXXXX5857,Theft,"FIR No. 1109/2026 records Ravi Gupta, age 50, as a person associated with the Noida, Sector 18 area. The investigation record lists phone number 9388524705 and vehicle HR04HV3438. Records also mention an association with Horizon Trading. The recorded case category is Theft. A masked financial identifier XXXXXX5857 appears in the available records. Investigators are reviewing relevant locations, communications, meetings, and financial activity connected with this person. The available information is being cross-referenced with other FIRs, call records, transaction records, and meeting records for network analysis. These details represent investigative records and leads and are not, by themselves, a determination of guilt.",Hindi
P0110,Divya Rana,9467025491,37,"Gurugram, DLF Phase 3",UP01QU5286,Crown Solutions,XXXXXX8723,Criminal Intimidation,"FIR No. 1110/2026 records Divya Rana, age 37, as a person associated with the Gurugram, DLF Phase 3 area. The investigation record lists phone number 9467025491 and vehicle UP01QU5286. Records also mention an association with Crown Solutions. The recorded case category is Criminal Intimidation. A masked financial identifier XXXXXX8723 appears in the available records. Investigators are reviewing relevant locations, communications, meetings, and financial activity connected with this person. The available information is being cross-referenced with other FIRs, call records, transaction records, and meeting records for network analysis. These details represent investigative records and leads and are not, by themselves, a determination of guilt.",Hindi
P0111,Jyoti Narang,9667444241,57,"Faridabad, Sector 15",HR03SD2894,United Logistics,XXXXXX7043,Robbery,"FIR No. 1111/2026 records Jyoti Narang, age 57, as a person associated with the Faridabad, Sector 15 area. The investigation record lists phone number 9667444241 and vehicle HR03SD2894. Records also mention an association with United Logistics. The recorded case category is Robbery. A masked financial identifier XXXXXX7043 appears in the available records. Investigators are reviewing relevant locations, communications, meetings, and financial activity connected with this person. The available information is being cross-referenced with other FIRs, call records, transaction records, and meeting records for network analysis. These details represent investigative records and leads and are not, by themselves, a determination of guilt.",English
P0112,Sakshi Bansal,9813057855,42,"Gurugram, Sector 14",HR05ZH2316,Royal Enterprises,XXXXXX2599,Extortion,"FIR No. 1112/2026 records Sakshi Bansal, age 42, as a person associated with the Gurugram, Sector 14 area. The investigation record lists phone number 9813057855 and vehicle HR05ZH2316. Records also mention an association with Royal Enterprises. The recorded case category is Extortion. A masked financial identifier XXXXXX2599 appears in the available records. Investigators are reviewing relevant locations, communications, meetings, and financial activity connected with this person. The available information is being cross-referenced with other FIRs, call records, transaction records, and meeting records for network analysis. These details represent investigative records and leads and are not, by themselves, a determination of guilt.",English
P0113,Ananya Aggarwal,9868627581,21,"Delhi, Shahdara",DL03EA5498,Galaxy Suppliers,XXXXXX2676,Cyber Fraud,"FIR No. 1113/2026 records Ananya Aggarwal, age 21, as a person associated with the Delhi, Shahdara area. The investigation record lists phone number 9868627581 and vehicle DL03EA5498. Records also mention an association with Galaxy Suppliers. The recorded case category is Cyber Fraud. A masked financial identifier XXXXXX2676 appears in the available records. Investigators are reviewing relevant locations, communications, meetings, and financial activity connected with this person. The available information is being cross-referenced with other FIRs, call records, transaction records, and meeting records for network analysis. These details represent investigative records and leads and are not, by themselves, a determination of guilt.",Hindi
P0114,Aditi Mishra,9258620725,33,"Ghaziabad, Vaishali",UP03TB7945,Trinity Trading,XXXXXX4015,No recorded case in synthetic dataset,"FIR No. 1114/2026 records Aditi Mishra, age 33, as a person associated with the Ghaziabad, Vaishali area. The investigation record lists phone number 9258620725 and vehicle UP03TB7945. Records also mention an association with Trinity Trading. The recorded case category is No recorded case in synthetic dataset. A masked financial identifier XXXXXX4015 appears in the available records. Investigators are reviewing relevant locations, communications, meetings, and financial activity connected with this person. The available information is being cross-referenced with other FIRs, call records, transaction records, and meeting records for network analysis. These details represent investigative records and leads and are not, by themselves, a determination of guilt.",
P0115,Naina Aggarwal,9843886326,42,"Delhi, Okhla",HR07IH3442,Trinity Enterprises,XXXXXX7215,Criminal Intimidation,"FIR No. 1115/2026 records Naina Aggarwal, age 42, as a person associated with the Delhi, Okhla area. The investigation record lists phone number 9843886326 and vehicle HR07IH3442. Records also mention an association with Trinity Enterprises. The recorded case category is Criminal Intimidation. A masked financial identifier XXXXXX7215 appears in the available records. Investigators are reviewing relevant locations, communications, meetings, and financial activity connected with this person. The available information is being cross-referenced with other FIRs, call records, transaction records, and meeting records for network analysis. These details represent investigative records and leads and are not, by themselves, a determination of guilt.",Hindi
P0116,Komal Bansal,9319381679,46,"Gurugram, Sector 29",HR05ED8020,City Logistics,XXXXXX7658,No recorded case in synthetic dataset,"FIR No. 1116/2026 records Komal Bansal, age 46, as a person associated with the Gurugram, Sector 29 area. The investigation record lists phone number 9319381679 and vehicle HR05ED8020. Records also mention an association with City Logistics. The recorded case category is No recorded case in synthetic dataset. A masked financial identifier XXXXXX7658 appears in the available records. Investigators are reviewing relevant locations, communications, meetings, and financial activity connected with this person. The available information is being cross-referenced with other FIRs, call records, transaction records, and meeting records for network analysis. These details represent investigative records and leads and are not, by themselves, a determination of guilt.",
P0117,Rohan Rawat,9785025576,31,"Gurugram, DLF Phase 2",UP06AL4800,Frontier Warehousing,XXXXXX3052,No recorded case in synthetic dataset,"FIR No. 1117/2026 records Rohan Rawat, age 31, as a person associated with the Gurugram, DLF Phase 2 area. The investigation record lists phone number 9785025576 and vehicle UP06AL4800. Records also mention an association with Frontier Warehousing. The recorded case category is No recorded case in synthetic dataset. A masked financial identifier XXXXXX3052 appears in the available records. Investigators are reviewing relevant locations, communications, meetings, and financial activity connected with this person. The available information is being cross-referenced with other FIRs, call records, transaction records, and meeting records for network analysis. These details represent investigative records and leads and are not, by themselves, a determination of guilt.",
P0118,Neha Chaudhary,9143221119,48,"Faridabad, Sector 37",UP02PH2830,Capital Suppliers,XXXXXX4228,No recorded case in synthetic dataset,"FIR No. 1118/2026 records Neha Chaudhary, age 48, as a person associated with the Faridabad, Sector 37 area. The investigation record lists phone number 9143221119 and vehicle UP02PH2830. Records also mention an association with Capital Suppliers. The recorded case category is No recorded case in synthetic dataset. A masked financial identifier XXXXXX4228 appears in the available records. Investigators are reviewing relevant locations, communications, meetings, and financial activity connected with this person. The available information is being cross-referenced with other FIRs, call records, transaction records, and meeting records for network analysis. These details represent investigative records and leads and are not, by themselves, a determination of guilt.",
P0119,Neha Chaudhary,9567151778,39,"Noida, Sector 15",DL09NT7154,Rapid Logistics,XXXXXX1497,Narcotics-related offence,"FIR No. 1119/2026 records Neha Chaudhary, age 39, as a person associated with the Noida, Sector 15 area. The investigation record lists phone number 9567151778 and vehicle DL09NT7154. Records also mention an association with Rapid Logistics. The recorded case category is Narcotics-related offence. A masked financial identifier XXXXXX1497 appears in the available records. Investigators are reviewing relevant locations, communications, meetings, and financial activity connected with this person. The available information is being cross-referenced with other FIRs, call records, transaction records, and meeting records for network analysis. These details represent investigative records and leads and are not, by themselves, a determination of guilt.",Hindi
P0120,Riya Chaudhary,9719281920,35,"Delhi, Shahdara",DL06VV3728,Trinity Logistics,XXXXXX2839,No recorded case in synthetic dataset,"FIR No. 1120/2026 records Riya Chaudhary, age 35, as a person associated with the Delhi, Shahdara area. The investigation record lists phone number 9719281920 and vehicle DL06VV3728. Records also mention an association with Trinity Logistics. The recorded case category is No recorded case in synthetic dataset. A masked financial identifier XXXXXX2839 appears in the available records. Investigators are reviewing relevant locations, communications, meetings, and financial activity connected with this person. The available information is being cross-referenced with other FIRs, call records, transaction records, and meeting records for network analysis. These details represent investigative records and leads and are not, by themselves, a determination of guilt.",
P0121,Pooja Khanna,9237058569,34,"Gurugram, Sohna Road",UP08VG4026,Evergreen Solutions,XXXXXX1832,Criminal Intimidation,"FIR No. 1121/2026 records Pooja Khanna, age 34, as a person associated with the Gurugram, Sohna Road area. The investigation record lists phone number 9237058569 and vehicle UP08VG4026. Records also mention an association with Evergreen Solutions. The recorded case category is Criminal Intimidation. A masked financial identifier XXXXXX1832 appears in the available records. Investigators are reviewing relevant locations, communications, meetings, and financial activity connected with this person. The available information is being cross-referenced with other FIRs, call records, transaction records, and meeting records for network analysis. These details represent investigative records and leads and are not, by themselves, a determination of guilt.",English
P0122,Kavya Narang,9164205420,44,"Ghaziabad, Indirapuram",HR01TE6431,Capital Suppliers,XXXXXX8815,Robbery,"FIR No. 1122/2026 records Kavya Narang, age 44, as a person associated with the Ghaziabad, Indirapuram area. The investigation record lists phone number 9164205420 and vehicle HR01TE6431. Records also mention an association with Capital Suppliers. The recorded case category is Robbery. A masked financial identifier XXXXXX8815 appears in the available records. Investigators are reviewing relevant locations, communications, meetings, and financial activity connected with this person. The available information is being cross-referenced with other FIRs, call records, transaction records, and meeting records for network analysis. These details represent investigative records and leads and are not, by themselves, a determination of guilt.",Punjabi
P0123,Ankit Mishra,9743547931,25,"Noida, Sector 18",HR01LJ4758,United Services,XXXXXX5841,Narcotics-related offence,"FIR No. 1123/2026 records Ankit Mishra, age 25, as a person associated with the Noida, Sector 18 area. The investigation record lists phone number 9743547931 and vehicle HR01LJ4758. Records also mention an association with United Services. The recorded case category is Narcotics-related offence. A masked financial identifier XXXXXX5841 appears in the available records. Investigators are reviewing relevant locations, communications, meetings, and financial activity connected with this person. The available information is being cross-referenced with other FIRs, call records, transaction records, and meeting records for network analysis. These details represent investigative records and leads and are not, by themselves, a determination of guilt.",English
P0124,Vivaan Narang,9288940440,35,"Delhi, Karol Bagh",DL02WA7589,Star Services,XXXXXX9202,Cyber Fraud,"FIR No. 1124/2026 records Vivaan Narang, age 35, as a person associated with the Delhi, Karol Bagh area. The investigation record lists phone number 9288940440 and vehicle DL02WA7589. Records also mention an association with Star Services. The recorded case category is Cyber Fraud. A masked financial identifier XXXXXX9202 appears in the available records. Investigators are reviewing relevant locations, communications, meetings, and financial activity connected with this person. The available information is being cross-referenced with other FIRs, call records, transaction records, and meeting records for network analysis. These details represent investigative records and leads and are not, by themselves, a determination of guilt.",English
P0125,Rahul Chauhan,9160449406,39,"Ghaziabad, Vaishali",HR03ZX1005,Crown Warehousing,XXXXXX7423,No recorded case in synthetic dataset,"FIR No. 1125/2026 records Rahul Chauhan, age 39, as a person associated with the Ghaziabad, Vaishali area. The investigation record lists phone number 9160449406 and vehicle HR03ZX1005. Records also mention an association with Crown Warehousing. The recorded case category is No recorded case in synthetic dataset. A masked financial identifier XXXXXX7423 appears in the available records. Investigators are reviewing relevant locations, communications, meetings, and financial activity connected with this person. The available information is being cross-referenced with other FIRs, call records, transaction records, and meeting records for network analysis. These details represent investigative records and leads and are not, by themselves, a determination of guilt.",
P0126,Ananya Rana,9688749154,38,"Gurugram, Sector 14",DL06IA5330,Trinity Logistics,XXXXXX1362,Extortion,"FIR No. 1126/2026 records Ananya Rana, age 38, as a person associated with the Gurugram, Sector 14 area. The investigation record lists phone number 9688749154 and vehicle DL06IA5330. Records also mention an association with Trinity Logistics. The recorded case category is Extortion. A masked financial identifier XXXXXX1362 appears in the available records. Investigators are reviewing relevant locations, communications, meetings, and financial activity connected with this person. The available information is being cross-referenced with other FIRs, call records, transaction records, and meeting records for network analysis. These details represent investigative records and leads and are not, by themselves, a determination of guilt.",Hindi
P0127,Naina Mishra,9818350554,58,"Faridabad, Sector 15",UP09RY3852,Star Suppliers,XXXXXX6244,No recorded case in synthetic dataset,"FIR No. 1127/2026 records Naina Mishra, age 58, as a person associated with the Faridabad, Sector 15 area. The investigation record lists phone number 9818350554 and vehicle UP09RY3852. Records also mention an association with Star Suppliers. The recorded case category is No recorded case in synthetic dataset. A masked financial identifier XXXXXX6244 appears in the available records. Investigators are reviewing relevant locations, communications, meetings, and financial activity connected with this person. The available information is being cross-referenced with other FIRs, call records, transaction records, and meeting records for network analysis. These details represent investigative records and leads and are not, by themselves, a determination of guilt.",
P0128,Muskan Khanna,9348957716,41,"Ghaziabad, Crossings Republik",HR07ZO7710,City Enterprises,XXXXXX5395,Illegal Arms Possession,"FIR No. 1128/2026 records Muskan Khanna, age 41, as a person associated with the Ghaziabad, Crossings Republik area. The investigation record lists phone number 9348957716 and vehicle HR07ZO7710. Records also mention an association with City Enterprises. The recorded case category is Illegal Arms Possession. A masked financial identifier XXXXXX5395 appears in the available records. Investigators are reviewing relevant locations, communications, meetings, and financial activity connected with this person. The available information is being cross-referenced with other FIRs, call records, transaction records, and meeting records for network analysis. These details represent investigative records and leads and are not, by themselves, a determination of guilt.",English
P0129,Komal Aggarwal,9320205972,33,"Gurugram, Manesar",UP09ZM4492,North Logistics,XXXXXX9144,Theft,"FIR No. 1129/2026 records Komal Aggarwal, age 33, as a person associated with the Gurugram, Manesar area. The investigation record lists phone number 9320205972 and vehicle UP09ZM4492. Records also mention an association with North Logistics. The recorded case category is Theft. A masked financial identifier XXXXXX9144 appears in the available records. Investigators are reviewing relevant locations, communications, meetings, and financial activity connected with this person. The available information is being cross-referenced with other FIRs, call records, transaction records, and meeting records for network analysis. These details represent investigative records and leads and are not, by themselves, a determination of guilt.",Hindi
P0130,Saurabh Bhati,9596893963,28,"Noida, Sector 15",HR07VX4656,Rapid Services,XXXXXX7554,Narcotics-related offence,"FIR No. 1130/2026 records Saurabh Bhati, age 28, as a person associated with the Noida, Sector 15 area. The investigation record lists phone number 9596893963 and vehicle HR07VX4656. Records also mention an association with Rapid Services. The recorded case category is Narcotics-related offence. A masked financial identifier XXXXXX7554 appears in the available records. Investigators are reviewing relevant locations, communications, meetings, and financial activity connected with this person. The available information is being cross-referenced with other FIRs, call records, transaction records, and meeting records for network analysis. These details represent investigative records and leads and are not, by themselves, a determination of guilt.",Punjabi
P0131,Rahul Rawat,9780981931,30,"Gurugram, DLF Phase 2",UP02WV4709,Horizon Warehousing,XXXXXX6947,No recorded case in synthetic dataset,"FIR No. 1131/2026 records Rahul Rawat, age 30, as a person associated with the Gurugram, DLF Phase 2 area. The investigation record lists phone number 9780981931 and vehicle UP02WV4709. Records also mention an association with Horizon Warehousing. The recorded case category is No recorded case in synthetic dataset. A masked financial identifier XXXXXX6947 appears in the available records. Investigators are reviewing relevant locations, communications, meetings, and financial activity connected with this person. The available information is being cross-referenced with other FIRs, call records, transaction records, and meeting records for network analysis. These details represent investigative records and leads and are not, by themselves, a determination of guilt.",
P0132,Rohan Arora,9104773727,45,"Noida, Sector 63",HR02BS7945,Evergreen Services,XXXXXX7063,No recorded case in synthetic dataset,"FIR No. 1132/2026 records Rohan Arora, age 45, as a person associated with the Noida, Sector 63 area. The investigation record lists phone number 9104773727 and vehicle HR02BS7945. Records also mention an association with Evergreen Services. The recorded case category is No recorded case in synthetic dataset. A masked financial identifier XXXXXX7063 appears in the available records. Investigators are reviewing relevant locations, communications, meetings, and financial activity connected with this person. The available information is being cross-referenced with other FIRs, call records, transaction records, and meeting records for network analysis. These details represent investigative records and leads and are not, by themselves, a determination of guilt.",
P0133,Ananya Verma,9431850318,49,"Gurugram, Sector 29",HR08GX5541,Evergreen Enterprises,XXXXXX9076,No recorded case in synthetic dataset,"FIR No. 1133/2026 records Ananya Verma, age 49, as a person associated with the Gurugram, Sector 29 area. The investigation record lists phone number 9431850318 and vehicle HR08GX5541. Records also mention an association with Evergreen Enterprises. The recorded case category is No recorded case in synthetic dataset. A masked financial identifier XXXXXX9076 appears in the available records. Investigators are reviewing relevant locations, communications, meetings, and financial activity connected with this person. The available information is being cross-referenced with other FIRs, call records, transaction records, and meeting records for network analysis. These details represent investigative records and leads and are not, by themselves, a determination of guilt.",
P0134,Sonam Pandey,9958981934,50,"Noida, Sector 27",DL03KY4085,Royal Suppliers,XXXXXX6083,Cyber Fraud,"FIR No. 1134/2026 records Sonam Pandey, age 50, as a person associated with the Noida, Sector 27 area. The investigation record lists phone number 9958981934 and vehicle DL03KY4085. Records also mention an association with Royal Suppliers. The recorded case category is Cyber Fraud. A masked financial identifier XXXXXX6083 appears in the available records. Investigators are reviewing relevant locations, communications, meetings, and financial activity connected with this person. The available information is being cross-referenced with other FIRs, call records, transaction records, and meeting records for network analysis. These details represent investigative records and leads and are not, by themselves, a determination of guilt.",Hindi
P0135,Ananya Tiwari,9931877420,40,"Ghaziabad, Raj Nagar",HR02CD2213,Evergreen Enterprises,XXXXXX8021,No recorded case in synthetic dataset,"FIR No. 1135/2026 records Ananya Tiwari, age 40, as a person associated with the Ghaziabad, Raj Nagar area. The investigation record lists phone number 9931877420 and vehicle HR02CD2213. Records also mention an association with Evergreen Enterprises. The recorded case category is No recorded case in synthetic dataset. A masked financial identifier XXXXXX8021 appears in the available records. Investigators are reviewing relevant locations, communications, meetings, and financial activity connected with this person. The available information is being cross-referenced with other FIRs, call records, transaction records, and meeting records for network analysis. These details represent investigative records and leads and are not, by themselves, a determination of guilt.",
P0136,Amit Bhati,9320984927,35,"Faridabad, Sector 37",DL02VI2460,Galaxy Enterprises,XXXXXX4990,Fraud,"FIR No. 1136/2026 records Amit Bhati, age 35, as a person associated with the Faridabad, Sector 37 area. The investigation record lists phone number 9320984927 and vehicle DL02VI2460. Records also mention an association with Galaxy Enterprises. The recorded case category is Fraud. A masked financial identifier XXXXXX4990 appears in the available records. Investigators are reviewing relevant locations, communications, meetings, and financial activity connected with this person. The available information is being cross-referenced with other FIRs, call records, transaction records, and meeting records for network analysis. These details represent investigative records and leads and are not, by themselves, a determination of guilt.",Hindi
P0137,Vivaan Aggarwal,9847791067,49,"Gurugram, Manesar",HR04EY5769,City Enterprises,XXXXXX2249,Cyber Fraud,"FIR No. 1137/2026 records Vivaan Aggarwal, age 49, as a person associated with the Gurugram, Manesar area. The investigation record lists phone number 9847791067 and vehicle HR04EY5769. Records also mention an association with City Enterprises. The recorded case category is Cyber Fraud. A masked financial identifier XXXXXX2249 appears in the available records. Investigators are reviewing relevant locations, communications, meetings, and financial activity connected with this person. The available information is being cross-referenced with other FIRs, call records, transaction records, and meeting records for network analysis. These details represent investigative records and leads and are not, by themselves, a determination of guilt.",English
P0138,Ankit Bansal,9970231880,50,"Delhi, Karol Bagh",DL08OF7000,United Services,XXXXXX1692,No recorded case in synthetic dataset,"FIR No. 1138/2026 records Ankit Bansal, age 50, as a person associated with the Delhi, Karol Bagh area. The investigation record lists phone number 9970231880 and vehicle DL08OF7000. Records also mention an association with United Services. The recorded case category is No recorded case in synthetic dataset. A masked financial identifier XXXXXX1692 appears in the available records. Investigators are reviewing relevant locations, communications, meetings, and financial activity connected with this person. The available information is being cross-referenced with other FIRs, call records, transaction records, and meeting records for network analysis. These details represent investigative records and leads and are not, by themselves, a determination of guilt.",
P0139,Yash Singh,9258381457,40,"Ghaziabad, Raj Nagar",UP07NB2292,City Suppliers,XXXXXX7014,Illegal Arms Possession,"FIR No. 1139/2026 records Yash Singh, age 40, as a person associated with the Ghaziabad, Raj Nagar area. The investigation record lists phone number 9258381457 and vehicle UP07NB2292. Records also mention an association with City Suppliers. The recorded case category is Illegal Arms Possession. A masked financial identifier XXXXXX7014 appears in the available records. Investigators are reviewing relevant locations, communications, meetings, and financial activity connected with this person. The available information is being cross-referenced with other FIRs, call records, transaction records, and meeting records for network analysis. These details represent investigative records and leads and are not, by themselves, a determination of guilt.",English
P0140,Riya Narang,9728969086,49,"Ghaziabad, Crossings Republik",DL01DV4217,Apex Transport,XXXXXX1018,No recorded case in synthetic dataset,"FIR No. 1140/2026 records Riya Narang, age 49, as a person associated with the Ghaziabad, Crossings Republik area. The investigation record lists phone number 9728969086 and vehicle DL01DV4217. Records also mention an association with Apex Transport. The recorded case category is No recorded case in synthetic dataset. A masked financial identifier XXXXXX1018 appears in the available records. Investigators are reviewing relevant locations, communications, meetings, and financial activity connected with this person. The available information is being cross-referenced with other FIRs, call records, transaction records, and meeting records for network analysis. These details represent investigative records and leads and are not, by themselves, a determination of guilt.",
P0141,Arjun Malik,9973527329,34,"Faridabad, Sector 15",UP02WA1704,National Services,XXXXXX2546,No recorded case in synthetic dataset,"FIR No. 1141/2026 records Arjun Malik, age 34, as a person associated with the Faridabad, Sector 15 area. The investigation record lists phone number 9973527329 and vehicle UP02WA1704. Records also mention an association with National Services. The recorded case category is No recorded case in synthetic dataset. A masked financial identifier XXXXXX2546 appears in the available records. Investigators are reviewing relevant locations, communications, meetings, and financial activity connected with this person. The available information is being cross-referenced with other FIRs, call records, transaction records, and meeting records for network analysis. These details represent investigative records and leads and are not, by themselves, a determination of guilt.",
P0142,Manish Bhardwaj,9739232468,39,"Ghaziabad, Kaushambi",DL02CZ8391,Sahara Transport,XXXXXX4715,Narcotics-related offence,"FIR No. 1142/2026 records Manish Bhardwaj, age 39, as a person associated with the Ghaziabad, Kaushambi area. The investigation record lists phone number 9739232468 and vehicle DL02CZ8391. Records also mention an association with Sahara Transport. The recorded case category is Narcotics-related offence. A masked financial identifier XXXXXX4715 appears in the available records. Investigators are reviewing relevant locations, communications, meetings, and financial activity connected with this person. The available information is being cross-referenced with other FIRs, call records, transaction records, and meeting records for network analysis. These details represent investigative records and leads and are not, by themselves, a determination of guilt.",English
P0143,Aditya Kumar,9484396484,19,"Noida, Sector 16",DL03ER5631,Rapid Trading,XXXXXX5598,Vehicle Theft,"FIR No. 1143/2026 records Aditya Kumar, age 19, as a person associated with the Noida, Sector 16 area. The investigation record lists phone number 9484396484 and vehicle DL03ER5631. Records also mention an association with Rapid Trading. The recorded case category is Vehicle Theft. A masked financial identifier XXXXXX5598 appears in the available records. Investigators are reviewing relevant locations, communications, meetings, and financial activity connected with this person. The available information is being cross-referenced with other FIRs, call records, transaction records, and meeting records for network analysis. These details represent investigative records and leads and are not, by themselves, a determination of guilt.",Punjabi
P0144,Ravi Saini,9171616233,36,"Noida, Sector 18",UP08YR6209,City Services,XXXXXX1346,No recorded case in synthetic dataset,"FIR No. 1144/2026 records Ravi Saini, age 36, as a person associated with the Noida, Sector 18 area. The investigation record lists phone number 9171616233 and vehicle UP08YR6209. Records also mention an association with City Services. The recorded case category is No recorded case in synthetic dataset. A masked financial identifier XXXXXX1346 appears in the available records. Investigators are reviewing relevant locations, communications, meetings, and financial activity connected with this person. The available information is being cross-referenced with other FIRs, call records, transaction records, and meeting records for network analysis. These details represent investigative records and leads and are not, by themselves, a determination of guilt.",
P0145,Mohit Pandey,9636040407,56,"Gurugram, DLF Phase 3",HR07JA5992,Trinity Trading,XXXXXX9567,No recorded case in synthetic dataset,"FIR No. 1145/2026 records Mohit Pandey, age 56, as a person associated with the Gurugram, DLF Phase 3 area. The investigation record lists phone number 9636040407 and vehicle HR07JA5992. Records also mention an association with Trinity Trading. The recorded case category is No recorded case in synthetic dataset. A masked financial identifier XXXXXX9567 appears in the available records. Investigators are reviewing relevant locations, communications, meetings, and financial activity connected with this person. The available information is being cross-referenced with other FIRs, call records, transaction records, and meeting records for network analysis. These details represent investigative records and leads and are not, by themselves, a determination of guilt.",
P0146,Isha Tiwari,9217452022,19,"Noida, Sector 16",DL04AW4553,Galaxy Enterprises,XXXXXX8563,Forgery,"FIR No. 1146/2026 records Isha Tiwari, age 19, as a person associated with the Noida, Sector 16 area. The investigation record lists phone number 9217452022 and vehicle DL04AW4553. Records also mention an association with Galaxy Enterprises. The recorded case category is Forgery. A masked financial identifier XXXXXX8563 appears in the available records. Investigators are reviewing relevant locations, communications, meetings, and financial activity connected with this person. The available information is being cross-referenced with other FIRs, call records, transaction records, and meeting records for network analysis. These details represent investigative records and leads and are not, by themselves, a determination of guilt.",Hindi
P0147,Naina Pandey,9388675861,27,"Gurugram, Manesar",HR06DG6648,Blue Trading,XXXXXX9694,No recorded case in synthetic dataset,"FIR No. 1147/2026 records Naina Pandey, age 27, as a person associated with the Gurugram, Manesar area. The investigation record lists phone number 9388675861 and vehicle HR06DG6648. Records also mention an association with Blue Trading. The recorded case category is No recorded case in synthetic dataset. A masked financial identifier XXXXXX9694 appears in the available records. Investigators are reviewing relevant locations, communications, meetings, and financial activity connected with this person. The available information is being cross-referenced with other FIRs, call records, transaction records, and meeting records for network analysis. These details represent investigative records and leads and are not, by themselves, a determination of guilt.",
P0148,Priya Bhati,9832734073,21,"Gurugram, DLF Phase 3",DL08IY4984,Blue Logistics,XXXXXX5685,No recorded case in synthetic dataset,"FIR No. 1148/2026 records Priya Bhati, age 21, as a person associated with the Gurugram, DLF Phase 3 area. The investigation record lists phone number 9832734073 and vehicle DL08IY4984. Records also mention an association with Blue Logistics. The recorded case category is No recorded case in synthetic dataset. A masked financial identifier XXXXXX5685 appears in the available records. Investigators are reviewing relevant locations, communications, meetings, and financial activity connected with this person. The available information is being cross-referenced with other FIRs, call records, transaction records, and meeting records for network analysis. These details represent investigative records and leads and are not, by themselves, a determination of guilt.",
P0149,Vivaan Narang,9297609528,36,"Ghaziabad, Kaushambi",DL03RO7989,United Services,XXXXXX6541,No recorded case in synthetic dataset,"FIR No. 1149/2026 records Vivaan Narang, age 36, as a person associated with the Ghaziabad, Kaushambi area. The investigation record lists phone number 9297609528 and vehicle DL03RO7989. Records also mention an association with United Services. The recorded case category is No recorded case in synthetic dataset. A masked financial identifier XXXXXX6541 appears in the available records. Investigators are reviewing relevant locations, communications, meetings, and financial activity connected with this person. The available information is being cross-referenced with other FIRs, call records, transaction records, and meeting records for network analysis. These details represent investigative records and leads and are not, by themselves, a determination of guilt.",
P0150,Rohan Rawat,9511841638,27,"Ghaziabad, Kaushambi",DL07ES3512,National Suppliers,XXXXXX4172,Theft,"FIR No. 1150/2026 records Rohan Rawat, age 27, as a person associated with the Ghaziabad, Kaushambi area. The investigation record lists phone number 9511841638 and vehicle DL07ES3512. Records also mention an association with National Suppliers. The recorded case category is Theft. A masked financial identifier XXXXXX4172 appears in the available records. Investigators are reviewing relevant locations, communications, meetings, and financial activity connected with this person. The available information is being cross-referenced with other FIRs, call records, transaction records, and meeting records for network analysis. These details represent investigative records and leads and are not, by themselves, a determination of guilt.",Punjabi
P0151,Divya Rawat,9850977409,48,"Noida, Sector 18",DL04PH9270,United Warehousing,XXXXXX5369,No recorded case in synthetic dataset,"FIR No. 1151/2026 records Divya Rawat, age 48, as a person associated with the Noida, Sector 18 area. The investigation record lists phone number 9850977409 and vehicle DL04PH9270. Records also mention an association with United Warehousing. The recorded case category is No recorded case in synthetic dataset. A masked financial identifier XXXXXX5369 appears in the available records. Investigators are reviewing relevant locations, communications, meetings, and financial activity connected with this person. The available information is being cross-referenced with other FIRs, call records, transaction records, and meeting records for network analysis. These details represent investigative records and leads and are not, by themselves, a determination of guilt.",
P0152,Riya Sharma,9468785046,27,"Ghaziabad, Kaushambi",UP04FD5724,City Warehousing,XXXXXX9728,Vehicle Theft,"FIR No. 1152/2026 records Riya Sharma, age 27, as a person associated with the Ghaziabad, Kaushambi area. The investigation record lists phone number 9468785046 and vehicle UP04FD5724. Records also mention an association with City Warehousing. The recorded case category is Vehicle Theft. A masked financial identifier XXXXXX9728 appears in the available records. Investigators are reviewing relevant locations, communications, meetings, and financial activity connected with this person. The available information is being cross-referenced with other FIRs, call records, transaction records, and meeting records for network analysis. These details represent investigative records and leads and are not, by themselves, a determination of guilt.",English
P0153,Preeti Bhati,9533680599,37,"Gurugram, Sector 14",DL06JX9421,Capital Trading,XXXXXX7533,No recorded case in synthetic dataset,"FIR No. 1153/2026 records Preeti Bhati, age 37, as a person associated with the Gurugram, Sector 14 area. The investigation record lists phone number 9533680599 and vehicle DL06JX9421. Records also mention an association with Capital Trading. The recorded case category is No recorded case in synthetic dataset. A masked financial identifier XXXXXX7533 appears in the available records. Investigators are reviewing relevant locations, communications, meetings, and financial activity connected with this person. The available information is being cross-referenced with other FIRs, call records, transaction records, and meeting records for network analysis. These details represent investigative records and leads and are not, by themselves, a determination of guilt.",
P0154,Muskan Yadav,9563429651,26,"Delhi, Saket",UP09YG2394,Capital Services,XXXXXX5630,No recorded case in synthetic dataset,"FIR No. 1154/2026 records Muskan Yadav, age 26, as a person associated with the Delhi, Saket area. The investigation record lists phone number 9563429651 and vehicle UP09YG2394. Records also mention an association with Capital Services. The recorded case category is No recorded case in synthetic dataset. A masked financial identifier XXXXXX5630 appears in the available records. Investigators are reviewing relevant locations, communications, meetings, and financial activity connected with this person. The available information is being cross-referenced with other FIRs, call records, transaction records, and meeting records for network analysis. These details represent investigative records and leads and are not, by themselves, a determination of guilt.",
P0155,Nikhil Gupta,9274209823,34,"Ghaziabad, Vaishali",DL06RA1353,Frontier Enterprises,XXXXXX2408,No recorded case in synthetic dataset,"FIR No. 1155/2026 records Nikhil Gupta, age 34, as a person associated with the Ghaziabad, Vaishali area. The investigation record lists phone number 9274209823 and vehicle DL06RA1353. Records also mention an association with Frontier Enterprises. The recorded case category is No recorded case in synthetic dataset. A masked financial identifier XXXXXX2408 appears in the available records. Investigators are reviewing relevant locations, communications, meetings, and financial activity connected with this person. The available information is being cross-referenced with other FIRs, call records, transaction records, and meeting records for network analysis. These details represent investigative records and leads and are not, by themselves, a determination of guilt.",
P0156,Rahul Verma,9935818370,40,"Delhi, Connaught Place",HR07XZ6366,Frontier Trading,XXXXXX6913,No recorded case in synthetic dataset,"FIR No. 1156/2026 records Rahul Verma, age 40, as a person associated with the Delhi, Connaught Place area. The investigation record lists phone number 9935818370 and vehicle HR07XZ6366. Records also mention an association with Frontier Trading. The recorded case category is No recorded case in synthetic dataset. A masked financial identifier XXXXXX6913 appears in the available records. Investigators are reviewing relevant locations, communications, meetings, and financial activity connected with this person. The available information is being cross-referenced with other FIRs, call records, transaction records, and meeting records for network analysis. These details represent investigative records and leads and are not, by themselves, a determination of guilt.",
P0157,Yash Sharma,9710401564,49,"Gurugram, DLF Phase 2",HR06PW7993,Galaxy Services,XXXXXX1780,No recorded case in synthetic dataset,"FIR No. 1157/2026 records Yash Sharma, age 49, as a person associated with the Gurugram, DLF Phase 2 area. The investigation record lists phone number 9710401564 and vehicle HR06PW7993. Records also mention an association with Galaxy Services. The recorded case category is No recorded case in synthetic dataset. A masked financial identifier XXXXXX1780 appears in the available records. Investigators are reviewing relevant locations, communications, meetings, and financial activity connected with this person. The available information is being cross-referenced with other FIRs, call records, transaction records, and meeting records for network analysis. These details represent investigative records and leads and are not, by themselves, a determination of guilt.",
P0158,Muskan Gupta,9709879396,58,"Faridabad, Sector 37",HR01BO7209,Royal Logistics,XXXXXX4187,No recorded case in synthetic dataset,"FIR No. 1158/2026 records Muskan Gupta, age 58, as a person associated with the Faridabad, Sector 37 area. The investigation record lists phone number 9709879396 and vehicle HR01BO7209. Records also mention an association with Royal Logistics. The recorded case category is No recorded case in synthetic dataset. A masked financial identifier XXXXXX4187 appears in the available records. Investigators are reviewing relevant locations, communications, meetings, and financial activity connected with this person. The available information is being cross-referenced with other FIRs, call records, transaction records, and meeting records for network analysis. These details represent investigative records and leads and are not, by themselves, a determination of guilt.",
P0159,Preeti Tiwari,9817706992,25,"Gurugram, Udyog Vihar",DL05SA1783,Prime Trading,XXXXXX9974,Cyber Fraud,"FIR No. 1159/2026 records Preeti Tiwari, age 25, as a person associated with the Gurugram, Udyog Vihar area. The investigation record lists phone number 9817706992 and vehicle DL05SA1783. Records also mention an association with Prime Trading. The recorded case category is Cyber Fraud. A masked financial identifier XXXXXX9974 appears in the available records. Investigators are reviewing relevant locations, communications, meetings, and financial activity connected with this person. The available information is being cross-referenced with other FIRs, call records, transaction records, and meeting records for network analysis. These details represent investigative records and leads and are not, by themselves, a determination of guilt.",English
P0160,Pooja Yadav,9191672085,53,"Gurugram, Manesar",UP02BC7138,Blue Suppliers,XXXXXX2995,Vehicle Theft,"FIR No. 1160/2026 records Pooja Yadav, age 53, as a person associated with the Gurugram, Manesar area. The investigation record lists phone number 9191672085 and vehicle UP02BC7138. Records also mention an association with Blue Suppliers. The recorded case category is Vehicle Theft. A masked financial identifier XXXXXX2995 appears in the available records. Investigators are reviewing relevant locations, communications, meetings, and financial activity connected with this person. The available information is being cross-referenced with other FIRs, call records, transaction records, and meeting records for network analysis. These details represent investigative records and leads and are not, by themselves, a determination of guilt.",English
P0161,Aarav Khanna,9600444157,45,"Noida, Sector 15",DL05KD9499,Evergreen Enterprises,XXXXXX9415,Extortion,"FIR No. 1161/2026 records Aarav Khanna, age 45, as a person associated with the Noida, Sector 15 area. The investigation record lists phone number 9600444157 and vehicle DL05KD9499. Records also mention an association with Evergreen Enterprises. The recorded case category is Extortion. A masked financial identifier XXXXXX9415 appears in the available records. Investigators are reviewing relevant locations, communications, meetings, and financial activity connected with this person. The available information is being cross-referenced with other FIRs, call records, transaction records, and meeting records for network analysis. These details represent investigative records and leads and are not, by themselves, a determination of guilt.",English
P0162,Harsh Saxena,9105367593,25,"Delhi, Karol Bagh",DL04GD6316,Apex Enterprises,XXXXXX6856,Illegal Arms Possession,"FIR No. 1162/2026 records Harsh Saxena, age 25, as a person associated with the Delhi, Karol Bagh area. The investigation record lists phone number 9105367593 and vehicle DL04GD6316. Records also mention an association with Apex Enterprises. The recorded case category is Illegal Arms Possession. A masked financial identifier XXXXXX6856 appears in the available records. Investigators are reviewing relevant locations, communications, meetings, and financial activity connected with this person. The available information is being cross-referenced with other FIRs, call records, transaction records, and meeting records for network analysis. These details represent investigative records and leads and are not, by themselves, a determination of guilt.",English
P0163,Ravi Singh,9477417717,46,"Delhi, Mayur Vihar",HR03RD7457,Sahara Warehousing,XXXXXX3767,Cyber Fraud,"FIR No. 1163/2026 records Ravi Singh, age 46, as a person associated with the Delhi, Mayur Vihar area. The investigation record lists phone number 9477417717 and vehicle HR03RD7457. Records also mention an association with Sahara Warehousing. The recorded case category is Cyber Fraud. A masked financial identifier XXXXXX3767 appears in the available records. Investigators are reviewing relevant locations, communications, meetings, and financial activity connected with this person. The available information is being cross-referenced with other FIRs, call records, transaction records, and meeting records for network analysis. These details represent investigative records and leads and are not, by themselves, a determination of guilt.",English
P0164,Divya Saxena,9848716329,27,"Delhi, Najafgarh",DL07NZ9488,Star Warehousing,XXXXXX4427,No recorded case in synthetic dataset,"FIR No. 1164/2026 records Divya Saxena, age 27, as a person associated with the Delhi, Najafgarh area. The investigation record lists phone number 9848716329 and vehicle DL07NZ9488. Records also mention an association with Star Warehousing. The recorded case category is No recorded case in synthetic dataset. A masked financial identifier XXXXXX4427 appears in the available records. Investigators are reviewing relevant locations, communications, meetings, and financial activity connected with this person. The available information is being cross-referenced with other FIRs, call records, transaction records, and meeting records for network analysis. These details represent investigative records and leads and are not, by themselves, a determination of guilt.",
P0165,Deepak Kapoor,9895093378,52,"Greater Noida, Pari Chowk",DL02JW6487,Metro Suppliers,XXXXXX7278,Theft,"FIR No. 1165/2026 records Deepak Kapoor, age 52, as a person associated with the Greater Noida, Pari Chowk area. The investigation record lists phone number 9895093378 and vehicle DL02JW6487. Records also mention an association with Metro Suppliers. The recorded case category is Theft. A masked financial identifier XXXXXX7278 appears in the available records. Investigators are reviewing relevant locations, communications, meetings, and financial activity connected with this person. The available information is being cross-referenced with other FIRs, call records, transaction records, and meeting records for network analysis. These details represent investigative records and leads and are not, by themselves, a determination of guilt.",English
P0166,Mehak Saxena,9189921170,21,"Noida, Sector 62",DL06IS6962,Crown Solutions,XXXXXX7374,No recorded case in synthetic dataset,"FIR No. 1166/2026 records Mehak Saxena, age 21, as a person associated with the Noida, Sector 62 area. The investigation record lists phone number 9189921170 and vehicle DL06IS6962. Records also mention an association with Crown Solutions. The recorded case category is No recorded case in synthetic dataset. A masked financial identifier XXXXXX7374 appears in the available records. Investigators are reviewing relevant locations, communications, meetings, and financial activity connected with this person. The available information is being cross-referenced with other FIRs, call records, transaction records, and meeting records for network analysis. These details represent investigative records and leads and are not, by themselves, a determination of guilt.",
P0167,Manish Pandey,9521984106,21,"Faridabad, NIT",UP01LO2694,United Enterprises,XXXXXX2863,No recorded case in synthetic dataset,"FIR No. 1167/2026 records Manish Pandey, age 21, as a person associated with the Faridabad, NIT area. The investigation record lists phone number 9521984106 and vehicle UP01LO2694. Records also mention an association with United Enterprises. The recorded case category is No recorded case in synthetic dataset. A masked financial identifier XXXXXX2863 appears in the available records. Investigators are reviewing relevant locations, communications, meetings, and financial activity connected with this person. The available information is being cross-referenced with other FIRs, call records, transaction records, and meeting records for network analysis. These details represent investigative records and leads and are not, by themselves, a determination of guilt.",
P0168,Mehak Bhati,9719186437,23,"Gurugram, Sector 14",HR07BK9186,National Suppliers,XXXXXX4003,No recorded case in synthetic dataset,"FIR No. 1168/2026 records Mehak Bhati, age 23, as a person associated with the Gurugram, Sector 14 area. The investigation record lists phone number 9719186437 and vehicle HR07BK9186. Records also mention an association with National Suppliers. The recorded case category is No recorded case in synthetic dataset. A masked financial identifier XXXXXX4003 appears in the available records. Investigators are reviewing relevant locations, communications, meetings, and financial activity connected with this person. The available information is being cross-referenced with other FIRs, call records, transaction records, and meeting records for network analysis. These details represent investigative records and leads and are not, by themselves, a determination of guilt.",
P0169,Mohit Sharma,9156528750,58,"Gurugram, Manesar",DL08RC6793,Capital Enterprises,XXXXXX1004,No recorded case in synthetic dataset,"FIR No. 1169/2026 records Mohit Sharma, age 58, as a person associated with the Gurugram, Manesar area. The investigation record lists phone number 9156528750 and vehicle DL08RC6793. Records also mention an association with Capital Enterprises. The recorded case category is No recorded case in synthetic dataset. A masked financial identifier XXXXXX1004 appears in the available records. Investigators are reviewing relevant locations, communications, meetings, and financial activity connected with this person. The available information is being cross-referenced with other FIRs, call records, transaction records, and meeting records for network analysis. These details represent investigative records and leads and are not, by themselves, a determination of guilt.",
P0170,Simran Meena,9593260158,26,"Delhi, Connaught Place",HR09GV4980,Sahara Services,XXXXXX4967,No recorded case in synthetic dataset,"FIR No. 1170/2026 records Simran Meena, age 26, as a person associated with the Delhi, Connaught Place area. The investigation record lists phone number 9593260158 and vehicle HR09GV4980. Records also mention an association with Sahara Services. The recorded case category is No recorded case in synthetic dataset. A masked financial identifier XXXXXX4967 appears in the available records. Investigators are reviewing relevant locations, communications, meetings, and financial activity connected with this person. The available information is being cross-referenced with other FIRs, call records, transaction records, and meeting records for network analysis. These details represent investigative records and leads and are not, by themselves, a determination of guilt.",
P0171,Rahul Khanna,9411342637,39,"Ghaziabad, Crossings Republik",HR02KE6114,Crown Solutions,XXXXXX4311,No recorded case in synthetic dataset,"FIR No. 1171/2026 records Rahul Khanna, age 39, as a person associated with the Ghaziabad, Crossings Republik area. The investigation record lists phone number 9411342637 and vehicle HR02KE6114. Records also mention an association with Crown Solutions. The recorded case category is No recorded case in synthetic dataset. A masked financial identifier XXXXXX4311 appears in the available records. Investigators are reviewing relevant locations, communications, meetings, and financial activity connected with this person. The available information is being cross-referenced with other FIRs, call records, transaction records, and meeting records for network analysis. These details represent investigative records and leads and are not, by themselves, a determination of guilt.",
P0172,Aditi Gupta,9132019390,19,"Gurugram, Sector 29",DL03QH6227,City Solutions,XXXXXX1265,No recorded case in synthetic dataset,"FIR No. 1172/2026 records Aditi Gupta, age 19, as a person associated with the Gurugram, Sector 29 area. The investigation record lists phone number 9132019390 and vehicle DL03QH6227. Records also mention an association with City Solutions. The recorded case category is No recorded case in synthetic dataset. A masked financial identifier XXXXXX1265 appears in the available records. Investigators are reviewing relevant locations, communications, meetings, and financial activity connected with this person. The available information is being cross-referenced with other FIRs, call records, transaction records, and meeting records for network analysis. These details represent investigative records and leads and are not, by themselves, a determination of guilt.",
P0173,Divya Aggarwal,9835355151,47,"Delhi, Connaught Place",UP09FG4494,Rapid Trading,XXXXXX2691,No recorded case in synthetic dataset,"FIR No. 1173/2026 records Divya Aggarwal, age 47, as a person associated with the Delhi, Connaught Place area. The investigation record lists phone number 9835355151 and vehicle UP09FG4494. Records also mention an association with Rapid Trading. The recorded case category is No recorded case in synthetic dataset. A masked financial identifier XXXXXX2691 appears in the available records. Investigators are reviewing relevant locations, communications, meetings, and financial activity connected with this person. The available information is being cross-referenced with other FIRs, call records, transaction records, and meeting records for network analysis. These details represent investigative records and leads and are not, by themselves, a determination of guilt.",
P0174,Rahul Pandey,9222383158,57,"Gurugram, DLF Phase 3",UP07XC5346,Sahara Solutions,XXXXXX2669,Fraud,"FIR No. 1174/2026 records Rahul Pandey, age 57, as a person associated with the Gurugram, DLF Phase 3 area. The investigation record lists phone number 9222383158 and vehicle UP07XC5346. Records also mention an association with Sahara Solutions. The recorded case category is Fraud. A masked financial identifier XXXXXX2669 appears in the available records. Investigators are reviewing relevant locations, communications, meetings, and financial activity connected with this person. The available information is being cross-referenced with other FIRs, call records, transaction records, and meeting records for network analysis. These details represent investigative records and leads and are not, by themselves, a determination of guilt.",Hindi
P0175,Ravi Yadav,9230752974,53,"Faridabad, NIT",DL07BQ1357,Horizon Solutions,XXXXXX1548,Narcotics-related offence,"FIR No. 1175/2026 records Ravi Yadav, age 53, as a person associated with the Faridabad, NIT area. The investigation record lists phone number 9230752974 and vehicle DL07BQ1357. Records also mention an association with Horizon Solutions. The recorded case category is Narcotics-related offence. A masked financial identifier XXXXXX1548 appears in the available records. Investigators are reviewing relevant locations, communications, meetings, and financial activity connected with this person. The available information is being cross-referenced with other FIRs, call records, transaction records, and meeting records for network analysis. These details represent investigative records and leads and are not, by themselves, a determination of guilt.",Hindi
P0176,Rahul Mishra,9646293717,40,"Greater Noida, Pari Chowk",UP07VL1512,Prime Services,XXXXXX4644,Fraud,"FIR No. 1176/2026 records Rahul Mishra, age 40, as a person associated with the Greater Noida, Pari Chowk area. The investigation record lists phone number 9646293717 and vehicle UP07VL1512. Records also mention an association with Prime Services. The recorded case category is Fraud. A masked financial identifier XXXXXX4644 appears in the available records. Investigators are reviewing relevant locations, communications, meetings, and financial activity connected with this person. The available information is being cross-referenced with other FIRs, call records, transaction records, and meeting records for network analysis. These details represent investigative records and leads and are not, by themselves, a determination of guilt.",Punjabi
P0177,Shreya Dahiya,9642552400,49,"Delhi, Pitampura",UP04LP4168,Blue Enterprises,XXXXXX5138,Criminal Intimidation,"FIR No. 1177/2026 records Shreya Dahiya, age 49, as a person associated with the Delhi, Pitampura area. The investigation record lists phone number 9642552400 and vehicle UP04LP4168. Records also mention an association with Blue Enterprises. The recorded case category is Criminal Intimidation. A masked financial identifier XXXXXX5138 appears in the available records. Investigators are reviewing relevant locations, communications, meetings, and financial activity connected with this person. The available information is being cross-referenced with other FIRs, call records, transaction records, and meeting records for network analysis. These details represent investigative records and leads and are not, by themselves, a determination of guilt.",English
P0178,Varun Saxena,9818534497,55,"Ghaziabad, Raj Nagar",DL03OL7336,National Warehousing,XXXXXX7411,Narcotics-related offence,"FIR No. 1178/2026 records Varun Saxena, age 55, as a person associated with the Ghaziabad, Raj Nagar area. The investigation record lists phone number 9818534497 and vehicle DL03OL7336. Records also mention an association with National Warehousing. The recorded case category is Narcotics-related offence. A masked financial identifier XXXXXX7411 appears in the available records. Investigators are reviewing relevant locations, communications, meetings, and financial activity connected with this person. The available information is being cross-referenced with other FIRs, call records, transaction records, and meeting records for network analysis. These details represent investigative records and leads and are not, by themselves, a determination of guilt.",Punjabi
P0179,Sonam Bhardwaj,9441483121,24,"Greater Noida, Pari Chowk",UP08XT3089,Metro Transport,XXXXXX6391,No recorded case in synthetic dataset,"FIR No. 1179/2026 records Sonam Bhardwaj, age 24, as a person associated with the Greater Noida, Pari Chowk area. The investigation record lists phone number 9441483121 and vehicle UP08XT3089. Records also mention an association with Metro Transport. The recorded case category is No recorded case in synthetic dataset. A masked financial identifier XXXXXX6391 appears in the available records. Investigators are reviewing relevant locations, communications, meetings, and financial activity connected with this person. The available information is being cross-referenced with other FIRs, call records, transaction records, and meeting records for network analysis. These details represent investigative records and leads and are not, by themselves, a determination of guilt.",
P0180,Ravi Bhardwaj,9975443680,25,"Gurugram, DLF Phase 2",DL01EL1861,Galaxy Suppliers,XXXXXX2533,Narcotics-related offence,"FIR No. 1180/2026 records Ravi Bhardwaj, age 25, as a person associated with the Gurugram, DLF Phase 2 area. The investigation record lists phone number 9975443680 and vehicle DL01EL1861. Records also mention an association with Galaxy Suppliers. The recorded case category is Narcotics-related offence. A masked financial identifier XXXXXX2533 appears in the available records. Investigators are reviewing relevant locations, communications, meetings, and financial activity connected with this person. The available information is being cross-referenced with other FIRs, call records, transaction records, and meeting records for network analysis. These details represent investigative records and leads and are not, by themselves, a determination of guilt.",English
P0181,Pooja Pandey,9318481155,48,"Noida, Sector 63",HR04AZ6951,City Solutions,XXXXXX1667,Cyber Fraud,"FIR No. 1181/2026 records Pooja Pandey, age 48, as a person associated with the Noida, Sector 63 area. The investigation record lists phone number 9318481155 and vehicle HR04AZ6951. Records also mention an association with City Solutions. The recorded case category is Cyber Fraud. A masked financial identifier XXXXXX1667 appears in the available records. Investigators are reviewing relevant locations, communications, meetings, and financial activity connected with this person. The available information is being cross-referenced with other FIRs, call records, transaction records, and meeting records for network analysis. These details represent investigative records and leads and are not, by themselves, a determination of guilt.",Hindi
P0182,Nikhil Bhati,9738110159,33,"Noida, Greater Noida West",UP08CS6781,Blue Transport,XXXXXX7729,Theft,"FIR No. 1182/2026 records Nikhil Bhati, age 33, as a person associated with the Noida, Greater Noida West area. The investigation record lists phone number 9738110159 and vehicle UP08CS6781. Records also mention an association with Blue Transport. The recorded case category is Theft. A masked financial identifier XXXXXX7729 appears in the available records. Investigators are reviewing relevant locations, communications, meetings, and financial activity connected with this person. The available information is being cross-referenced with other FIRs, call records, transaction records, and meeting records for network analysis. These details represent investigative records and leads and are not, by themselves, a determination of guilt.",Punjabi
P0183,Riya Singh,9877962023,43,"Faridabad, Sector 37",UP09ZJ8623,National Solutions,XXXXXX7125,Extortion,"FIR No. 1183/2026 records Riya Singh, age 43, as a person associated with the Faridabad, Sector 37 area. The investigation record lists phone number 9877962023 and vehicle UP09ZJ8623. Records also mention an association with National Solutions. The recorded case category is Extortion. A masked financial identifier XXXXXX7125 appears in the available records. Investigators are reviewing relevant locations, communications, meetings, and financial activity connected with this person. The available information is being cross-referenced with other FIRs, call records, transaction records, and meeting records for network analysis. These details represent investigative records and leads and are not, by themselves, a determination of guilt.",English
P0184,Simran Meena,9777557744,47,"Greater Noida, Alpha 1",UP03VW3738,Shree Trading,XXXXXX9757,Robbery,"FIR No. 1184/2026 records Simran Meena, age 47, as a person associated with the Greater Noida, Alpha 1 area. The investigation record lists phone number 9777557744 and vehicle UP03VW3738. Records also mention an association with Shree Trading. The recorded case category is Robbery. A masked financial identifier XXXXXX9757 appears in the available records. Investigators are reviewing relevant locations, communications, meetings, and financial activity connected with this person. The available information is being cross-referenced with other FIRs, call records, transaction records, and meeting records for network analysis. These details represent investigative records and leads and are not, by themselves, a determination of guilt.",Punjabi
P0185,Varun Mishra,9533949330,48,"Delhi, Laxmi Nagar",HR07BR5027,Blue Enterprises,XXXXXX3135,Robbery,"FIR No. 1185/2026 records Varun Mishra, age 48, as a person associated with the Delhi, Laxmi Nagar area. The investigation record lists phone number 9533949330 and vehicle HR07BR5027. Records also mention an association with Blue Enterprises. The recorded case category is Robbery. A masked financial identifier XXXXXX3135 appears in the available records. Investigators are reviewing relevant locations, communications, meetings, and financial activity connected with this person. The available information is being cross-referenced with other FIRs, call records, transaction records, and meeting records for network analysis. These details represent investigative records and leads and are not, by themselves, a determination of guilt.",Hindi
P0186,Kavya Saini,9537086584,54,"Gurugram, Manesar",HR01YF4664,Royal Logistics,XXXXXX2015,Robbery,"FIR No. 1186/2026 records Kavya Saini, age 54, as a person associated with the Gurugram, Manesar area. The investigation record lists phone number 9537086584 and vehicle HR01YF4664. Records also mention an association with Royal Logistics. The recorded case category is Robbery. A masked financial identifier XXXXXX2015 appears in the available records. Investigators are reviewing relevant locations, communications, meetings, and financial activity connected with this person. The available information is being cross-referenced with other FIRs, call records, transaction records, and meeting records for network analysis. These details represent investigative records and leads and are not, by themselves, a determination of guilt.",Hindi
P0187,Divya Saxena,9869003601,54,"Delhi, Okhla",UP01MD3885,Sahara Trading,XXXXXX8685,Narcotics-related offence,"FIR No. 1187/2026 records Divya Saxena, age 54, as a person associated with the Delhi, Okhla area. The investigation record lists phone number 9869003601 and vehicle UP01MD3885. Records also mention an association with Sahara Trading. The recorded case category is Narcotics-related offence. A masked financial identifier XXXXXX8685 appears in the available records. Investigators are reviewing relevant locations, communications, meetings, and financial activity connected with this person. The available information is being cross-referenced with other FIRs, call records, transaction records, and meeting records for network analysis. These details represent investigative records and leads and are not, by themselves, a determination of guilt.",Punjabi
P0188,Priya Bhati,9196137805,35,"Ghaziabad, Raj Nagar",DL07TT5812,City Services,XXXXXX2835,Robbery,"FIR No. 1188/2026 records Priya Bhati, age 35, as a person associated with the Ghaziabad, Raj Nagar area. The investigation record lists phone number 9196137805 and vehicle DL07TT5812. Records also mention an association with City Services. The recorded case category is Robbery. A masked financial identifier XXXXXX2835 appears in the available records. Investigators are reviewing relevant locations, communications, meetings, and financial activity connected with this person. The available information is being cross-referenced with other FIRs, call records, transaction records, and meeting records for network analysis. These details represent investigative records and leads and are not, by themselves, a determination of guilt.",Punjabi
P0189,Manish Kapoor,9624622466,26,"Greater Noida, Pari Chowk",HR03CM3618,Royal Solutions,XXXXXX7968,Extortion,"FIR No. 1189/2026 records Manish Kapoor, age 26, as a person associated with the Greater Noida, Pari Chowk area. The investigation record lists phone number 9624622466 and vehicle HR03CM3618. Records also mention an association with Royal Solutions. The recorded case category is Extortion. A masked financial identifier XXXXXX7968 appears in the available records. Investigators are reviewing relevant locations, communications, meetings, and financial activity connected with this person. The available information is being cross-referenced with other FIRs, call records, transaction records, and meeting records for network analysis. These details represent investigative records and leads and are not, by themselves, a determination of guilt.",Punjabi
P0190,Simran Meena,9833822099,57,"Noida, Greater Noida West",DL04BA6522,National Logistics,XXXXXX8289,No recorded case in synthetic dataset,"FIR No. 1190/2026 records Simran Meena, age 57, as a person associated with the Noida, Greater Noida West area. The investigation record lists phone number 9833822099 and vehicle DL04BA6522. Records also mention an association with National Logistics. The recorded case category is No recorded case in synthetic dataset. A masked financial identifier XXXXXX8289 appears in the available records. Investigators are reviewing relevant locations, communications, meetings, and financial activity connected with this person. The available information is being cross-referenced with other FIRs, call records, transaction records, and meeting records for network analysis. These details represent investigative records and leads and are not, by themselves, a determination of guilt.",
P0191,Karan Meena,9405800190,55,"Delhi, Shahdara",HR05AL4836,Apex Trading,XXXXXX7213,Forgery,"FIR No. 1191/2026 records Karan Meena, age 55, as a person associated with the Delhi, Shahdara area. The investigation record lists phone number 9405800190 and vehicle HR05AL4836. Records also mention an association with Apex Trading. The recorded case category is Forgery. A masked financial identifier XXXXXX7213 appears in the available records. Investigators are reviewing relevant locations, communications, meetings, and financial activity connected with this person. The available information is being cross-referenced with other FIRs, call records, transaction records, and meeting records for network analysis. These details represent investigative records and leads and are not, by themselves, a determination of guilt.",Hindi
P0192,Isha Jain,9432026182,29,"Gurugram, Sector 29",DL01DN5032,Sahara Logistics,XXXXXX9676,No recorded case in synthetic dataset,"FIR No. 1192/2026 records Isha Jain, age 29, as a person associated with the Gurugram, Sector 29 area. The investigation record lists phone number 9432026182 and vehicle DL01DN5032. Records also mention an association with Sahara Logistics. The recorded case category is No recorded case in synthetic dataset. A masked financial identifier XXXXXX9676 appears in the available records. Investigators are reviewing relevant locations, communications, meetings, and financial activity connected with this person. The available information is being cross-referenced with other FIRs, call records, transaction records, and meeting records for network analysis. These details represent investigative records and leads and are not, by themselves, a determination of guilt.",
P0193,Rohan Yadav,9841825028,42,"Delhi, Narela",UP02WN4204,Trinity Trading,XXXXXX6385,Extortion,"FIR No. 1193/2026 records Rohan Yadav, age 42, as a person associated with the Delhi, Narela area. The investigation record lists phone number 9841825028 and vehicle UP02WN4204. Records also mention an association with Trinity Trading. The recorded case category is Extortion. A masked financial identifier XXXXXX6385 appears in the available records. Investigators are reviewing relevant locations, communications, meetings, and financial activity connected with this person. The available information is being cross-referenced with other FIRs, call records, transaction records, and meeting records for network analysis. These details represent investigative records and leads and are not, by themselves, a determination of guilt.",English
P0194,Ananya Dahiya,9294701101,57,"Gurugram, Manesar",DL02OP8568,North Warehousing,XXXXXX2937,No recorded case in synthetic dataset,"FIR No. 1194/2026 records Ananya Dahiya, age 57, as a person associated with the Gurugram, Manesar area. The investigation record lists phone number 9294701101 and vehicle DL02OP8568. Records also mention an association with North Warehousing. The recorded case category is No recorded case in synthetic dataset. A masked financial identifier XXXXXX2937 appears in the available records. Investigators are reviewing relevant locations, communications, meetings, and financial activity connected with this person. The available information is being cross-referenced with other FIRs, call records, transaction records, and meeting records for network analysis. These details represent investigative records and leads and are not, by themselves, a determination of guilt.",
P0195,Preeti Malik,9540507039,29,"Noida, Sector 16",HR04BS3708,United Enterprises,XXXXXX3793,Cyber Fraud,"FIR No. 1195/2026 records Preeti Malik, age 29, as a person associated with the Noida, Sector 16 area. The investigation record lists phone number 9540507039 and vehicle HR04BS3708. Records also mention an association with United Enterprises. The recorded case category is Cyber Fraud. A masked financial identifier XXXXXX3793 appears in the available records. Investigators are reviewing relevant locations, communications, meetings, and financial activity connected with this person. The available information is being cross-referenced with other FIRs, call records, transaction records, and meeting records for network analysis. These details represent investigative records and leads and are not, by themselves, a determination of guilt.",English
P0196,Nikhil Bhardwaj,9845965619,44,"Delhi, Okhla",HR04PG1719,Evergreen Services,XXXXXX4525,No recorded case in synthetic dataset,"FIR No. 1196/2026 records Nikhil Bhardwaj, age 44, as a person associated with the Delhi, Okhla area. The investigation record lists phone number 9845965619 and vehicle HR04PG1719. Records also mention an association with Evergreen Services. The recorded case category is No recorded case in synthetic dataset. A masked financial identifier XXXXXX4525 appears in the available records. Investigators are reviewing relevant locations, communications, meetings, and financial activity connected with this person. The available information is being cross-referenced with other FIRs, call records, transaction records, and meeting records for network analysis. These details represent investigative records and leads and are not, by themselves, a determination of guilt.",
P0197,Pooja Arora,9992978685,49,"Ghaziabad, Kaushambi",HR03UD9697,Star Services,XXXXXX1856,No recorded case in synthetic dataset,"FIR No. 1197/2026 records Pooja Arora, age 49, as a person associated with the Ghaziabad, Kaushambi area. The investigation record lists phone number 9992978685 and vehicle HR03UD9697. Records also mention an association with Star Services. The recorded case category is No recorded case in synthetic dataset. A masked financial identifier XXXXXX1856 appears in the available records. Investigators are reviewing relevant locations, communications, meetings, and financial activity connected with this person. The available information is being cross-referenced with other FIRs, call records, transaction records, and meeting records for network analysis. These details represent investigative records and leads and are not, by themselves, a determination of guilt.",
P0198,Jyoti Bansal,9689957195,24,"Ghaziabad, Raj Nagar",HR07EC6001,Shree Warehousing,XXXXXX9052,Extortion,"FIR No. 1198/2026 records Jyoti Bansal, age 24, as a person associated with the Ghaziabad, Raj Nagar area. The investigation record lists phone number 9689957195 and vehicle HR07EC6001. Records also mention an association with Shree Warehousing. The recorded case category is Extortion. A masked financial identifier XXXXXX9052 appears in the available records. Investigators are reviewing relevant locations, communications, meetings, and financial activity connected with this person. The available information is being cross-referenced with other FIRs, call records, transaction records, and meeting records for network analysis. These details represent investigative records and leads and are not, by themselves, a determination of guilt.",Hindi
P0199,Preeti Singh,9956977244,43,"Delhi, Karol Bagh",HR03QT6981,Galaxy Suppliers,XXXXXX3692,Vehicle Theft,"FIR No. 1199/2026 records Preeti Singh, age 43, as a person associated with the Delhi, Karol Bagh area. The investigation record lists phone number 9956977244 and vehicle HR03QT6981. Records also mention an association with Galaxy Suppliers. The recorded case category is Vehicle Theft. A masked financial identifier XXXXXX3692 appears in the available records. Investigators are reviewing relevant locations, communications, meetings, and financial activity connected with this person. The available information is being cross-referenced with other FIRs, call records, transaction records, and meeting records for network analysis. These details represent investigative records and leads and are not, by themselves, a determination of guilt.",Hindi
P0200,Preeti Khanna,9726690662,57,"Noida, Greater Noida West",UP07YI8060,Blue Logistics,XXXXXX4236,No recorded case in synthetic dataset,"FIR No. 1200/2026 records Preeti Khanna, age 57, as a person associated with the Noida, Greater Noida West area. The investigation record lists phone number 9726690662 and vehicle UP07YI8060. Records also mention an association with Blue Logistics. The recorded case category is No recorded case in synthetic dataset. A masked financial identifier XXXXXX4236 appears in the available records. Investigators are reviewing relevant locations, communications, meetings, and financial activity connected with this person. The available information is being cross-referenced with other FIRs, call records, transaction records, and meeting records for network analysis. These details represent investigative records and leads and are not, by themselves, a determination of guilt.",
P0201,Rahul Bansal,9869678125,34,"Delhi, Connaught Place",HR08FM3700,Royal Solutions,XXXXXX4473,Robbery,"FIR No. 1201/2026 records Rahul Bansal, age 34, as a person associated with the Delhi, Connaught Place area. The investigation record lists phone number 9869678125 and vehicle HR08FM3700. Records also mention an association with Royal Solutions. The recorded case category is Robbery. A masked financial identifier XXXXXX4473 appears in the available records. Investigators are reviewing relevant locations, communications, meetings, and financial activity connected with this person. The available information is being cross-referenced with other FIRs, call records, transaction records, and meeting records for network analysis. These details represent investigative records and leads and are not, by themselves, a determination of guilt.",English
P0202,Manish Gupta,9170512193,49,"Greater Noida, Pari Chowk",DL07RO8051,Metro Logistics,XXXXXX6150,Vehicle Theft,"FIR No. 1202/2026 records Manish Gupta, age 49, as a person associated with the Greater Noida, Pari Chowk area. The investigation record lists phone number 9170512193 and vehicle DL07RO8051. Records also mention an association with Metro Logistics. The recorded case category is Vehicle Theft. A masked financial identifier XXXXXX6150 appears in the available records. Investigators are reviewing relevant locations, communications, meetings, and financial activity connected with this person. The available information is being cross-referenced with other FIRs, call records, transaction records, and meeting records for network analysis. These details represent investigative records and leads and are not, by themselves, a determination of guilt.",Hindi
P0203,Naina Chauhan,9218463665,23,"Delhi, Laxmi Nagar",UP03RN9174,Blue Trading,XXXXXX5566,No recorded case in synthetic dataset,"FIR No. 1203/2026 records Naina Chauhan, age 23, as a person associated with the Delhi, Laxmi Nagar area. The investigation record lists phone number 9218463665 and vehicle UP03RN9174. Records also mention an association with Blue Trading. The recorded case category is No recorded case in synthetic dataset. A masked financial identifier XXXXXX5566 appears in the available records. Investigators are reviewing relevant locations, communications, meetings, and financial activity connected with this person. The available information is being cross-referenced with other FIRs, call records, transaction records, and meeting records for network analysis. These details represent investigative records and leads and are not, by themselves, a determination of guilt.",
P0204,Riya Singh,9904878579,37,"Ghaziabad, Crossings Republik",UP09LW9954,Rapid Services,XXXXXX2346,No recorded case in synthetic dataset,"FIR No. 1204/2026 records Riya Singh, age 37, as a person associated with the Ghaziabad, Crossings Republik area. The investigation record lists phone number 9904878579 and vehicle UP09LW9954. Records also mention an association with Rapid Services. The recorded case category is No recorded case in synthetic dataset. A masked financial identifier XXXXXX2346 appears in the available records. Investigators are reviewing relevant locations, communications, meetings, and financial activity connected with this person. The available information is being cross-referenced with other FIRs, call records, transaction records, and meeting records for network analysis. These details represent investigative records and leads and are not, by themselves, a determination of guilt.",
P0205,Jyoti Gupta,9953851859,44,"Delhi, Connaught Place",DL06XL1353,Prime Services,XXXXXX1682,Criminal Intimidation,"FIR No. 1205/2026 records Jyoti Gupta, age 44, as a person associated with the Delhi, Connaught Place area. The investigation record lists phone number 9953851859 and vehicle DL06XL1353. Records also mention an association with Prime Services. The recorded case category is Criminal Intimidation. A masked financial identifier XXXXXX1682 appears in the available records. Investigators are reviewing relevant locations, communications, meetings, and financial activity connected with this person. The available information is being cross-referenced with other FIRs, call records, transaction records, and meeting records for network analysis. These details represent investigative records and leads and are not, by themselves, a determination of guilt.",English
P0206,Mohit Goyal,9994363669,22,"Noida, Sector 63",HR02VF4892,Shree Transport,XXXXXX8790,Robbery,"FIR No. 1206/2026 records Mohit Goyal, age 22, as a person associated with the Noida, Sector 63 area. The investigation record lists phone number 9994363669 and vehicle HR02VF4892. Records also mention an association with Shree Transport. The recorded case category is Robbery. A masked financial identifier XXXXXX8790 appears in the available records. Investigators are reviewing relevant locations, communications, meetings, and financial activity connected with this person. The available information is being cross-referenced with other FIRs, call records, transaction records, and meeting records for network analysis. These details represent investigative records and leads and are not, by themselves, a determination of guilt.",English
P0207,Jyoti Tyagi,9976145936,52,"Noida, Sector 27",UP02DT2873,Evergreen Trading,XXXXXX1182,Vehicle Theft,"FIR No. 1207/2026 records Jyoti Tyagi, age 52, as a person associated with the Noida, Sector 27 area. The investigation record lists phone number 9976145936 and vehicle UP02DT2873. Records also mention an association with Evergreen Trading. The recorded case category is Vehicle Theft. A masked financial identifier XXXXXX1182 appears in the available records. Investigators are reviewing relevant locations, communications, meetings, and financial activity connected with this person. The available information is being cross-referenced with other FIRs, call records, transaction records, and meeting records for network analysis. These details represent investigative records and leads and are not, by themselves, a determination of guilt.",Hindi
P0208,Naina Meena,9338242009,44,"Delhi, Connaught Place",HR02GB4074,Trinity Suppliers,XXXXXX6616,Narcotics-related offence,"FIR No. 1208/2026 records Naina Meena, age 44, as a person associated with the Delhi, Connaught Place area. The investigation record lists phone number 9338242009 and vehicle HR02GB4074. Records also mention an association with Trinity Suppliers. The recorded case category is Narcotics-related offence. A masked financial identifier XXXXXX6616 appears in the available records. Investigators are reviewing relevant locations, communications, meetings, and financial activity connected with this person. The available information is being cross-referenced with other FIRs, call records, transaction records, and meeting records for network analysis. These details represent investigative records and leads and are not, by themselves, a determination of guilt.",English
P0209,Mehak Mishra,9842160266,38,"Noida, Sector 27",UP04HU6381,Galaxy Logistics,XXXXXX6581,No recorded case in synthetic dataset,"FIR No. 1209/2026 records Mehak Mishra, age 38, as a person associated with the Noida, Sector 27 area. The investigation record lists phone number 9842160266 and vehicle UP04HU6381. Records also mention an association with Galaxy Logistics. The recorded case category is No recorded case in synthetic dataset. A masked financial identifier XXXXXX6581 appears in the available records. Investigators are reviewing relevant locations, communications, meetings, and financial activity connected with this person. The available information is being cross-referenced with other FIRs, call records, transaction records, and meeting records for network analysis. These details represent investigative records and leads and are not, by themselves, a determination of guilt.",
P0210,Naina Saini,9218197606,57,"Delhi, Shahdara",UP02IO7707,National Solutions,XXXXXX8423,Criminal Intimidation,"FIR No. 1210/2026 records Naina Saini, age 57, as a person associated with the Delhi, Shahdara area. The investigation record lists phone number 9218197606 and vehicle UP02IO7707. Records also mention an association with National Solutions. The recorded case category is Criminal Intimidation. A masked financial identifier XXXXXX8423 appears in the available records. Investigators are reviewing relevant locations, communications, meetings, and financial activity connected with this person. The available information is being cross-referenced with other FIRs, call records, transaction records, and meeting records for network analysis. These details represent investigative records and leads and are not, by themselves, a determination of guilt.",English
P0211,Mehak Rana,9512016113,45,"Ghaziabad, Kaushambi",DL04YZ8305,Frontier Solutions,XXXXXX8269,No recorded case in synthetic dataset,"FIR No. 1211/2026 records Mehak Rana, age 45, as a person associated with the Ghaziabad, Kaushambi area. The investigation record lists phone number 9512016113 and vehicle DL04YZ8305. Records also mention an association with Frontier Solutions. The recorded case category is No recorded case in synthetic dataset. A masked financial identifier XXXXXX8269 appears in the available records. Investigators are reviewing relevant locations, communications, meetings, and financial activity connected with this person. The available information is being cross-referenced with other FIRs, call records, transaction records, and meeting records for network analysis. These details represent investigative records and leads and are not, by themselves, a determination of guilt.",
P0212,Sonam Saxena,9181655547,37,"Greater Noida, Alpha 1",DL08PE7482,Trinity Warehousing,XXXXXX5838,Fraud,"FIR No. 1212/2026 records Sonam Saxena, age 37, as a person associated with the Greater Noida, Alpha 1 area. The investigation record lists phone number 9181655547 and vehicle DL08PE7482. Records also mention an association with Trinity Warehousing. The recorded case category is Fraud. A masked financial identifier XXXXXX5838 appears in the available records. Investigators are reviewing relevant locations, communications, meetings, and financial activity connected with this person. The available information is being cross-referenced with other FIRs, call records, transaction records, and meeting records for network analysis. These details represent investigative records and leads and are not, by themselves, a determination of guilt.",Hindi
P0213,Pooja Tyagi,9967198648,40,"Delhi, Connaught Place",UP04QD1103,Apex Transport,XXXXXX8405,Forgery,"FIR No. 1213/2026 records Pooja Tyagi, age 40, as a person associated with the Delhi, Connaught Place area. The investigation record lists phone number 9967198648 and vehicle UP04QD1103. Records also mention an association with Apex Transport. The recorded case category is Forgery. A masked financial identifier XXXXXX8405 appears in the available records. Investigators are reviewing relevant locations, communications, meetings, and financial activity connected with this person. The available information is being cross-referenced with other FIRs, call records, transaction records, and meeting records for network analysis. These details represent investigative records and leads and are not, by themselves, a determination of guilt.",English
P0214,Aarav Verma,9694734389,25,"Delhi, Okhla",DL05JC8836,Rapid Trading,XXXXXX9015,Illegal Arms Possession,"FIR No. 1214/2026 records Aarav Verma, age 25, as a person associated with the Delhi, Okhla area. The investigation record lists phone number 9694734389 and vehicle DL05JC8836. Records also mention an association with Rapid Trading. The recorded case category is Illegal Arms Possession. A masked financial identifier XXXXXX9015 appears in the available records. Investigators are reviewing relevant locations, communications, meetings, and financial activity connected with this person. The available information is being cross-referenced with other FIRs, call records, transaction records, and meeting records for network analysis. These details represent investigative records and leads and are not, by themselves, a determination of guilt.",English
P0215,Muskan Gupta,9848885658,22,"Delhi, Rohini",UP08YE5307,Metro Suppliers,XXXXXX1501,Criminal Intimidation,"FIR No. 1215/2026 records Muskan Gupta, age 22, as a person associated with the Delhi, Rohini area. The investigation record lists phone number 9848885658 and vehicle UP08YE5307. Records also mention an association with Metro Suppliers. The recorded case category is Criminal Intimidation. A masked financial identifier XXXXXX1501 appears in the available records. Investigators are reviewing relevant locations, communications, meetings, and financial activity connected with this person. The available information is being cross-referenced with other FIRs, call records, transaction records, and meeting records for network analysis. These details represent investigative records and leads and are not, by themselves, a determination of guilt.",Hindi
P0216,Muskan Malik,9245789144,54,"Delhi, Rohini",UP06VT9604,Frontier Trading,XXXXXX8370,Theft,"FIR No. 1216/2026 records Muskan Malik, age 54, as a person associated with the Delhi, Rohini area. The investigation record lists phone number 9245789144 and vehicle UP06VT9604. Records also mention an association with Frontier Trading. The recorded case category is Theft. A masked financial identifier XXXXXX8370 appears in the available records. Investigators are reviewing relevant locations, communications, meetings, and financial activity connected with this person. The available information is being cross-referenced with other FIRs, call records, transaction records, and meeting records for network analysis. These details represent investigative records and leads and are not, by themselves, a determination of guilt.",English
P0217,Harsh Bansal,9423061366,30,"Gurugram, Sector 18",UP05EF2865,North Suppliers,XXXXXX7962,Forgery,"FIR No. 1217/2026 records Harsh Bansal, age 30, as a person associated with the Gurugram, Sector 18 area. The investigation record lists phone number 9423061366 and vehicle UP05EF2865. Records also mention an association with North Suppliers. The recorded case category is Forgery. A masked financial identifier XXXXXX7962 appears in the available records. Investigators are reviewing relevant locations, communications, meetings, and financial activity connected with this person. The available information is being cross-referenced with other FIRs, call records, transaction records, and meeting records for network analysis. These details represent investigative records and leads and are not, by themselves, a determination of guilt.",Hindi
P0218,Tanya Aggarwal,9957171139,38,"Gurugram, Sector 14",HR02BN2001,Galaxy Suppliers,XXXXXX2577,No recorded case in synthetic dataset,"FIR No. 1218/2026 records Tanya Aggarwal, age 38, as a person associated with the Gurugram, Sector 14 area. The investigation record lists phone number 9957171139 and vehicle HR02BN2001. Records also mention an association with Galaxy Suppliers. The recorded case category is No recorded case in synthetic dataset. A masked financial identifier XXXXXX2577 appears in the available records. Investigators are reviewing relevant locations, communications, meetings, and financial activity connected with this person. The available information is being cross-referenced with other FIRs, call records, transaction records, and meeting records for network analysis. These details represent investigative records and leads and are not, by themselves, a determination of guilt.",
P0219,Amit Khanna,9521137154,39,"Gurugram, Manesar",UP01XB7309,Crown Transport,XXXXXX4468,No recorded case in synthetic dataset,"FIR No. 1219/2026 records Amit Khanna, age 39, as a person associated with the Gurugram, Manesar area. The investigation record lists phone number 9521137154 and vehicle UP01XB7309. Records also mention an association with Crown Transport. The recorded case category is No recorded case in synthetic dataset. A masked financial identifier XXXXXX4468 appears in the available records. Investigators are reviewing relevant locations, communications, meetings, and financial activity connected with this person. The available information is being cross-referenced with other FIRs, call records, transaction records, and meeting records for network analysis. These details represent investigative records and leads and are not, by themselves, a determination of guilt.",
P0220,Arjun Malik,9819507935,58,"Noida, Sector 27",UP02MQ1973,North Logistics,XXXXXX1836,Robbery,"FIR No. 1220/2026 records Arjun Malik, age 58, as a person associated with the Noida, Sector 27 area. The investigation record lists phone number 9819507935 and vehicle UP02MQ1973. Records also mention an association with North Logistics. The recorded case category is Robbery. A masked financial identifier XXXXXX1836 appears in the available records. Investigators are reviewing relevant locations, communications, meetings, and financial activity connected with this person. The available information is being cross-referenced with other FIRs, call records, transaction records, and meeting records for network analysis. These details represent investigative records and leads and are not, by themselves, a determination of guilt.",English
P0221,Sumit Goyal,9184767678,32,"Gurugram, Sohna Road",DL02GN1339,North Enterprises,XXXXXX9983,No recorded case in synthetic dataset,"FIR No. 1221/2026 records Sumit Goyal, age 32, as a person associated with the Gurugram, Sohna Road area. The investigation record lists phone number 9184767678 and vehicle DL02GN1339. Records also mention an association with North Enterprises. The recorded case category is No recorded case in synthetic dataset. A masked financial identifier XXXXXX9983 appears in the available records. Investigators are reviewing relevant locations, communications, meetings, and financial activity connected with this person. The available information is being cross-referenced with other FIRs, call records, transaction records, and meeting records for network analysis. These details represent investigative records and leads and are not, by themselves, a determination of guilt.",
P0222,Karan Jain,9913365638,29,"Greater Noida, Pari Chowk",UP04SH1094,Metro Enterprises,XXXXXX9517,Forgery,"FIR No. 1222/2026 records Karan Jain, age 29, as a person associated with the Greater Noida, Pari Chowk area. The investigation record lists phone number 9913365638 and vehicle UP04SH1094. Records also mention an association with Metro Enterprises. The recorded case category is Forgery. A masked financial identifier XXXXXX9517 appears in the available records. Investigators are reviewing relevant locations, communications, meetings, and financial activity connected with this person. The available information is being cross-referenced with other FIRs, call records, transaction records, and meeting records for network analysis. These details represent investigative records and leads and are not, by themselves, a determination of guilt.",Punjabi
P0223,Aditi Bhati,9248814236,37,"Faridabad, Sector 15",DL05PZ6552,Metro Enterprises,XXXXXX7068,Theft,"FIR No. 1223/2026 records Aditi Bhati, age 37, as a person associated with the Faridabad, Sector 15 area. The investigation record lists phone number 9248814236 and vehicle DL05PZ6552. Records also mention an association with Metro Enterprises. The recorded case category is Theft. A masked financial identifier XXXXXX7068 appears in the available records. Investigators are reviewing relevant locations, communications, meetings, and financial activity connected with this person. The available information is being cross-referenced with other FIRs, call records, transaction records, and meeting records for network analysis. These details represent investigative records and leads and are not, by themselves, a determination of guilt.",English
P0224,Simran Yadav,9433394677,52,"Noida, Greater Noida West",UP01ZS1503,Rapid Logistics,XXXXXX3688,Illegal Arms Possession,"FIR No. 1224/2026 records Simran Yadav, age 52, as a person associated with the Noida, Greater Noida West area. The investigation record lists phone number 9433394677 and vehicle UP01ZS1503. Records also mention an association with Rapid Logistics. The recorded case category is Illegal Arms Possession. A masked financial identifier XXXXXX3688 appears in the available records. Investigators are reviewing relevant locations, communications, meetings, and financial activity connected with this person. The available information is being cross-referenced with other FIRs, call records, transaction records, and meeting records for network analysis. These details represent investigative records and leads and are not, by themselves, a determination of guilt.",Hindi
P0225,Mehak Bansal,9628416846,40,"Noida, Greater Noida West",HR06GM5976,Galaxy Solutions,XXXXXX9783,Narcotics-related offence,"FIR No. 1225/2026 records Mehak Bansal, age 40, as a person associated with the Noida, Greater Noida West area. The investigation record lists phone number 9628416846 and vehicle HR06GM5976. Records also mention an association with Galaxy Solutions. The recorded case category is Narcotics-related offence. A masked financial identifier XXXXXX9783 appears in the available records. Investigators are reviewing relevant locations, communications, meetings, and financial activity connected with this person. The available information is being cross-referenced with other FIRs, call records, transaction records, and meeting records for network analysis. These details represent investigative records and leads and are not, by themselves, a determination of guilt.",Hindi
P0226,Pooja Goyal,9854940317,57,"Delhi, Narela",UP03YG9608,Sahara Warehousing,XXXXXX1085,Narcotics-related offence,"FIR No. 1226/2026 records Pooja Goyal, age 57, as a person associated with the Delhi, Narela area. The investigation record lists phone number 9854940317 and vehicle UP03YG9608. Records also mention an association with Sahara Warehousing. The recorded case category is Narcotics-related offence. A masked financial identifier XXXXXX1085 appears in the available records. Investigators are reviewing relevant locations, communications, meetings, and financial activity connected with this person. The available information is being cross-referenced with other FIRs, call records, transaction records, and meeting records for network analysis. These details represent investigative records and leads and are not, by themselves, a determination of guilt.",English
P0227,Saurabh Goyal,9194093778,22,"Delhi, Karol Bagh",DL02IX1749,City Trading,XXXXXX3756,Cyber Fraud,"FIR No. 1227/2026 records Saurabh Goyal, age 22, as a person associated with the Delhi, Karol Bagh area. The investigation record lists phone number 9194093778 and vehicle DL02IX1749. Records also mention an association with City Trading. The recorded case category is Cyber Fraud. A masked financial identifier XXXXXX3756 appears in the available records. Investigators are reviewing relevant locations, communications, meetings, and financial activity connected with this person. The available information is being cross-referenced with other FIRs, call records, transaction records, and meeting records for network analysis. These details represent investigative records and leads and are not, by themselves, a determination of guilt.",English
P0228,Amit Kapoor,9969079897,34,"Gurugram, DLF Phase 3",UP08DI6729,Horizon Enterprises,XXXXXX5949,Forgery,"FIR No. 1228/2026 records Amit Kapoor, age 34, as a person associated with the Gurugram, DLF Phase 3 area. The investigation record lists phone number 9969079897 and vehicle UP08DI6729. Records also mention an association with Horizon Enterprises. The recorded case category is Forgery. A masked financial identifier XXXXXX5949 appears in the available records. Investigators are reviewing relevant locations, communications, meetings, and financial activity connected with this person. The available information is being cross-referenced with other FIRs, call records, transaction records, and meeting records for network analysis. These details represent investigative records and leads and are not, by themselves, a determination of guilt.",Punjabi
P0229,Vivaan Meena,9486981881,46,"Greater Noida, Alpha 1",DL03OI9873,Prime Logistics,XXXXXX7709,No recorded case in synthetic dataset,"FIR No. 1229/2026 records Vivaan Meena, age 46, as a person associated with the Greater Noida, Alpha 1 area. The investigation record lists phone number 9486981881 and vehicle DL03OI9873. Records also mention an association with Prime Logistics. The recorded case category is No recorded case in synthetic dataset. A masked financial identifier XXXXXX7709 appears in the available records. Investigators are reviewing relevant locations, communications, meetings, and financial activity connected with this person. The available information is being cross-referenced with other FIRs, call records, transaction records, and meeting records for network analysis. These details represent investigative records and leads and are not, by themselves, a determination of guilt.",
P0230,Yash Ahuja,9415387808,54,"Faridabad, Sector 15",HR04UY5159,Sahara Trading,XXXXXX6847,Cyber Fraud,"FIR No. 1230/2026 records Yash Ahuja, age 54, as a person associated with the Faridabad, Sector 15 area. The investigation record lists phone number 9415387808 and vehicle HR04UY5159. Records also mention an association with Sahara Trading. The recorded case category is Cyber Fraud. A masked financial identifier XXXXXX6847 appears in the available records. Investigators are reviewing relevant locations, communications, meetings, and financial activity connected with this person. The available information is being cross-referenced with other FIRs, call records, transaction records, and meeting records for network analysis. These details represent investigative records and leads and are not, by themselves, a determination of guilt.",English
P0231,Manish Dahiya,9499472192,44,"Noida, Sector 15",HR05ZO7845,Frontier Warehousing,XXXXXX3236,Criminal Intimidation,"FIR No. 1231/2026 records Manish Dahiya, age 44, as a person associated with the Noida, Sector 15 area. The investigation record lists phone number 9499472192 and vehicle HR05ZO7845. Records also mention an association with Frontier Warehousing. The recorded case category is Criminal Intimidation. A masked financial identifier XXXXXX3236 appears in the available records. Investigators are reviewing relevant locations, communications, meetings, and financial activity connected with this person. The available information is being cross-referenced with other FIRs, call records, transaction records, and meeting records for network analysis. These details represent investigative records and leads and are not, by themselves, a determination of guilt.",Hindi
P0232,Sakshi Meena,9566906199,19,"Noida, Sector 27",UP06IY4032,Blue Suppliers,XXXXXX3833,No recorded case in synthetic dataset,"FIR No. 1232/2026 records Sakshi Meena, age 19, as a person associated with the Noida, Sector 27 area. The investigation record lists phone number 9566906199 and vehicle UP06IY4032. Records also mention an association with Blue Suppliers. The recorded case category is No recorded case in synthetic dataset. A masked financial identifier XXXXXX3833 appears in the available records. Investigators are reviewing relevant locations, communications, meetings, and financial activity connected with this person. The available information is being cross-referenced with other FIRs, call records, transaction records, and meeting records for network analysis. These details represent investigative records and leads and are not, by themselves, a determination of guilt.",
P0233,Preeti Arora,9688627749,21,"Gurugram, Sector 18",DL08QL7975,Horizon Suppliers,XXXXXX9965,No recorded case in synthetic dataset,"FIR No. 1233/2026 records Preeti Arora, age 21, as a person associated with the Gurugram, Sector 18 area. The investigation record lists phone number 9688627749 and vehicle DL08QL7975. Records also mention an association with Horizon Suppliers. The recorded case category is No recorded case in synthetic dataset. A masked financial identifier XXXXXX9965 appears in the available records. Investigators are reviewing relevant locations, communications, meetings, and financial activity connected with this person. The available information is being cross-referenced with other FIRs, call records, transaction records, and meeting records for network analysis. These details represent investigative records and leads and are not, by themselves, a determination of guilt.",
P0234,Divya Sharma,9465806188,56,"Gurugram, DLF Phase 3",HR09KC7342,Rapid Enterprises,XXXXXX3190,No recorded case in synthetic dataset,"FIR No. 1234/2026 records Divya Sharma, age 56, as a person associated with the Gurugram, DLF Phase 3 area. The investigation record lists phone number 9465806188 and vehicle HR09KC7342. Records also mention an association with Rapid Enterprises. The recorded case category is No recorded case in synthetic dataset. A masked financial identifier XXXXXX3190 appears in the available records. Investigators are reviewing relevant locations, communications, meetings, and financial activity connected with this person. The available information is being cross-referenced with other FIRs, call records, transaction records, and meeting records for network analysis. These details represent investigative records and leads and are not, by themselves, a determination of guilt.",
P0235,Arjun Pandey,9764309731,24,"Delhi, Karol Bagh",UP04RH4448,Crown Solutions,XXXXXX2195,Robbery,"FIR No. 1235/2026 records Arjun Pandey, age 24, as a person associated with the Delhi, Karol Bagh area. The investigation record lists phone number 9764309731 and vehicle UP04RH4448. Records also mention an association with Crown Solutions. The recorded case category is Robbery. A masked financial identifier XXXXXX2195 appears in the available records. Investigators are reviewing relevant locations, communications, meetings, and financial activity connected with this person. The available information is being cross-referenced with other FIRs, call records, transaction records, and meeting records for network analysis. These details represent investigative records and leads and are not, by themselves, a determination of guilt.",Hindi
P0236,Nikhil Khanna,9346064306,30,"Delhi, Narela",UP03VU3398,Apex Transport,XXXXXX8327,No recorded case in synthetic dataset,"FIR No. 1236/2026 records Nikhil Khanna, age 30, as a person associated with the Delhi, Narela area. The investigation record lists phone number 9346064306 and vehicle UP03VU3398. Records also mention an association with Apex Transport. The recorded case category is No recorded case in synthetic dataset. A masked financial identifier XXXXXX8327 appears in the available records. Investigators are reviewing relevant locations, communications, meetings, and financial activity connected with this person. The available information is being cross-referenced with other FIRs, call records, transaction records, and meeting records for network analysis. These details represent investigative records and leads and are not, by themselves, a determination of guilt.",
P0237,Sonam Meena,9203945717,24,"Delhi, Connaught Place",UP08JV6090,Blue Solutions,XXXXXX6193,Fraud,"FIR No. 1237/2026 records Sonam Meena, age 24, as a person associated with the Delhi, Connaught Place area. The investigation record lists phone number 9203945717 and vehicle UP08JV6090. Records also mention an association with Blue Solutions. The recorded case category is Fraud. A masked financial identifier XXXXXX6193 appears in the available records. Investigators are reviewing relevant locations, communications, meetings, and financial activity connected with this person. The available information is being cross-referenced with other FIRs, call records, transaction records, and meeting records for network analysis. These details represent investigative records and leads and are not, by themselves, a determination of guilt.",Punjabi
P0238,Saurabh Narang,9113657738,34,"Gurugram, DLF Phase 3",DL08WR6264,Metro Logistics,XXXXXX5744,No recorded case in synthetic dataset,"FIR No. 1238/2026 records Saurabh Narang, age 34, as a person associated with the Gurugram, DLF Phase 3 area. The investigation record lists phone number 9113657738 and vehicle DL08WR6264. Records also mention an association with Metro Logistics. The recorded case category is No recorded case in synthetic dataset. A masked financial identifier XXXXXX5744 appears in the available records. Investigators are reviewing relevant locations, communications, meetings, and financial activity connected with this person. The available information is being cross-referenced with other FIRs, call records, transaction records, and meeting records for network analysis. These details represent investigative records and leads and are not, by themselves, a determination of guilt.",
P0239,Neha Chauhan,9753967583,34,"Faridabad, NIT",DL02SX2186,Prime Logistics,XXXXXX5448,Cyber Fraud,"FIR No. 1239/2026 records Neha Chauhan, age 34, as a person associated with the Faridabad, NIT area. The investigation record lists phone number 9753967583 and vehicle DL02SX2186. Records also mention an association with Prime Logistics. The recorded case category is Cyber Fraud. A masked financial identifier XXXXXX5448 appears in the available records. Investigators are reviewing relevant locations, communications, meetings, and financial activity connected with this person. The available information is being cross-referenced with other FIRs, call records, transaction records, and meeting records for network analysis. These details represent investigative records and leads and are not, by themselves, a determination of guilt.",English
P0240,Saurabh Rana,9202764312,24,"Faridabad, NIT",UP04JC5044,Crown Services,XXXXXX1002,Fraud,"FIR No. 1240/2026 records Saurabh Rana, age 24, as a person associated with the Faridabad, NIT area. The investigation record lists phone number 9202764312 and vehicle UP04JC5044. Records also mention an association with Crown Services. The recorded case category is Fraud. A masked financial identifier XXXXXX1002 appears in the available records. Investigators are reviewing relevant locations, communications, meetings, and financial activity connected with this person. The available information is being cross-referenced with other FIRs, call records, transaction records, and meeting records for network analysis. These details represent investigative records and leads and are not, by themselves, a determination of guilt.",English
P0241,Naina Khanna,9548069031,22,"Gurugram, Sohna Road",UP07WO6079,Frontier Transport,XXXXXX8869,Narcotics-related offence,"FIR No. 1241/2026 records Naina Khanna, age 22, as a person associated with the Gurugram, Sohna Road area. The investigation record lists phone number 9548069031 and vehicle UP07WO6079. Records also mention an association with Frontier Transport. The recorded case category is Narcotics-related offence. A masked financial identifier XXXXXX8869 appears in the available records. Investigators are reviewing relevant locations, communications, meetings, and financial activity connected with this person. The available information is being cross-referenced with other FIRs, call records, transaction records, and meeting records for network analysis. These details represent investigative records and leads and are not, by themselves, a determination of guilt.",Hindi
P0242,Aarav Sharma,9502431435,50,"Noida, Greater Noida West",UP04PF7589,Horizon Services,XXXXXX1236,Robbery,"FIR No. 1242/2026 records Aarav Sharma, age 50, as a person associated with the Noida, Greater Noida West area. The investigation record lists phone number 9502431435 and vehicle UP04PF7589. Records also mention an association with Horizon Services. The recorded case category is Robbery. A masked financial identifier XXXXXX1236 appears in the available records. Investigators are reviewing relevant locations, communications, meetings, and financial activity connected with this person. The available information is being cross-referenced with other FIRs, call records, transaction records, and meeting records for network analysis. These details represent investigative records and leads and are not, by themselves, a determination of guilt.",Hindi
P0243,Vivaan Arora,9281112390,49,"Delhi, Saket",UP01HX1927,Blue Services,XXXXXX4918,Cyber Fraud,"FIR No. 1243/2026 records Vivaan Arora, age 49, as a person associated with the Delhi, Saket area. The investigation record lists phone number 9281112390 and vehicle UP01HX1927. Records also mention an association with Blue Services. The recorded case category is Cyber Fraud. A masked financial identifier XXXXXX4918 appears in the available records. Investigators are reviewing relevant locations, communications, meetings, and financial activity connected with this person. The available information is being cross-referenced with other FIRs, call records, transaction records, and meeting records for network analysis. These details represent investigative records and leads and are not, by themselves, a determination of guilt.",English
P0244,Tanya Sharma,9872436470,53,"Delhi, Karol Bagh",HR05PI6539,Royal Enterprises,XXXXXX7931,Cyber Fraud,"FIR No. 1244/2026 records Tanya Sharma, age 53, as a person associated with the Delhi, Karol Bagh area. The investigation record lists phone number 9872436470 and vehicle HR05PI6539. Records also mention an association with Royal Enterprises. The recorded case category is Cyber Fraud. A masked financial identifier XXXXXX7931 appears in the available records. Investigators are reviewing relevant locations, communications, meetings, and financial activity connected with this person. The available information is being cross-referenced with other FIRs, call records, transaction records, and meeting records for network analysis. These details represent investigative records and leads and are not, by themselves, a determination of guilt.",English
P0245,Harsh Bhati,9825591018,20,"Delhi, Okhla",DL04DQ5209,Sahara Solutions,XXXXXX6951,Cyber Fraud,"FIR No. 1245/2026 records Harsh Bhati, age 20, as a person associated with the Delhi, Okhla area. The investigation record lists phone number 9825591018 and vehicle DL04DQ5209. Records also mention an association with Sahara Solutions. The recorded case category is Cyber Fraud. A masked financial identifier XXXXXX6951 appears in the available records. Investigators are reviewing relevant locations, communications, meetings, and financial activity connected with this person. The available information is being cross-referenced with other FIRs, call records, transaction records, and meeting records for network analysis. These details represent investigative records and leads and are not, by themselves, a determination of guilt.",English
P0246,Mehak Bhati,9288589600,45,"Faridabad, Sector 37",HR04DJ7748,Horizon Suppliers,XXXXXX2666,Fraud,"FIR No. 1246/2026 records Mehak Bhati, age 45, as a person associated with the Faridabad, Sector 37 area. The investigation record lists phone number 9288589600 and vehicle HR04DJ7748. Records also mention an association with Horizon Suppliers. The recorded case category is Fraud. A masked financial identifier XXXXXX2666 appears in the available records. Investigators are reviewing relevant locations, communications, meetings, and financial activity connected with this person. The available information is being cross-referenced with other FIRs, call records, transaction records, and meeting records for network analysis. These details represent investigative records and leads and are not, by themselves, a determination of guilt.",Punjabi
P0247,Karan Verma,9513092890,49,"Gurugram, Udyog Vihar",DL05ID8354,City Solutions,XXXXXX5413,No recorded case in synthetic dataset,"FIR No. 1247/2026 records Karan Verma, age 49, as a person associated with the Gurugram, Udyog Vihar area. The investigation record lists phone number 9513092890 and vehicle DL05ID8354. Records also mention an association with City Solutions. The recorded case category is No recorded case in synthetic dataset. A masked financial identifier XXXXXX5413 appears in the available records. Investigators are reviewing relevant locations, communications, meetings, and financial activity connected with this person. The available information is being cross-referenced with other FIRs, call records, transaction records, and meeting records for network analysis. These details represent investigative records and leads and are not, by themselves, a determination of guilt.",
P0248,Varun Chauhan,9380533932,30,"Gurugram, DLF Phase 2",HR05CY6145,Capital Enterprises,XXXXXX5775,Cyber Fraud,"FIR No. 1248/2026 records Varun Chauhan, age 30, as a person associated with the Gurugram, DLF Phase 2 area. The investigation record lists phone number 9380533932 and vehicle HR05CY6145. Records also mention an association with Capital Enterprises. The recorded case category is Cyber Fraud. A masked financial identifier XXXXXX5775 appears in the available records. Investigators are reviewing relevant locations, communications, meetings, and financial activity connected with this person. The available information is being cross-referenced with other FIRs, call records, transaction records, and meeting records for network analysis. These details represent investigative records and leads and are not, by themselves, a determination of guilt.",Hindi
P0249,Shreya Sharma,9155019177,32,"Greater Noida, Knowledge Park",DL04JA9927,Star Trading,XXXXXX2397,Fraud,"FIR No. 1249/2026 records Shreya Sharma, age 32, as a person associated with the Greater Noida, Knowledge Park area. The investigation record lists phone number 9155019177 and vehicle DL04JA9927. Records also mention an association with Star Trading. The recorded case category is Fraud. A masked financial identifier XXXXXX2397 appears in the available records. Investigators are reviewing relevant locations, communications, meetings, and financial activity connected with this person. The available information is being cross-referenced with other FIRs, call records, transaction records, and meeting records for network analysis. These details represent investigative records and leads and are not, by themselves, a determination of guilt.",English
P0250,Divya Narang,9999997023,37,"Delhi, Karol Bagh",DL05UY6712,Apex Logistics,XXXXXX8798,Extortion,"FIR No. 1250/2026 records Divya Narang, age 37, as a person associated with the Delhi, Karol Bagh area. The investigation record lists phone number 9999997023 and vehicle DL05UY6712. Records also mention an association with Apex Logistics. The recorded case category is Extortion. A masked financial identifier XXXXXX8798 appears in the available records. Investigators are reviewing relevant locations, communications, meetings, and financial activity connected with this person. The available information is being cross-referenced with other FIRs, call records, transaction records, and meeting records for network analysis. These details represent investigative records and leads and are not, by themselves, a determination of guilt.",Hindi
P0251,Sonam Goyal,9862179512,42,"Delhi, Najafgarh",HR01ED6120,North Suppliers,XXXXXX8873,No recorded case in synthetic dataset,"FIR No. 1251/2026 records Sonam Goyal, age 42, as a person associated with the Delhi, Najafgarh area. The investigation record lists phone number 9862179512 and vehicle HR01ED6120. Records also mention an association with North Suppliers. The recorded case category is No recorded case in synthetic dataset. A masked financial identifier XXXXXX8873 appears in the available records. Investigators are reviewing relevant locations, communications, meetings, and financial activity connected with this person. The available information is being cross-referenced with other FIRs, call records, transaction records, and meeting records for network analysis. These details represent investigative records and leads and are not, by themselves, a determination of guilt.",
P0252,Vivaan Yadav,9831195216,46,"Delhi, Connaught Place",UP03WI3358,Blue Suppliers,XXXXXX9374,Robbery,"FIR No. 1252/2026 records Vivaan Yadav, age 46, as a person associated with the Delhi, Connaught Place area. The investigation record lists phone number 9831195216 and vehicle UP03WI3358. Records also mention an association with Blue Suppliers. The recorded case category is Robbery. A masked financial identifier XXXXXX9374 appears in the available records. Investigators are reviewing relevant locations, communications, meetings, and financial activity connected with this person. The available information is being cross-referenced with other FIRs, call records, transaction records, and meeting records for network analysis. These details represent investigative records and leads and are not, by themselves, a determination of guilt.",Punjabi
P0253,Shreya Gupta,9920175631,47,"Delhi, Laxmi Nagar",UP09RY5117,Sahara Solutions,XXXXXX7100,Extortion,"FIR No. 1253/2026 records Shreya Gupta, age 47, as a person associated with the Delhi, Laxmi Nagar area. The investigation record lists phone number 9920175631 and vehicle UP09RY5117. Records also mention an association with Sahara Solutions. The recorded case category is Extortion. A masked financial identifier XXXXXX7100 appears in the available records. Investigators are reviewing relevant locations, communications, meetings, and financial activity connected with this person. The available information is being cross-referenced with other FIRs, call records, transaction records, and meeting records for network analysis. These details represent investigative records and leads and are not, by themselves, a determination of guilt.",Hindi
P0254,Isha Jain,9427320909,34,"Noida, Sector 15",HR01IQ8889,Sahara Warehousing,XXXXXX8043,Fraud,"FIR No. 1254/2026 records Isha Jain, age 34, as a person associated with the Noida, Sector 15 area. The investigation record lists phone number 9427320909 and vehicle HR01IQ8889. Records also mention an association with Sahara Warehousing. The recorded case category is Fraud. A masked financial identifier XXXXXX8043 appears in the available records. Investigators are reviewing relevant locations, communications, meetings, and financial activity connected with this person. The available information is being cross-referenced with other FIRs, call records, transaction records, and meeting records for network analysis. These details represent investigative records and leads and are not, by themselves, a determination of guilt.",English
P0255,Karan Arora,9432443674,23,"Noida, Sector 18",DL02PQ6310,Royal Solutions,XXXXXX3105,No recorded case in synthetic dataset,"FIR No. 1255/2026 records Karan Arora, age 23, as a person associated with the Noida, Sector 18 area. The investigation record lists phone number 9432443674 and vehicle DL02PQ6310. Records also mention an association with Royal Solutions. The recorded case category is No recorded case in synthetic dataset. A masked financial identifier XXXXXX3105 appears in the available records. Investigators are reviewing relevant locations, communications, meetings, and financial activity connected with this person. The available information is being cross-referenced with other FIRs, call records, transaction records, and meeting records for network analysis. These details represent investigative records and leads and are not, by themselves, a determination of guilt.",
P0256,Vikas Arora,9438275680,36,"Ghaziabad, Kaushambi",DL07TX7897,Rapid Solutions,XXXXXX7607,Narcotics-related offence,"FIR No. 1256/2026 records Vikas Arora, age 36, as a person associated with the Ghaziabad, Kaushambi area. The investigation record lists phone number 9438275680 and vehicle DL07TX7897. Records also mention an association with Rapid Solutions. The recorded case category is Narcotics-related offence. A masked financial identifier XXXXXX7607 appears in the available records. Investigators are reviewing relevant locations, communications, meetings, and financial activity connected with this person. The available information is being cross-referenced with other FIRs, call records, transaction records, and meeting records for network analysis. These details represent investigative records and leads and are not, by themselves, a determination of guilt.",Punjabi
P0257,Arjun Khanna,9139079471,24,"Delhi, Najafgarh",DL09XQ4879,Crown Services,XXXXXX6053,Robbery,"FIR No. 1257/2026 records Arjun Khanna, age 24, as a person associated with the Delhi, Najafgarh area. The investigation record lists phone number 9139079471 and vehicle DL09XQ4879. Records also mention an association with Crown Services. The recorded case category is Robbery. A masked financial identifier XXXXXX6053 appears in the available records. Investigators are reviewing relevant locations, communications, meetings, and financial activity connected with this person. The available information is being cross-referenced with other FIRs, call records, transaction records, and meeting records for network analysis. These details represent investigative records and leads and are not, by themselves, a determination of guilt.",Hindi
P0258,Isha Rana,9299713343,47,"Faridabad, Sector 15",DL06MQ8092,Frontier Trading,XXXXXX5528,Robbery,"FIR No. 1258/2026 records Isha Rana, age 47, as a person associated with the Faridabad, Sector 15 area. The investigation record lists phone number 9299713343 and vehicle DL06MQ8092. Records also mention an association with Frontier Trading. The recorded case category is Robbery. A masked financial identifier XXXXXX5528 appears in the available records. Investigators are reviewing relevant locations, communications, meetings, and financial activity connected with this person. The available information is being cross-referenced with other FIRs, call records, transaction records, and meeting records for network analysis. These details represent investigative records and leads and are not, by themselves, a determination of guilt.",Hindi
P0259,Nikhil Kumar,9773501186,39,"Noida, Sector 63",UP05OT9285,City Enterprises,XXXXXX4412,Narcotics-related offence,"FIR No. 1259/2026 records Nikhil Kumar, age 39, as a person associated with the Noida, Sector 63 area. The investigation record lists phone number 9773501186 and vehicle UP05OT9285. Records also mention an association with City Enterprises. The recorded case category is Narcotics-related offence. A masked financial identifier XXXXXX4412 appears in the available records. Investigators are reviewing relevant locations, communications, meetings, and financial activity connected with this person. The available information is being cross-referenced with other FIRs, call records, transaction records, and meeting records for network analysis. These details represent investigative records and leads and are not, by themselves, a determination of guilt.",English
P0260,Sonam Tiwari,9634311434,38,"Gurugram, Udyog Vihar",UP01NS9061,City Transport,XXXXXX1659,No recorded case in synthetic dataset,"FIR No. 1260/2026 records Sonam Tiwari, age 38, as a person associated with the Gurugram, Udyog Vihar area. The investigation record lists phone number 9634311434 and vehicle UP01NS9061. Records also mention an association with City Transport. The recorded case category is No recorded case in synthetic dataset. A masked financial identifier XXXXXX1659 appears in the available records. Investigators are reviewing relevant locations, communications, meetings, and financial activity connected with this person. The available information is being cross-referenced with other FIRs, call records, transaction records, and meeting records for network analysis. These details represent investigative records and leads and are not, by themselves, a determination of guilt.",
P0261,Aditya Dahiya,9848501877,32,"Ghaziabad, Vaishali",UP03WP7990,Star Services,XXXXXX3181,Theft,"FIR No. 1261/2026 records Aditya Dahiya, age 32, as a person associated with the Ghaziabad, Vaishali area. The investigation record lists phone number 9848501877 and vehicle UP03WP7990. Records also mention an association with Star Services. The recorded case category is Theft. A masked financial identifier XXXXXX3181 appears in the available records. Investigators are reviewing relevant locations, communications, meetings, and financial activity connected with this person. The available information is being cross-referenced with other FIRs, call records, transaction records, and meeting records for network analysis. These details represent investigative records and leads and are not, by themselves, a determination of guilt.",English
P0262,Ravi Gupta,9573879339,21,"Noida, Sector 63",UP08FB7162,Evergreen Trading,XXXXXX5101,Illegal Arms Possession,"FIR No. 1262/2026 records Ravi Gupta, age 21, as a person associated with the Noida, Sector 63 area. The investigation record lists phone number 9573879339 and vehicle UP08FB7162. Records also mention an association with Evergreen Trading. The recorded case category is Illegal Arms Possession. A masked financial identifier XXXXXX5101 appears in the available records. Investigators are reviewing relevant locations, communications, meetings, and financial activity connected with this person. The available information is being cross-referenced with other FIRs, call records, transaction records, and meeting records for network analysis. These details represent investigative records and leads and are not, by themselves, a determination of guilt.",Hindi
P0263,Ananya Kumar,9572944273,53,"Greater Noida, Knowledge Park",HR09XC1142,Apex Suppliers,XXXXXX1835,Robbery,"FIR No. 1263/2026 records Ananya Kumar, age 53, as a person associated with the Greater Noida, Knowledge Park area. The investigation record lists phone number 9572944273 and vehicle HR09XC1142. Records also mention an association with Apex Suppliers. The recorded case category is Robbery. A masked financial identifier XXXXXX1835 appears in the available records. Investigators are reviewing relevant locations, communications, meetings, and financial activity connected with this person. The available information is being cross-referenced with other FIRs, call records, transaction records, and meeting records for network analysis. These details represent investigative records and leads and are not, by themselves, a determination of guilt.",English
P0264,Nikhil Saini,9339969759,55,"Delhi, Dwarka",DL04VH2021,Sahara Logistics,XXXXXX6457,No recorded case in synthetic dataset,"FIR No. 1264/2026 records Nikhil Saini, age 55, as a person associated with the Delhi, Dwarka area. The investigation record lists phone number 9339969759 and vehicle DL04VH2021. Records also mention an association with Sahara Logistics. The recorded case category is No recorded case in synthetic dataset. A masked financial identifier XXXXXX6457 appears in the available records. Investigators are reviewing relevant locations, communications, meetings, and financial activity connected with this person. The available information is being cross-referenced with other FIRs, call records, transaction records, and meeting records for network analysis. These details represent investigative records and leads and are not, by themselves, a determination of guilt.",
P0265,Kavya Rana,9196756028,48,"Ghaziabad, Vaishali",UP03BV3170,Royal Logistics,XXXXXX6727,Illegal Arms Possession,"FIR No. 1265/2026 records Kavya Rana, age 48, as a person associated with the Ghaziabad, Vaishali area. The investigation record lists phone number 9196756028 and vehicle UP03BV3170. Records also mention an association with Royal Logistics. The recorded case category is Illegal Arms Possession. A masked financial identifier XXXXXX6727 appears in the available records. Investigators are reviewing relevant locations, communications, meetings, and financial activity connected with this person. The available information is being cross-referenced with other FIRs, call records, transaction records, and meeting records for network analysis. These details represent investigative records and leads and are not, by themselves, a determination of guilt.",English
P0266,Aditya Singh,9268406752,49,"Ghaziabad, Crossings Republik",UP08YO2004,Evergreen Trading,XXXXXX3010,No recorded case in synthetic dataset,"FIR No. 1266/2026 records Aditya Singh, age 49, as a person associated with the Ghaziabad, Crossings Republik area. The investigation record lists phone number 9268406752 and vehicle UP08YO2004. Records also mention an association with Evergreen Trading. The recorded case category is No recorded case in synthetic dataset. A masked financial identifier XXXXXX3010 appears in the available records. Investigators are reviewing relevant locations, communications, meetings, and financial activity connected with this person. The available information is being cross-referenced with other FIRs, call records, transaction records, and meeting records for network analysis. These details represent investigative records and leads and are not, by themselves, a determination of guilt.",
P0267,Isha Verma,9113252634,46,"Ghaziabad, Crossings Republik",DL07WF6925,Galaxy Warehousing,XXXXXX7616,Narcotics-related offence,"FIR No. 1267/2026 records Isha Verma, age 46, as a person associated with the Ghaziabad, Crossings Republik area. The investigation record lists phone number 9113252634 and vehicle DL07WF6925. Records also mention an association with Galaxy Warehousing. The recorded case category is Narcotics-related offence. A masked financial identifier XXXXXX7616 appears in the available records. Investigators are reviewing relevant locations, communications, meetings, and financial activity connected with this person. The available information is being cross-referenced with other FIRs, call records, transaction records, and meeting records for network analysis. These details represent investigative records and leads and are not, by themselves, a determination of guilt.",English
P0268,Rahul Sharma,9765837443,44,"Delhi, Narela",UP07NO3630,Apex Solutions,XXXXXX7892,Vehicle Theft,"FIR No. 1268/2026 records Rahul Sharma, age 44, as a person associated with the Delhi, Narela area. The investigation record lists phone number 9765837443 and vehicle UP07NO3630. Records also mention an association with Apex Solutions. The recorded case category is Vehicle Theft. A masked financial identifier XXXXXX7892 appears in the available records. Investigators are reviewing relevant locations, communications, meetings, and financial activity connected with this person. The available information is being cross-referenced with other FIRs, call records, transaction records, and meeting records for network analysis. These details represent investigative records and leads and are not, by themselves, a determination of guilt.",Punjabi
P0269,Ankit Gupta,9627831646,55,"Gurugram, DLF Phase 2",HR03YN9529,Capital Transport,XXXXXX3379,No recorded case in synthetic dataset,"FIR No. 1269/2026 records Ankit Gupta, age 55, as a person associated with the Gurugram, DLF Phase 2 area. The investigation record lists phone number 9627831646 and vehicle HR03YN9529. Records also mention an association with Capital Transport. The recorded case category is No recorded case in synthetic dataset. A masked financial identifier XXXXXX3379 appears in the available records. Investigators are reviewing relevant locations, communications, meetings, and financial activity connected with this person. The available information is being cross-referenced with other FIRs, call records, transaction records, and meeting records for network analysis. These details represent investigative records and leads and are not, by themselves, a determination of guilt.",
P0270,Aditi Arora,9190294011,20,"Gurugram, DLF Phase 3",UP04BJ3129,City Trading,XXXXXX1336,Extortion,"FIR No. 1270/2026 records Aditi Arora, age 20, as a person associated with the Gurugram, DLF Phase 3 area. The investigation record lists phone number 9190294011 and vehicle UP04BJ3129. Records also mention an association with City Trading. The recorded case category is Extortion. A masked financial identifier XXXXXX1336 appears in the available records. Investigators are reviewing relevant locations, communications, meetings, and financial activity connected with this person. The available information is being cross-referenced with other FIRs, call records, transaction records, and meeting records for network analysis. These details represent investigative records and leads and are not, by themselves, a determination of guilt.",English
P0271,Amit Sharma,9870232360,19,"Delhi, Narela",UP07VC1545,Royal Services,XXXXXX1152,No recorded case in synthetic dataset,"FIR No. 1271/2026 records Amit Sharma, age 19, as a person associated with the Delhi, Narela area. The investigation record lists phone number 9870232360 and vehicle UP07VC1545. Records also mention an association with Royal Services. The recorded case category is No recorded case in synthetic dataset. A masked financial identifier XXXXXX1152 appears in the available records. Investigators are reviewing relevant locations, communications, meetings, and financial activity connected with this person. The available information is being cross-referenced with other FIRs, call records, transaction records, and meeting records for network analysis. These details represent investigative records and leads and are not, by themselves, a determination of guilt.",
P0272,Nikhil Rawat,9905083082,58,"Ghaziabad, Indirapuram",UP09YD4422,Evergreen Transport,XXXXXX8888,No recorded case in synthetic dataset,"FIR No. 1272/2026 records Nikhil Rawat, age 58, as a person associated with the Ghaziabad, Indirapuram area. The investigation record lists phone number 9905083082 and vehicle UP09YD4422. Records also mention an association with Evergreen Transport. The recorded case category is No recorded case in synthetic dataset. A masked financial identifier XXXXXX8888 appears in the available records. Investigators are reviewing relevant locations, communications, meetings, and financial activity connected with this person. The available information is being cross-referenced with other FIRs, call records, transaction records, and meeting records for network analysis. These details represent investigative records and leads and are not, by themselves, a determination of guilt.",
P0273,Amit Tiwari,9113173729,49,"Ghaziabad, Crossings Republik",DL06UE1513,Sahara Services,XXXXXX4679,Criminal Intimidation,"FIR No. 1273/2026 records Amit Tiwari, age 49, as a person associated with the Ghaziabad, Crossings Republik area. The investigation record lists phone number 9113173729 and vehicle DL06UE1513. Records also mention an association with Sahara Services. The recorded case category is Criminal Intimidation. A masked financial identifier XXXXXX4679 appears in the available records. Investigators are reviewing relevant locations, communications, meetings, and financial activity connected with this person. The available information is being cross-referenced with other FIRs, call records, transaction records, and meeting records for network analysis. These details represent investigative records and leads and are not, by themselves, a determination of guilt.",Hindi
P0274,Naina Arora,9554834756,36,"Gurugram, DLF Phase 3",DL01ZA3256,Sahara Logistics,XXXXXX9251,No recorded case in synthetic dataset,"FIR No. 1274/2026 records Naina Arora, age 36, as a person associated with the Gurugram, DLF Phase 3 area. The investigation record lists phone number 9554834756 and vehicle DL01ZA3256. Records also mention an association with Sahara Logistics. The recorded case category is No recorded case in synthetic dataset. A masked financial identifier XXXXXX9251 appears in the available records. Investigators are reviewing relevant locations, communications, meetings, and financial activity connected with this person. The available information is being cross-referenced with other FIRs, call records, transaction records, and meeting records for network analysis. These details represent investigative records and leads and are not, by themselves, a determination of guilt.",
P0275,Saurabh Malik,9323212077,40,"Gurugram, Udyog Vihar",UP04KI9694,Rapid Enterprises,XXXXXX9590,No recorded case in synthetic dataset,"FIR No. 1275/2026 records Saurabh Malik, age 40, as a person associated with the Gurugram, Udyog Vihar area. The investigation record lists phone number 9323212077 and vehicle UP04KI9694. Records also mention an association with Rapid Enterprises. The recorded case category is No recorded case in synthetic dataset. A masked financial identifier XXXXXX9590 appears in the available records. Investigators are reviewing relevant locations, communications, meetings, and financial activity connected with this person. The available information is being cross-referenced with other FIRs, call records, transaction records, and meeting records for network analysis. These details represent investigative records and leads and are not, by themselves, a determination of guilt.",
P0276,Muskan Tiwari,9272273765,45,"Delhi, Narela",HR08AO2596,Apex Transport,XXXXXX6215,Robbery,"FIR No. 1276/2026 records Muskan Tiwari, age 45, as a person associated with the Delhi, Narela area. The investigation record lists phone number 9272273765 and vehicle HR08AO2596. Records also mention an association with Apex Transport. The recorded case category is Robbery. A masked financial identifier XXXXXX6215 appears in the available records. Investigators are reviewing relevant locations, communications, meetings, and financial activity connected with this person. The available information is being cross-referenced with other FIRs, call records, transaction records, and meeting records for network analysis. These details represent investigative records and leads and are not, by themselves, a determination of guilt.",Hindi
P0277,Aditya Khanna,9473595163,25,"Ghaziabad, Crossings Republik",UP09YF3074,Star Solutions,XXXXXX8502,Forgery,"FIR No. 1277/2026 records Aditya Khanna, age 25, as a person associated with the Ghaziabad, Crossings Republik area. The investigation record lists phone number 9473595163 and vehicle UP09YF3074. Records also mention an association with Star Solutions. The recorded case category is Forgery. A masked financial identifier XXXXXX8502 appears in the available records. Investigators are reviewing relevant locations, communications, meetings, and financial activity connected with this person. The available information is being cross-referenced with other FIRs, call records, transaction records, and meeting records for network analysis. These details represent investigative records and leads and are not, by themselves, a determination of guilt.",Hindi
P0278,Vikas Kumar,9712846625,58,"Noida, Greater Noida West",UP02JS2392,North Transport,XXXXXX6369,No recorded case in synthetic dataset,"FIR No. 1278/2026 records Vikas Kumar, age 58, as a person associated with the Noida, Greater Noida West area. The investigation record lists phone number 9712846625 and vehicle UP02JS2392. Records also mention an association with North Transport. The recorded case category is No recorded case in synthetic dataset. A masked financial identifier XXXXXX6369 appears in the available records. Investigators are reviewing relevant locations, communications, meetings, and financial activity connected with this person. The available information is being cross-referenced with other FIRs, call records, transaction records, and meeting records for network analysis. These details represent investigative records and leads and are not, by themselves, a determination of guilt.",
P0279,Saurabh Khanna,9679762651,45,"Gurugram, Sector 29",HR04GT1412,Prime Enterprises,XXXXXX7450,Theft,"FIR No. 1279/2026 records Saurabh Khanna, age 45, as a person associated with the Gurugram, Sector 29 area. The investigation record lists phone number 9679762651 and vehicle HR04GT1412. Records also mention an association with Prime Enterprises. The recorded case category is Theft. A masked financial identifier XXXXXX7450 appears in the available records. Investigators are reviewing relevant locations, communications, meetings, and financial activity connected with this person. The available information is being cross-referenced with other FIRs, call records, transaction records, and meeting records for network analysis. These details represent investigative records and leads and are not, by themselves, a determination of guilt.",Hindi
P0280,Saurabh Arora,9939772784,23,"Delhi, Okhla",DL03XE8065,Galaxy Trading,XXXXXX2223,Extortion,"FIR No. 1280/2026 records Saurabh Arora, age 23, as a person associated with the Delhi, Okhla area. The investigation record lists phone number 9939772784 and vehicle DL03XE8065. Records also mention an association with Galaxy Trading. The recorded case category is Extortion. A masked financial identifier XXXXXX2223 appears in the available records. Investigators are reviewing relevant locations, communications, meetings, and financial activity connected with this person. The available information is being cross-referenced with other FIRs, call records, transaction records, and meeting records for network analysis. These details represent investigative records and leads and are not, by themselves, a determination of guilt.",Hindi
P0281,Pooja Chaudhary,9312017009,54,"Noida, Sector 16",HR08HN1963,Apex Warehousing,XXXXXX2048,No recorded case in synthetic dataset,"FIR No. 1281/2026 records Pooja Chaudhary, age 54, as a person associated with the Noida, Sector 16 area. The investigation record lists phone number 9312017009 and vehicle HR08HN1963. Records also mention an association with Apex Warehousing. The recorded case category is No recorded case in synthetic dataset. A masked financial identifier XXXXXX2048 appears in the available records. Investigators are reviewing relevant locations, communications, meetings, and financial activity connected with this person. The available information is being cross-referenced with other FIRs, call records, transaction records, and meeting records for network analysis. These details represent investigative records and leads and are not, by themselves, a determination of guilt.",
P0282,Manish Kapoor,9222594191,43,"Noida, Sector 18",HR02XA6639,Royal Suppliers,XXXXXX2215,Vehicle Theft,"FIR No. 1282/2026 records Manish Kapoor, age 43, as a person associated with the Noida, Sector 18 area. The investigation record lists phone number 9222594191 and vehicle HR02XA6639. Records also mention an association with Royal Suppliers. The recorded case category is Vehicle Theft. A masked financial identifier XXXXXX2215 appears in the available records. Investigators are reviewing relevant locations, communications, meetings, and financial activity connected with this person. The available information is being cross-referenced with other FIRs, call records, transaction records, and meeting records for network analysis. These details represent investigative records and leads and are not, by themselves, a determination of guilt.",Punjabi
P0283,Shreya Goyal,9558665370,28,"Delhi, Laxmi Nagar",HR01BG5822,Galaxy Warehousing,XXXXXX9071,Narcotics-related offence,"FIR No. 1283/2026 records Shreya Goyal, age 28, as a person associated with the Delhi, Laxmi Nagar area. The investigation record lists phone number 9558665370 and vehicle HR01BG5822. Records also mention an association with Galaxy Warehousing. The recorded case category is Narcotics-related offence. A masked financial identifier XXXXXX9071 appears in the available records. Investigators are reviewing relevant locations, communications, meetings, and financial activity connected with this person. The available information is being cross-referenced with other FIRs, call records, transaction records, and meeting records for network analysis. These details represent investigative records and leads and are not, by themselves, a determination of guilt.",Punjabi
P0284,Amit Pandey,9387081215,32,"Delhi, Dwarka",UP08DX9871,National Transport,XXXXXX8628,No recorded case in synthetic dataset,"FIR No. 1284/2026 records Amit Pandey, age 32, as a person associated with the Delhi, Dwarka area. The investigation record lists phone number 9387081215 and vehicle UP08DX9871. Records also mention an association with National Transport. The recorded case category is No recorded case in synthetic dataset. A masked financial identifier XXXXXX8628 appears in the available records. Investigators are reviewing relevant locations, communications, meetings, and financial activity connected with this person. The available information is being cross-referenced with other FIRs, call records, transaction records, and meeting records for network analysis. These details represent investigative records and leads and are not, by themselves, a determination of guilt.",
P0285,Deepak Rawat,9241309727,57,"Delhi, Saket",UP08LS1800,Trinity Trading,XXXXXX5555,No recorded case in synthetic dataset,"FIR No. 1285/2026 records Deepak Rawat, age 57, as a person associated with the Delhi, Saket area. The investigation record lists phone number 9241309727 and vehicle UP08LS1800. Records also mention an association with Trinity Trading. The recorded case category is No recorded case in synthetic dataset. A masked financial identifier XXXXXX5555 appears in the available records. Investigators are reviewing relevant locations, communications, meetings, and financial activity connected with this person. The available information is being cross-referenced with other FIRs, call records, transaction records, and meeting records for network analysis. These details represent investigative records and leads and are not, by themselves, a determination of guilt.",
P0286,Isha Chauhan,9995569168,57,"Noida, Sector 16",UP04XC7263,Shree Services,XXXXXX9042,Narcotics-related offence,"FIR No. 1286/2026 records Isha Chauhan, age 57, as a person associated with the Noida, Sector 16 area. The investigation record lists phone number 9995569168 and vehicle UP04XC7263. Records also mention an association with Shree Services. The recorded case category is Narcotics-related offence. A masked financial identifier XXXXXX9042 appears in the available records. Investigators are reviewing relevant locations, communications, meetings, and financial activity connected with this person. The available information is being cross-referenced with other FIRs, call records, transaction records, and meeting records for network analysis. These details represent investigative records and leads and are not, by themselves, a determination of guilt.",English
P0287,Ravi Malik,9398125939,21,"Delhi, Narela",DL08QD9410,Royal Suppliers,XXXXXX2465,Narcotics-related offence,"FIR No. 1287/2026 records Ravi Malik, age 21, as a person associated with the Delhi, Narela area. The investigation record lists phone number 9398125939 and vehicle DL08QD9410. Records also mention an association with Royal Suppliers. The recorded case category is Narcotics-related offence. A masked financial identifier XXXXXX2465 appears in the available records. Investigators are reviewing relevant locations, communications, meetings, and financial activity connected with this person. The available information is being cross-referenced with other FIRs, call records, transaction records, and meeting records for network analysis. These details represent investigative records and leads and are not, by themselves, a determination of guilt.",Punjabi
P0288,Arjun Singh,9715760775,46,"Delhi, Connaught Place",HR04OM1265,Royal Logistics,XXXXXX3535,Illegal Arms Possession,"FIR No. 1288/2026 records Arjun Singh, age 46, as a person associated with the Delhi, Connaught Place area. The investigation record lists phone number 9715760775 and vehicle HR04OM1265. Records also mention an association with Royal Logistics. The recorded case category is Illegal Arms Possession. A masked financial identifier XXXXXX3535 appears in the available records. Investigators are reviewing relevant locations, communications, meetings, and financial activity connected with this person. The available information is being cross-referenced with other FIRs, call records, transaction records, and meeting records for network analysis. These details represent investigative records and leads and are not, by themselves, a determination of guilt.",Hindi
P0289,Aditya Singh,9775073020,44,"Gurugram, Udyog Vihar",HR04KR6708,Royal Services,XXXXXX6679,Robbery,"FIR No. 1289/2026 records Aditya Singh, age 44, as a person associated with the Gurugram, Udyog Vihar area. The investigation record lists phone number 9775073020 and vehicle HR04KR6708. Records also mention an association with Royal Services. The recorded case category is Robbery. A masked financial identifier XXXXXX6679 appears in the available records. Investigators are reviewing relevant locations, communications, meetings, and financial activity connected with this person. The available information is being cross-referenced with other FIRs, call records, transaction records, and meeting records for network analysis. These details represent investigative records and leads and are not, by themselves, a determination of guilt.",English
P0290,Yash Bhati,9545593809,32,"Greater Noida, Knowledge Park",UP05TM6457,City Transport,XXXXXX9178,Theft,"FIR No. 1290/2026 records Yash Bhati, age 32, as a person associated with the Greater Noida, Knowledge Park area. The investigation record lists phone number 9545593809 and vehicle UP05TM6457. Records also mention an association with City Transport. The recorded case category is Theft. A masked financial identifier XXXXXX9178 appears in the available records. Investigators are reviewing relevant locations, communications, meetings, and financial activity connected with this person. The available information is being cross-referenced with other FIRs, call records, transaction records, and meeting records for network analysis. These details represent investigative records and leads and are not, by themselves, a determination of guilt.",Hindi
P0291,Isha Narang,9867743223,23,"Delhi, Pitampura",DL06KB8295,Sahara Enterprises,XXXXXX4850,Illegal Arms Possession,"FIR No. 1291/2026 records Isha Narang, age 23, as a person associated with the Delhi, Pitampura area. The investigation record lists phone number 9867743223 and vehicle DL06KB8295. Records also mention an association with Sahara Enterprises. The recorded case category is Illegal Arms Possession. A masked financial identifier XXXXXX4850 appears in the available records. Investigators are reviewing relevant locations, communications, meetings, and financial activity connected with this person. The available information is being cross-referenced with other FIRs, call records, transaction records, and meeting records for network analysis. These details represent investigative records and leads and are not, by themselves, a determination of guilt.",Hindi
P0292,Yash Mishra,9248371034,22,"Delhi, Connaught Place",DL09CC4473,Trinity Solutions,XXXXXX5908,Criminal Intimidation,"FIR No. 1292/2026 records Yash Mishra, age 22, as a person associated with the Delhi, Connaught Place area. The investigation record lists phone number 9248371034 and vehicle DL09CC4473. Records also mention an association with Trinity Solutions. The recorded case category is Criminal Intimidation. A masked financial identifier XXXXXX5908 appears in the available records. Investigators are reviewing relevant locations, communications, meetings, and financial activity connected with this person. The available information is being cross-referenced with other FIRs, call records, transaction records, and meeting records for network analysis. These details represent investigative records and leads and are not, by themselves, a determination of guilt.",English
P0293,Mohit Sharma,9339192241,37,"Delhi, Karol Bagh",DL03ZK2451,Prime Solutions,XXXXXX5951,Forgery,"FIR No. 1293/2026 records Mohit Sharma, age 37, as a person associated with the Delhi, Karol Bagh area. The investigation record lists phone number 9339192241 and vehicle DL03ZK2451. Records also mention an association with Prime Solutions. The recorded case category is Forgery. A masked financial identifier XXXXXX5951 appears in the available records. Investigators are reviewing relevant locations, communications, meetings, and financial activity connected with this person. The available information is being cross-referenced with other FIRs, call records, transaction records, and meeting records for network analysis. These details represent investigative records and leads and are not, by themselves, a determination of guilt.",Hindi
P0294,Saurabh Kapoor,9162209331,33,"Noida, Greater Noida West",UP05ZA8117,Sahara Services,XXXXXX8595,No recorded case in synthetic dataset,"FIR No. 1294/2026 records Saurabh Kapoor, age 33, as a person associated with the Noida, Greater Noida West area. The investigation record lists phone number 9162209331 and vehicle UP05ZA8117. Records also mention an association with Sahara Services. The recorded case category is No recorded case in synthetic dataset. A masked financial identifier XXXXXX8595 appears in the available records. Investigators are reviewing relevant locations, communications, meetings, and financial activity connected with this person. The available information is being cross-referenced with other FIRs, call records, transaction records, and meeting records for network analysis. These details represent investigative records and leads and are not, by themselves, a determination of guilt.",
P0295,Varun Ahuja,9348486751,25,"Delhi, Rohini",DL09IF6626,Capital Trading,XXXXXX2914,No recorded case in synthetic dataset,"FIR No. 1295/2026 records Varun Ahuja, age 25, as a person associated with the Delhi, Rohini area. The investigation record lists phone number 9348486751 and vehicle DL09IF6626. Records also mention an association with Capital Trading. The recorded case category is No recorded case in synthetic dataset. A masked financial identifier XXXXXX2914 appears in the available records. Investigators are reviewing relevant locations, communications, meetings, and financial activity connected with this person. The available information is being cross-referenced with other FIRs, call records, transaction records, and meeting records for network analysis. These details represent investigative records and leads and are not, by themselves, a determination of guilt.",
P0296,Aditya Tiwari,9820880087,22,"Delhi, Saket",HR02LG4518,Galaxy Suppliers,XXXXXX8632,Narcotics-related offence,"FIR No. 1296/2026 records Aditya Tiwari, age 22, as a person associated with the Delhi, Saket area. The investigation record lists phone number 9820880087 and vehicle HR02LG4518. Records also mention an association with Galaxy Suppliers. The recorded case category is Narcotics-related offence. A masked financial identifier XXXXXX8632 appears in the available records. Investigators are reviewing relevant locations, communications, meetings, and financial activity connected with this person. The available information is being cross-referenced with other FIRs, call records, transaction records, and meeting records for network analysis. These details represent investigative records and leads and are not, by themselves, a determination of guilt.",Hindi
P0297,Ravi Singh,9804129672,26,"Gurugram, Sohna Road",UP07VQ9816,Royal Solutions,XXXXXX7832,No recorded case in synthetic dataset,"FIR No. 1297/2026 records Ravi Singh, age 26, as a person associated with the Gurugram, Sohna Road area. The investigation record lists phone number 9804129672 and vehicle UP07VQ9816. Records also mention an association with Royal Solutions. The recorded case category is No recorded case in synthetic dataset. A masked financial identifier XXXXXX7832 appears in the available records. Investigators are reviewing relevant locations, communications, meetings, and financial activity connected with this person. The available information is being cross-referenced with other FIRs, call records, transaction records, and meeting records for network analysis. These details represent investigative records and leads and are not, by themselves, a determination of guilt.",
P0298,Yash Arora,9605635795,53,"Delhi, Narela",DL05KD3387,Evergreen Trading,XXXXXX1120,No recorded case in synthetic dataset,"FIR No. 1298/2026 records Yash Arora, age 53, as a person associated with the Delhi, Narela area. The investigation record lists phone number 9605635795 and vehicle DL05KD3387. Records also mention an association with Evergreen Trading. The recorded case category is No recorded case in synthetic dataset. A masked financial identifier XXXXXX1120 appears in the available records. Investigators are reviewing relevant locations, communications, meetings, and financial activity connected with this person. The available information is being cross-referenced with other FIRs, call records, transaction records, and meeting records for network analysis. These details represent investigative records and leads and are not, by themselves, a determination of guilt.",
P0299,Jyoti Chauhan,9446906201,27,"Noida, Sector 27",HR06ZD1763,Horizon Suppliers,XXXXXX5346,No recorded case in synthetic dataset,"FIR No. 1299/2026 records Jyoti Chauhan, age 27, as a person associated with the Noida, Sector 27 area. The investigation record lists phone number 9446906201 and vehicle HR06ZD1763. Records also mention an association with Horizon Suppliers. The recorded case category is No recorded case in synthetic dataset. A masked financial identifier XXXXXX5346 appears in the available records. Investigators are reviewing relevant locations, communications, meetings, and financial activity connected with this person. The available information is being cross-referenced with other FIRs, call records, transaction records, and meeting records for network analysis. These details represent investigative records and leads and are not, by themselves, a determination of guilt.",
P0300,Rohan Goyal,9522287341,34,"Greater Noida, Alpha 1",UP06EK3773,Sahara Enterprises,XXXXXX3193,No recorded case in synthetic dataset,"FIR No. 1300/2026 records Rohan Goyal, age 34, as a person associated with the Greater Noida, Alpha 1 area. The investigation record lists phone number 9522287341 and vehicle UP06EK3773. Records also mention an association with Sahara Enterprises. The recorded case category is No recorded case in synthetic dataset. A masked financial identifier XXXXXX3193 appears in the available records. Investigators are reviewing relevant locations, communications, meetings, and financial activity connected with this person. The available information is being cross-referenced with other FIRs, call records, transaction records, and meeting records for network analysis. These details represent investigative records and leads and are not, by themselves, a determination of guilt.",
P0301,Rahul Saini,9599049080,29,"Faridabad, Sector 37",DL09PD2751,National Enterprises,XXXXXX8350,No recorded case in synthetic dataset,"FIR No. 1301/2026 records Rahul Saini, age 29, as a person associated with the Faridabad, Sector 37 area. The investigation record lists phone number 9599049080 and vehicle DL09PD2751. Records also mention an association with National Enterprises. The recorded case category is No recorded case in synthetic dataset. A masked financial identifier XXXXXX8350 appears in the available records. Investigators are reviewing relevant locations, communications, meetings, and financial activity connected with this person. The available information is being cross-referenced with other FIRs, call records, transaction records, and meeting records for network analysis. These details represent investigative records and leads and are not, by themselves, a determination of guilt.",
P0302,Yash Rana,9989816287,37,"Delhi, Connaught Place",DL02IN8206,Blue Logistics,XXXXXX3728,No recorded case in synthetic dataset,"FIR No. 1302/2026 records Yash Rana, age 37, as a person associated with the Delhi, Connaught Place area. The investigation record lists phone number 9989816287 and vehicle DL02IN8206. Records also mention an association with Blue Logistics. The recorded case category is No recorded case in synthetic dataset. A masked financial identifier XXXXXX3728 appears in the available records. Investigators are reviewing relevant locations, communications, meetings, and financial activity connected with this person. The available information is being cross-referenced with other FIRs, call records, transaction records, and meeting records for network analysis. These details represent investigative records and leads and are not, by themselves, a determination of guilt.",
P0303,Ankit Tiwari,9112614950,35,"Faridabad, Sector 37",DL01ZJ9670,Trinity Warehousing,XXXXXX4668,No recorded case in synthetic dataset,"FIR No. 1303/2026 records Ankit Tiwari, age 35, as a person associated with the Faridabad, Sector 37 area. The investigation record lists phone number 9112614950 and vehicle DL01ZJ9670. Records also mention an association with Trinity Warehousing. The recorded case category is No recorded case in synthetic dataset. A masked financial identifier XXXXXX4668 appears in the available records. Investigators are reviewing relevant locations, communications, meetings, and financial activity connected with this person. The available information is being cross-referenced with other FIRs, call records, transaction records, and meeting records for network analysis. These details represent investigative records and leads and are not, by themselves, a determination of guilt.",
P0304,Arjun Rana,9591101801,19,"Delhi, Narela",UP06GV7974,Royal Transport,XXXXXX7680,Cyber Fraud,"FIR No. 1304/2026 records Arjun Rana, age 19, as a person associated with the Delhi, Narela area. The investigation record lists phone number 9591101801 and vehicle UP06GV7974. Records also mention an association with Royal Transport. The recorded case category is Cyber Fraud. A masked financial identifier XXXXXX7680 appears in the available records. Investigators are reviewing relevant locations, communications, meetings, and financial activity connected with this person. The available information is being cross-referenced with other FIRs, call records, transaction records, and meeting records for network analysis. These details represent investigative records and leads and are not, by themselves, a determination of guilt.",Hindi
P0305,Rahul Bansal,9771599490,51,"Greater Noida, Alpha 1",DL09IY3869,Star Solutions,XXXXXX9987,Robbery,"FIR No. 1305/2026 records Rahul Bansal, age 51, as a person associated with the Greater Noida, Alpha 1 area. The investigation record lists phone number 9771599490 and vehicle DL09IY3869. Records also mention an association with Star Solutions. The recorded case category is Robbery. A masked financial identifier XXXXXX9987 appears in the available records. Investigators are reviewing relevant locations, communications, meetings, and financial activity connected with this person. The available information is being cross-referenced with other FIRs, call records, transaction records, and meeting records for network analysis. These details represent investigative records and leads and are not, by themselves, a determination of guilt.",English
P0306,Rohan Goyal,9243139058,40,"Delhi, Dwarka",UP03EK5557,Shree Logistics,XXXXXX6924,Extortion,"FIR No. 1306/2026 records Rohan Goyal, age 40, as a person associated with the Delhi, Dwarka area. The investigation record lists phone number 9243139058 and vehicle UP03EK5557. Records also mention an association with Shree Logistics. The recorded case category is Extortion. A masked financial identifier XXXXXX6924 appears in the available records. Investigators are reviewing relevant locations, communications, meetings, and financial activity connected with this person. The available information is being cross-referenced with other FIRs, call records, transaction records, and meeting records for network analysis. These details represent investigative records and leads and are not, by themselves, a determination of guilt.",English
P0307,Ravi Saini,9316133612,30,"Gurugram, Udyog Vihar",DL04WO4278,Metro Solutions,XXXXXX8527,Theft,"FIR No. 1307/2026 records Ravi Saini, age 30, as a person associated with the Gurugram, Udyog Vihar area. The investigation record lists phone number 9316133612 and vehicle DL04WO4278. Records also mention an association with Metro Solutions. The recorded case category is Theft. A masked financial identifier XXXXXX8527 appears in the available records. Investigators are reviewing relevant locations, communications, meetings, and financial activity connected with this person. The available information is being cross-referenced with other FIRs, call records, transaction records, and meeting records for network analysis. These details represent investigative records and leads and are not, by themselves, a determination of guilt.",Punjabi
P0308,Sakshi Bansal,9213850849,40,"Noida, Sector 62",UP01BZ5827,Royal Logistics,XXXXXX5814,Vehicle Theft,"FIR No. 1308/2026 records Sakshi Bansal, age 40, as a person associated with the Noida, Sector 62 area. The investigation record lists phone number 9213850849 and vehicle UP01BZ5827. Records also mention an association with Royal Logistics. The recorded case category is Vehicle Theft. A masked financial identifier XXXXXX5814 appears in the available records. Investigators are reviewing relevant locations, communications, meetings, and financial activity connected with this person. The available information is being cross-referenced with other FIRs, call records, transaction records, and meeting records for network analysis. These details represent investigative records and leads and are not, by themselves, a determination of guilt.",English
P0309,Karan Yadav,9446876874,35,"Noida, Greater Noida West",HR09FI1950,Trinity Warehousing,XXXXXX8430,No recorded case in synthetic dataset,"FIR No. 1309/2026 records Karan Yadav, age 35, as a person associated with the Noida, Greater Noida West area. The investigation record lists phone number 9446876874 and vehicle HR09FI1950. Records also mention an association with Trinity Warehousing. The recorded case category is No recorded case in synthetic dataset. A masked financial identifier XXXXXX8430 appears in the available records. Investigators are reviewing relevant locations, communications, meetings, and financial activity connected with this person. The available information is being cross-referenced with other FIRs, call records, transaction records, and meeting records for network analysis. These details represent investigative records and leads and are not, by themselves, a determination of guilt.",
P0310,Neha Arora,9472287908,50,"Greater Noida, Alpha 1",UP05PI4625,Sahara Solutions,XXXXXX6036,Cyber Fraud,"FIR No. 1310/2026 records Neha Arora, age 50, as a person associated with the Greater Noida, Alpha 1 area. The investigation record lists phone number 9472287908 and vehicle UP05PI4625. Records also mention an association with Sahara Solutions. The recorded case category is Cyber Fraud. A masked financial identifier XXXXXX6036 appears in the available records. Investigators are reviewing relevant locations, communications, meetings, and financial activity connected with this person. The available information is being cross-referenced with other FIRs, call records, transaction records, and meeting records for network analysis. These details represent investigative records and leads and are not, by themselves, a determination of guilt.",English
P0311,Komal Ahuja,9174835548,24,"Greater Noida, Pari Chowk",HR06LD3468,Star Services,XXXXXX7173,No recorded case in synthetic dataset,"FIR No. 1311/2026 records Komal Ahuja, age 24, as a person associated with the Greater Noida, Pari Chowk area. The investigation record lists phone number 9174835548 and vehicle HR06LD3468. Records also mention an association with Star Services. The recorded case category is No recorded case in synthetic dataset. A masked financial identifier XXXXXX7173 appears in the available records. Investigators are reviewing relevant locations, communications, meetings, and financial activity connected with this person. The available information is being cross-referenced with other FIRs, call records, transaction records, and meeting records for network analysis. These details represent investigative records and leads and are not, by themselves, a determination of guilt.",
P0312,Vivaan Singh,9360407396,56,"Delhi, Dwarka",UP01VE1549,National Solutions,XXXXXX8324,Theft,"FIR No. 1312/2026 records Vivaan Singh, age 56, as a person associated with the Delhi, Dwarka area. The investigation record lists phone number 9360407396 and vehicle UP01VE1549. Records also mention an association with National Solutions. The recorded case category is Theft. A masked financial identifier XXXXXX8324 appears in the available records. Investigators are reviewing relevant locations, communications, meetings, and financial activity connected with this person. The available information is being cross-referenced with other FIRs, call records, transaction records, and meeting records for network analysis. These details represent investigative records and leads and are not, by themselves, a determination of guilt.",Hindi
P0313,Divya Singh,9763959980,57,"Noida, Sector 15",DL06LF8399,Apex Services,XXXXXX8984,No recorded case in synthetic dataset,"FIR No. 1313/2026 records Divya Singh, age 57, as a person associated with the Noida, Sector 15 area. The investigation record lists phone number 9763959980 and vehicle DL06LF8399. Records also mention an association with Apex Services. The recorded case category is No recorded case in synthetic dataset. A masked financial identifier XXXXXX8984 appears in the available records. Investigators are reviewing relevant locations, communications, meetings, and financial activity connected with this person. The available information is being cross-referenced with other FIRs, call records, transaction records, and meeting records for network analysis. These details represent investigative records and leads and are not, by themselves, a determination of guilt.",
P0314,Nikhil Kumar,9598075061,37,"Ghaziabad, Crossings Republik",UP05PJ9443,Trinity Trading,XXXXXX3994,No recorded case in synthetic dataset,"FIR No. 1314/2026 records Nikhil Kumar, age 37, as a person associated with the Ghaziabad, Crossings Republik area. The investigation record lists phone number 9598075061 and vehicle UP05PJ9443. Records also mention an association with Trinity Trading. The recorded case category is No recorded case in synthetic dataset. A masked financial identifier XXXXXX3994 appears in the available records. Investigators are reviewing relevant locations, communications, meetings, and financial activity connected with this person. The available information is being cross-referenced with other FIRs, call records, transaction records, and meeting records for network analysis. These details represent investigative records and leads and are not, by themselves, a determination of guilt.",
P0315,Arjun Singh,9845257268,37,"Greater Noida, Pari Chowk",HR02ZX7584,Trinity Solutions,XXXXXX8716,Forgery,"FIR No. 1315/2026 records Arjun Singh, age 37, as a person associated with the Greater Noida, Pari Chowk area. The investigation record lists phone number 9845257268 and vehicle HR02ZX7584. Records also mention an association with Trinity Solutions. The recorded case category is Forgery. A masked financial identifier XXXXXX8716 appears in the available records. Investigators are reviewing relevant locations, communications, meetings, and financial activity connected with this person. The available information is being cross-referenced with other FIRs, call records, transaction records, and meeting records for network analysis. These details represent investigative records and leads and are not, by themselves, a determination of guilt.",English
P0316,Arjun Bhardwaj,9408842747,28,"Gurugram, Sector 29",HR08IU3049,United Transport,XXXXXX6326,No recorded case in synthetic dataset,"FIR No. 1316/2026 records Arjun Bhardwaj, age 28, as a person associated with the Gurugram, Sector 29 area. The investigation record lists phone number 9408842747 and vehicle HR08IU3049. Records also mention an association with United Transport. The recorded case category is No recorded case in synthetic dataset. A masked financial identifier XXXXXX6326 appears in the available records. Investigators are reviewing relevant locations, communications, meetings, and financial activity connected with this person. The available information is being cross-referenced with other FIRs, call records, transaction records, and meeting records for network analysis. These details represent investigative records and leads and are not, by themselves, a determination of guilt.",
P0317,Manish Saxena,9176873699,29,"Gurugram, DLF Phase 2",DL05MC7702,Metro Enterprises,XXXXXX6524,Robbery,"FIR No. 1317/2026 records Manish Saxena, age 29, as a person associated with the Gurugram, DLF Phase 2 area. The investigation record lists phone number 9176873699 and vehicle DL05MC7702. Records also mention an association with Metro Enterprises. The recorded case category is Robbery. A masked financial identifier XXXXXX6524 appears in the available records. Investigators are reviewing relevant locations, communications, meetings, and financial activity connected with this person. The available information is being cross-referenced with other FIRs, call records, transaction records, and meeting records for network analysis. These details represent investigative records and leads and are not, by themselves, a determination of guilt.",English
P0318,Isha Sharma,9362964006,37,"Delhi, Pitampura",HR09AV7224,Horizon Services,XXXXXX3696,No recorded case in synthetic dataset,"FIR No. 1318/2026 records Isha Sharma, age 37, as a person associated with the Delhi, Pitampura area. The investigation record lists phone number 9362964006 and vehicle HR09AV7224. Records also mention an association with Horizon Services. The recorded case category is No recorded case in synthetic dataset. A masked financial identifier XXXXXX3696 appears in the available records. Investigators are reviewing relevant locations, communications, meetings, and financial activity connected with this person. The available information is being cross-referenced with other FIRs, call records, transaction records, and meeting records for network analysis. These details represent investigative records and leads and are not, by themselves, a determination of guilt.",
P0319,Aditya Yadav,9583701671,34,"Gurugram, Udyog Vihar",HR03WR3431,Capital Services,XXXXXX1675,Illegal Arms Possession,"FIR No. 1319/2026 records Aditya Yadav, age 34, as a person associated with the Gurugram, Udyog Vihar area. The investigation record lists phone number 9583701671 and vehicle HR03WR3431. Records also mention an association with Capital Services. The recorded case category is Illegal Arms Possession. A masked financial identifier XXXXXX1675 appears in the available records. Investigators are reviewing relevant locations, communications, meetings, and financial activity connected with this person. The available information is being cross-referenced with other FIRs, call records, transaction records, and meeting records for network analysis. These details represent investigative records and leads and are not, by themselves, a determination of guilt.",Hindi
P0320,Ravi Pandey,9640388910,34,"Gurugram, Sohna Road",DL06MZ2792,National Suppliers,XXXXXX3733,No recorded case in synthetic dataset,"FIR No. 1320/2026 records Ravi Pandey, age 34, as a person associated with the Gurugram, Sohna Road area. The investigation record lists phone number 9640388910 and vehicle DL06MZ2792. Records also mention an association with National Suppliers. The recorded case category is No recorded case in synthetic dataset. A masked financial identifier XXXXXX3733 appears in the available records. Investigators are reviewing relevant locations, communications, meetings, and financial activity connected with this person. The available information is being cross-referenced with other FIRs, call records, transaction records, and meeting records for network analysis. These details represent investigative records and leads and are not, by themselves, a determination of guilt.",
P0321,Preeti Chauhan,9920431213,51,"Delhi, Shahdara",UP06EJ1279,Evergreen Solutions,XXXXXX1772,No recorded case in synthetic dataset,"FIR No. 1321/2026 records Preeti Chauhan, age 51, as a person associated with the Delhi, Shahdara area. The investigation record lists phone number 9920431213 and vehicle UP06EJ1279. Records also mention an association with Evergreen Solutions. The recorded case category is No recorded case in synthetic dataset. A masked financial identifier XXXXXX1772 appears in the available records. Investigators are reviewing relevant locations, communications, meetings, and financial activity connected with this person. The available information is being cross-referenced with other FIRs, call records, transaction records, and meeting records for network analysis. These details represent investigative records and leads and are not, by themselves, a determination of guilt.",
P0322,Rahul Rawat,9608450807,56,"Gurugram, DLF Phase 3",UP06YM7160,Horizon Suppliers,XXXXXX4286,No recorded case in synthetic dataset,"FIR No. 1322/2026 records Rahul Rawat, age 56, as a person associated with the Gurugram, DLF Phase 3 area. The investigation record lists phone number 9608450807 and vehicle UP06YM7160. Records also mention an association with Horizon Suppliers. The recorded case category is No recorded case in synthetic dataset. A masked financial identifier XXXXXX4286 appears in the available records. Investigators are reviewing relevant locations, communications, meetings, and financial activity connected with this person. The available information is being cross-referenced with other FIRs, call records, transaction records, and meeting records for network analysis. These details represent investigative records and leads and are not, by themselves, a determination of guilt.",
P0323,Pooja Kapoor,9874235478,55,"Faridabad, Sector 15",UP09EP5330,United Warehousing,XXXXXX2748,Extortion,"FIR No. 1323/2026 records Pooja Kapoor, age 55, as a person associated with the Faridabad, Sector 15 area. The investigation record lists phone number 9874235478 and vehicle UP09EP5330. Records also mention an association with United Warehousing. The recorded case category is Extortion. A masked financial identifier XXXXXX2748 appears in the available records. Investigators are reviewing relevant locations, communications, meetings, and financial activity connected with this person. The available information is being cross-referenced with other FIRs, call records, transaction records, and meeting records for network analysis. These details represent investigative records and leads and are not, by themselves, a determination of guilt.",English
P0324,Harsh Dahiya,9737975882,56,"Gurugram, Sohna Road",UP09YU5387,Evergreen Transport,XXXXXX4711,No recorded case in synthetic dataset,"FIR No. 1324/2026 records Harsh Dahiya, age 56, as a person associated with the Gurugram, Sohna Road area. The investigation record lists phone number 9737975882 and vehicle UP09YU5387. Records also mention an association with Evergreen Transport. The recorded case category is No recorded case in synthetic dataset. A masked financial identifier XXXXXX4711 appears in the available records. Investigators are reviewing relevant locations, communications, meetings, and financial activity connected with this person. The available information is being cross-referenced with other FIRs, call records, transaction records, and meeting records for network analysis. These details represent investigative records and leads and are not, by themselves, a determination of guilt.",
P0325,Preeti Singh,9791735928,22,"Delhi, Pitampura",DL09LO9770,North Suppliers,XXXXXX5756,Theft,"FIR No. 1325/2026 records Preeti Singh, age 22, as a person associated with the Delhi, Pitampura area. The investigation record lists phone number 9791735928 and vehicle DL09LO9770. Records also mention an association with North Suppliers. The recorded case category is Theft. A masked financial identifier XXXXXX5756 appears in the available records. Investigators are reviewing relevant locations, communications, meetings, and financial activity connected with this person. The available information is being cross-referenced with other FIRs, call records, transaction records, and meeting records for network analysis. These details represent investigative records and leads and are not, by themselves, a determination of guilt.",Hindi
P0326,Ravi Bhati,9361480248,36,"Delhi, Shahdara",HR08CH3244,Horizon Enterprises,XXXXXX2484,Forgery,"FIR No. 1326/2026 records Ravi Bhati, age 36, as a person associated with the Delhi, Shahdara area. The investigation record lists phone number 9361480248 and vehicle HR08CH3244. Records also mention an association with Horizon Enterprises. The recorded case category is Forgery. A masked financial identifier XXXXXX2484 appears in the available records. Investigators are reviewing relevant locations, communications, meetings, and financial activity connected with this person. The available information is being cross-referenced with other FIRs, call records, transaction records, and meeting records for network analysis. These details represent investigative records and leads and are not, by themselves, a determination of guilt.",Hindi
P0327,Vikas Verma,9414607779,22,"Gurugram, Sohna Road",HR09RJ4347,Prime Enterprises,XXXXXX5697,No recorded case in synthetic dataset,"FIR No. 1327/2026 records Vikas Verma, age 22, as a person associated with the Gurugram, Sohna Road area. The investigation record lists phone number 9414607779 and vehicle HR09RJ4347. Records also mention an association with Prime Enterprises. The recorded case category is No recorded case in synthetic dataset. A masked financial identifier XXXXXX5697 appears in the available records. Investigators are reviewing relevant locations, communications, meetings, and financial activity connected with this person. The available information is being cross-referenced with other FIRs, call records, transaction records, and meeting records for network analysis. These details represent investigative records and leads and are not, by themselves, a determination of guilt.",
P0328,Ankit Tyagi,9959183410,56,"Gurugram, Sector 14",HR01TU9410,National Warehousing,XXXXXX9270,Illegal Arms Possession,"FIR No. 1328/2026 records Ankit Tyagi, age 56, as a person associated with the Gurugram, Sector 14 area. The investigation record lists phone number 9959183410 and vehicle HR01TU9410. Records also mention an association with National Warehousing. The recorded case category is Illegal Arms Possession. A masked financial identifier XXXXXX9270 appears in the available records. Investigators are reviewing relevant locations, communications, meetings, and financial activity connected with this person. The available information is being cross-referenced with other FIRs, call records, transaction records, and meeting records for network analysis. These details represent investigative records and leads and are not, by themselves, a determination of guilt.",English
P0329,Amit Arora,9784126172,56,"Delhi, Connaught Place",HR03MG7500,Horizon Services,XXXXXX8066,No recorded case in synthetic dataset,"FIR No. 1329/2026 records Amit Arora, age 56, as a person associated with the Delhi, Connaught Place area. The investigation record lists phone number 9784126172 and vehicle HR03MG7500. Records also mention an association with Horizon Services. The recorded case category is No recorded case in synthetic dataset. A masked financial identifier XXXXXX8066 appears in the available records. Investigators are reviewing relevant locations, communications, meetings, and financial activity connected with this person. The available information is being cross-referenced with other FIRs, call records, transaction records, and meeting records for network analysis. These details represent investigative records and leads and are not, by themselves, a determination of guilt.",
P0330,Muskan Kumar,9969833819,46,"Ghaziabad, Vaishali",UP03UI2092,Star Transport,XXXXXX1062,Cyber Fraud,"FIR No. 1330/2026 records Muskan Kumar, age 46, as a person associated with the Ghaziabad, Vaishali area. The investigation record lists phone number 9969833819 and vehicle UP03UI2092. Records also mention an association with Star Transport. The recorded case category is Cyber Fraud. A masked financial identifier XXXXXX1062 appears in the available records. Investigators are reviewing relevant locations, communications, meetings, and financial activity connected with this person. The available information is being cross-referenced with other FIRs, call records, transaction records, and meeting records for network analysis. These details represent investigative records and leads and are not, by themselves, a determination of guilt.",English
P0331,Manish Meena,9554714533,47,"Greater Noida, Alpha 1",DL01OJ3530,City Transport,XXXXXX3373,No recorded case in synthetic dataset,"FIR No. 1331/2026 records Manish Meena, age 47, as a person associated with the Greater Noida, Alpha 1 area. The investigation record lists phone number 9554714533 and vehicle DL01OJ3530. Records also mention an association with City Transport. The recorded case category is No recorded case in synthetic dataset. A masked financial identifier XXXXXX3373 appears in the available records. Investigators are reviewing relevant locations, communications, meetings, and financial activity connected with this person. The available information is being cross-referenced with other FIRs, call records, transaction records, and meeting records for network analysis. These details represent investigative records and leads and are not, by themselves, a determination of guilt.",
P0332,Aditi Malik,9628834861,27,"Gurugram, Sector 18",DL05JA4985,Trinity Warehousing,XXXXXX2440,Criminal Intimidation,"FIR No. 1332/2026 records Aditi Malik, age 27, as a person associated with the Gurugram, Sector 18 area. The investigation record lists phone number 9628834861 and vehicle DL05JA4985. Records also mention an association with Trinity Warehousing. The recorded case category is Criminal Intimidation. A masked financial identifier XXXXXX2440 appears in the available records. Investigators are reviewing relevant locations, communications, meetings, and financial activity connected with this person. The available information is being cross-referenced with other FIRs, call records, transaction records, and meeting records for network analysis. These details represent investigative records and leads and are not, by themselves, a determination of guilt.",Hindi
P0333,Vikas Tiwari,9733812408,56,"Ghaziabad, Raj Nagar",HR07NU9511,Horizon Warehousing,XXXXXX2045,No recorded case in synthetic dataset,"FIR No. 1333/2026 records Vikas Tiwari, age 56, as a person associated with the Ghaziabad, Raj Nagar area. The investigation record lists phone number 9733812408 and vehicle HR07NU9511. Records also mention an association with Horizon Warehousing. The recorded case category is No recorded case in synthetic dataset. A masked financial identifier XXXXXX2045 appears in the available records. Investigators are reviewing relevant locations, communications, meetings, and financial activity connected with this person. The available information is being cross-referenced with other FIRs, call records, transaction records, and meeting records for network analysis. These details represent investigative records and leads and are not, by themselves, a determination of guilt.",
P0334,Sumit Yadav,9668631497,24,"Delhi, Shahdara",HR03DU1633,National Suppliers,XXXXXX5842,Illegal Arms Possession,"FIR No. 1334/2026 records Sumit Yadav, age 24, as a person associated with the Delhi, Shahdara area. The investigation record lists phone number 9668631497 and vehicle HR03DU1633. Records also mention an association with National Suppliers. The recorded case category is Illegal Arms Possession. A masked financial identifier XXXXXX5842 appears in the available records. Investigators are reviewing relevant locations, communications, meetings, and financial activity connected with this person. The available information is being cross-referenced with other FIRs, call records, transaction records, and meeting records for network analysis. These details represent investigative records and leads and are not, by themselves, a determination of guilt.",English
P0335,Mohit Chauhan,9885111669,38,"Ghaziabad, Kaushambi",HR07DM1832,Royal Solutions,XXXXXX1837,No recorded case in synthetic dataset,"FIR No. 1335/2026 records Mohit Chauhan, age 38, as a person associated with the Ghaziabad, Kaushambi area. The investigation record lists phone number 9885111669 and vehicle HR07DM1832. Records also mention an association with Royal Solutions. The recorded case category is No recorded case in synthetic dataset. A masked financial identifier XXXXXX1837 appears in the available records. Investigators are reviewing relevant locations, communications, meetings, and financial activity connected with this person. The available information is being cross-referenced with other FIRs, call records, transaction records, and meeting records for network analysis. These details represent investigative records and leads and are not, by themselves, a determination of guilt.",
P0336,Arjun Tyagi,9819631071,39,"Greater Noida, Alpha 1",HR06BI7910,Frontier Enterprises,XXXXXX2767,Theft,"FIR No. 1336/2026 records Arjun Tyagi, age 39, as a person associated with the Greater Noida, Alpha 1 area. The investigation record lists phone number 9819631071 and vehicle HR06BI7910. Records also mention an association with Frontier Enterprises. The recorded case category is Theft. A masked financial identifier XXXXXX2767 appears in the available records. Investigators are reviewing relevant locations, communications, meetings, and financial activity connected with this person. The available information is being cross-referenced with other FIRs, call records, transaction records, and meeting records for network analysis. These details represent investigative records and leads and are not, by themselves, a determination of guilt.",Punjabi
P0337,Arjun Tiwari,9687234951,26,"Delhi, Dwarka",UP04KO8760,Trinity Trading,XXXXXX9383,No recorded case in synthetic dataset,"FIR No. 1337/2026 records Arjun Tiwari, age 26, as a person associated with the Delhi, Dwarka area. The investigation record lists phone number 9687234951 and vehicle UP04KO8760. Records also mention an association with Trinity Trading. The recorded case category is No recorded case in synthetic dataset. A masked financial identifier XXXXXX9383 appears in the available records. Investigators are reviewing relevant locations, communications, meetings, and financial activity connected with this person. The available information is being cross-referenced with other FIRs, call records, transaction records, and meeting records for network analysis. These details represent investigative records and leads and are not, by themselves, a determination of guilt.",
P0338,Simran Sharma,9826759395,35,"Delhi, Pitampura",HR02HZ8431,Royal Trading,XXXXXX9999,Narcotics-related offence,"FIR No. 1338/2026 records Simran Sharma, age 35, as a person associated with the Delhi, Pitampura area. The investigation record lists phone number 9826759395 and vehicle HR02HZ8431. Records also mention an association with Royal Trading. The recorded case category is Narcotics-related offence. A masked financial identifier XXXXXX9999 appears in the available records. Investigators are reviewing relevant locations, communications, meetings, and financial activity connected with this person. The available information is being cross-referenced with other FIRs, call records, transaction records, and meeting records for network analysis. These details represent investigative records and leads and are not, by themselves, a determination of guilt.",Hindi
P0339,Jyoti Singh,9534106906,52,"Greater Noida, Knowledge Park",DL09DR8845,City Solutions,XXXXXX7576,No recorded case in synthetic dataset,"FIR No. 1339/2026 records Jyoti Singh, age 52, as a person associated with the Greater Noida, Knowledge Park area. The investigation record lists phone number 9534106906 and vehicle DL09DR8845. Records also mention an association with City Solutions. The recorded case category is No recorded case in synthetic dataset. A masked financial identifier XXXXXX7576 appears in the available records. Investigators are reviewing relevant locations, communications, meetings, and financial activity connected with this person. The available information is being cross-referenced with other FIRs, call records, transaction records, and meeting records for network analysis. These details represent investigative records and leads and are not, by themselves, a determination of guilt.",
P0340,Pooja Bhati,9260421547,36,"Noida, Sector 62",UP03DL1414,Capital Logistics,XXXXXX8236,Criminal Intimidation,"FIR No. 1340/2026 records Pooja Bhati, age 36, as a person associated with the Noida, Sector 62 area. The investigation record lists phone number 9260421547 and vehicle UP03DL1414. Records also mention an association with Capital Logistics. The recorded case category is Criminal Intimidation. A masked financial identifier XXXXXX8236 appears in the available records. Investigators are reviewing relevant locations, communications, meetings, and financial activity connected with this person. The available information is being cross-referenced with other FIRs, call records, transaction records, and meeting records for network analysis. These details represent investigative records and leads and are not, by themselves, a determination of guilt.",English
P0341,Deepak Saxena,9889272647,45,"Gurugram, Sohna Road",DL07HC8042,United Suppliers,XXXXXX8852,No recorded case in synthetic dataset,"FIR No. 1341/2026 records Deepak Saxena, age 45, as a person associated with the Gurugram, Sohna Road area. The investigation record lists phone number 9889272647 and vehicle DL07HC8042. Records also mention an association with United Suppliers. The recorded case category is No recorded case in synthetic dataset. A masked financial identifier XXXXXX8852 appears in the available records. Investigators are reviewing relevant locations, communications, meetings, and financial activity connected with this person. The available information is being cross-referenced with other FIRs, call records, transaction records, and meeting records for network analysis. These details represent investigative records and leads and are not, by themselves, a determination of guilt.",
P0342,Ananya Bhardwaj,9712486356,47,"Noida, Sector 62",DL01JN5563,Evergreen Transport,XXXXXX3972,Illegal Arms Possession,"FIR No. 1342/2026 records Ananya Bhardwaj, age 47, as a person associated with the Noida, Sector 62 area. The investigation record lists phone number 9712486356 and vehicle DL01JN5563. Records also mention an association with Evergreen Transport. The recorded case category is Illegal Arms Possession. A masked financial identifier XXXXXX3972 appears in the available records. Investigators are reviewing relevant locations, communications, meetings, and financial activity connected with this person. The available information is being cross-referenced with other FIRs, call records, transaction records, and meeting records for network analysis. These details represent investigative records and leads and are not, by themselves, a determination of guilt.",English
P0343,Amit Goyal,9361857360,20,"Delhi, Okhla",DL04GW4042,North Trading,XXXXXX6876,No recorded case in synthetic dataset,"FIR No. 1343/2026 records Amit Goyal, age 20, as a person associated with the Delhi, Okhla area. The investigation record lists phone number 9361857360 and vehicle DL04GW4042. Records also mention an association with North Trading. The recorded case category is No recorded case in synthetic dataset. A masked financial identifier XXXXXX6876 appears in the available records. Investigators are reviewing relevant locations, communications, meetings, and financial activity connected with this person. The available information is being cross-referenced with other FIRs, call records, transaction records, and meeting records for network analysis. These details represent investigative records and leads and are not, by themselves, a determination of guilt.",
P0344,Vikas Bhati,9471226441,40,"Delhi, Saket",DL08IL2531,United Services,XXXXXX3898,No recorded case in synthetic dataset,"FIR No. 1344/2026 records Vikas Bhati, age 40, as a person associated with the Delhi, Saket area. The investigation record lists phone number 9471226441 and vehicle DL08IL2531. Records also mention an association with United Services. The recorded case category is No recorded case in synthetic dataset. A masked financial identifier XXXXXX3898 appears in the available records. Investigators are reviewing relevant locations, communications, meetings, and financial activity connected with this person. The available information is being cross-referenced with other FIRs, call records, transaction records, and meeting records for network analysis. These details represent investigative records and leads and are not, by themselves, a determination of guilt.",
P0345,Shreya Chaudhary,9724263037,46,"Noida, Sector 15",UP04TY9780,City Suppliers,XXXXXX7002,Cyber Fraud,"FIR No. 1345/2026 records Shreya Chaudhary, age 46, as a person associated with the Noida, Sector 15 area. The investigation record lists phone number 9724263037 and vehicle UP04TY9780. Records also mention an association with City Suppliers. The recorded case category is Cyber Fraud. A masked financial identifier XXXXXX7002 appears in the available records. Investigators are reviewing relevant locations, communications, meetings, and financial activity connected with this person. The available information is being cross-referenced with other FIRs, call records, transaction records, and meeting records for network analysis. These details represent investigative records and leads and are not, by themselves, a determination of guilt.",English
P0346,Jyoti Kumar,9258416202,27,"Gurugram, DLF Phase 2",HR09YT1909,Sahara Logistics,XXXXXX1342,Illegal Arms Possession,"FIR No. 1346/2026 records Jyoti Kumar, age 27, as a person associated with the Gurugram, DLF Phase 2 area. The investigation record lists phone number 9258416202 and vehicle HR09YT1909. Records also mention an association with Sahara Logistics. The recorded case category is Illegal Arms Possession. A masked financial identifier XXXXXX1342 appears in the available records. Investigators are reviewing relevant locations, communications, meetings, and financial activity connected with this person. The available information is being cross-referenced with other FIRs, call records, transaction records, and meeting records for network analysis. These details represent investigative records and leads and are not, by themselves, a determination of guilt.",Hindi
P0347,Aditya Bhati,9704456374,58,"Faridabad, NIT",DL01CK7345,Apex Logistics,XXXXXX6965,Theft,"FIR No. 1347/2026 records Aditya Bhati, age 58, as a person associated with the Faridabad, NIT area. The investigation record lists phone number 9704456374 and vehicle DL01CK7345. Records also mention an association with Apex Logistics. The recorded case category is Theft. A masked financial identifier XXXXXX6965 appears in the available records. Investigators are reviewing relevant locations, communications, meetings, and financial activity connected with this person. The available information is being cross-referenced with other FIRs, call records, transaction records, and meeting records for network analysis. These details represent investigative records and leads and are not, by themselves, a determination of guilt.",English
P0348,Divya Malik,9660606888,36,"Delhi, Connaught Place",HR06SG7505,Rapid Logistics,XXXXXX3847,No recorded case in synthetic dataset,"FIR No. 1348/2026 records Divya Malik, age 36, as a person associated with the Delhi, Connaught Place area. The investigation record lists phone number 9660606888 and vehicle HR06SG7505. Records also mention an association with Rapid Logistics. The recorded case category is No recorded case in synthetic dataset. A masked financial identifier XXXXXX3847 appears in the available records. Investigators are reviewing relevant locations, communications, meetings, and financial activity connected with this person. The available information is being cross-referenced with other FIRs, call records, transaction records, and meeting records for network analysis. These details represent investigative records and leads and are not, by themselves, a determination of guilt.",
P0349,Vivaan Kumar,9157765922,34,"Gurugram, DLF Phase 2",UP08KK3083,United Solutions,XXXXXX6946,Forgery,"FIR No. 1349/2026 records Vivaan Kumar, age 34, as a person associated with the Gurugram, DLF Phase 2 area. The investigation record lists phone number 9157765922 and vehicle UP08KK3083. Records also mention an association with United Solutions. The recorded case category is Forgery. A masked financial identifier XXXXXX6946 appears in the available records. Investigators are reviewing relevant locations, communications, meetings, and financial activity connected with this person. The available information is being cross-referenced with other FIRs, call records, transaction records, and meeting records for network analysis. These details represent investigative records and leads and are not, by themselves, a determination of guilt.",Punjabi
P0350,Kavya Arora,9130086076,26,"Delhi, Connaught Place",HR07ND9451,National Warehousing,XXXXXX4034,No recorded case in synthetic dataset,"FIR No. 1350/2026 records Kavya Arora, age 26, as a person associated with the Delhi, Connaught Place area. The investigation record lists phone number 9130086076 and vehicle HR07ND9451. Records also mention an association with National Warehousing. The recorded case category is No recorded case in synthetic dataset. A masked financial identifier XXXXXX4034 appears in the available records. Investigators are reviewing relevant locations, communications, meetings, and financial activity connected with this person. The available information is being cross-referenced with other FIRs, call records, transaction records, and meeting records for network analysis. These details represent investigative records and leads and are not, by themselves, a determination of guilt.",
P0351,Divya Mishra,9343259437,19,"Delhi, Pitampura",HR06DO9090,Blue Suppliers,XXXXXX5381,Fraud,"FIR No. 1351/2026 records Divya Mishra, age 19, as a person associated with the Delhi, Pitampura area. The investigation record lists phone number 9343259437 and vehicle HR06DO9090. Records also mention an association with Blue Suppliers. The recorded case category is Fraud. A masked financial identifier XXXXXX5381 appears in the available records. Investigators are reviewing relevant locations, communications, meetings, and financial activity connected with this person. The available information is being cross-referenced with other FIRs, call records, transaction records, and meeting records for network analysis. These details represent investigative records and leads and are not, by themselves, a determination of guilt.",English
P0352,Shreya Mishra,9696788806,53,"Noida, Greater Noida West",DL06FK4099,Sahara Logistics,XXXXXX8199,Robbery,"FIR No. 1352/2026 records Shreya Mishra, age 53, as a person associated with the Noida, Greater Noida West area. The investigation record lists phone number 9696788806 and vehicle DL06FK4099. Records also mention an association with Sahara Logistics. The recorded case category is Robbery. A masked financial identifier XXXXXX8199 appears in the available records. Investigators are reviewing relevant locations, communications, meetings, and financial activity connected with this person. The available information is being cross-referenced with other FIRs, call records, transaction records, and meeting records for network analysis. These details represent investigative records and leads and are not, by themselves, a determination of guilt.",English
P0353,Naina Mishra,9971809605,49,"Delhi, Connaught Place",HR09ZH7266,Trinity Solutions,XXXXXX9237,No recorded case in synthetic dataset,"FIR No. 1353/2026 records Naina Mishra, age 49, as a person associated with the Delhi, Connaught Place area. The investigation record lists phone number 9971809605 and vehicle HR09ZH7266. Records also mention an association with Trinity Solutions. The recorded case category is No recorded case in synthetic dataset. A masked financial identifier XXXXXX9237 appears in the available records. Investigators are reviewing relevant locations, communications, meetings, and financial activity connected with this person. The available information is being cross-referenced with other FIRs, call records, transaction records, and meeting records for network analysis. These details represent investigative records and leads and are not, by themselves, a determination of guilt.",
P0354,Sumit Dahiya,9589082225,51,"Faridabad, Sector 37",UP08UU3826,Blue Trading,XXXXXX6939,Theft,"FIR No. 1354/2026 records Sumit Dahiya, age 51, as a person associated with the Faridabad, Sector 37 area. The investigation record lists phone number 9589082225 and vehicle UP08UU3826. Records also mention an association with Blue Trading. The recorded case category is Theft. A masked financial identifier XXXXXX6939 appears in the available records. Investigators are reviewing relevant locations, communications, meetings, and financial activity connected with this person. The available information is being cross-referenced with other FIRs, call records, transaction records, and meeting records for network analysis. These details represent investigative records and leads and are not, by themselves, a determination of guilt.",English
P0355,Naina Ahuja,9300988762,36,"Ghaziabad, Indirapuram",DL03IS4111,Apex Enterprises,XXXXXX4815,Narcotics-related offence,"FIR No. 1355/2026 records Naina Ahuja, age 36, as a person associated with the Ghaziabad, Indirapuram area. The investigation record lists phone number 9300988762 and vehicle DL03IS4111. Records also mention an association with Apex Enterprises. The recorded case category is Narcotics-related offence. A masked financial identifier XXXXXX4815 appears in the available records. Investigators are reviewing relevant locations, communications, meetings, and financial activity connected with this person. The available information is being cross-referenced with other FIRs, call records, transaction records, and meeting records for network analysis. These details represent investigative records and leads and are not, by themselves, a determination of guilt.",English
P0356,Kavya Bhardwaj,9697819811,28,"Delhi, Narela",UP01UM6268,Rapid Logistics,XXXXXX7319,Criminal Intimidation,"FIR No. 1356/2026 records Kavya Bhardwaj, age 28, as a person associated with the Delhi, Narela area. The investigation record lists phone number 9697819811 and vehicle UP01UM6268. Records also mention an association with Rapid Logistics. The recorded case category is Criminal Intimidation. A masked financial identifier XXXXXX7319 appears in the available records. Investigators are reviewing relevant locations, communications, meetings, and financial activity connected with this person. The available information is being cross-referenced with other FIRs, call records, transaction records, and meeting records for network analysis. These details represent investigative records and leads and are not, by themselves, a determination of guilt.",Hindi
P0357,Aditi Singh,9101078286,21,"Delhi, Shahdara",HR05TO2199,Capital Warehousing,XXXXXX8314,No recorded case in synthetic dataset,"FIR No. 1357/2026 records Aditi Singh, age 21, as a person associated with the Delhi, Shahdara area. The investigation record lists phone number 9101078286 and vehicle HR05TO2199. Records also mention an association with Capital Warehousing. The recorded case category is No recorded case in synthetic dataset. A masked financial identifier XXXXXX8314 appears in the available records. Investigators are reviewing relevant locations, communications, meetings, and financial activity connected with this person. The available information is being cross-referenced with other FIRs, call records, transaction records, and meeting records for network analysis. These details represent investigative records and leads and are not, by themselves, a determination of guilt.",
P0358,Simran Saini,9226899081,19,"Faridabad, Sector 37",UP08ZA5805,North Services,XXXXXX1190,Robbery,"FIR No. 1358/2026 records Simran Saini, age 19, as a person associated with the Faridabad, Sector 37 area. The investigation record lists phone number 9226899081 and vehicle UP08ZA5805. Records also mention an association with North Services. The recorded case category is Robbery. A masked financial identifier XXXXXX1190 appears in the available records. Investigators are reviewing relevant locations, communications, meetings, and financial activity connected with this person. The available information is being cross-referenced with other FIRs, call records, transaction records, and meeting records for network analysis. These details represent investigative records and leads and are not, by themselves, a determination of guilt.",Hindi
P0359,Deepak Mishra,9875366567,40,"Gurugram, Manesar",HR03LS8443,Sahara Warehousing,XXXXXX9249,No recorded case in synthetic dataset,"FIR No. 1359/2026 records Deepak Mishra, age 40, as a person associated with the Gurugram, Manesar area. The investigation record lists phone number 9875366567 and vehicle HR03LS8443. Records also mention an association with Sahara Warehousing. The recorded case category is No recorded case in synthetic dataset. A masked financial identifier XXXXXX9249 appears in the available records. Investigators are reviewing relevant locations, communications, meetings, and financial activity connected with this person. The available information is being cross-referenced with other FIRs, call records, transaction records, and meeting records for network analysis. These details represent investigative records and leads and are not, by themselves, a determination of guilt.",
P0360,Pooja Arora,9912656099,32,"Noida, Sector 15",DL03OR5726,Metro Solutions,XXXXXX6676,No recorded case in synthetic dataset,"FIR No. 1360/2026 records Pooja Arora, age 32, as a person associated with the Noida, Sector 15 area. The investigation record lists phone number 9912656099 and vehicle DL03OR5726. Records also mention an association with Metro Solutions. The recorded case category is No recorded case in synthetic dataset. A masked financial identifier XXXXXX6676 appears in the available records. Investigators are reviewing relevant locations, communications, meetings, and financial activity connected with this person. The available information is being cross-referenced with other FIRs, call records, transaction records, and meeting records for network analysis. These details represent investigative records and leads and are not, by themselves, a determination of guilt.",
P0361,Shreya Goyal,9504959798,54,"Faridabad, Sector 37",HR06KY3727,Star Suppliers,XXXXXX3841,Narcotics-related offence,"FIR No. 1361/2026 records Shreya Goyal, age 54, as a person associated with the Faridabad, Sector 37 area. The investigation record lists phone number 9504959798 and vehicle HR06KY3727. Records also mention an association with Star Suppliers. The recorded case category is Narcotics-related offence. A masked financial identifier XXXXXX3841 appears in the available records. Investigators are reviewing relevant locations, communications, meetings, and financial activity connected with this person. The available information is being cross-referenced with other FIRs, call records, transaction records, and meeting records for network analysis. These details represent investigative records and leads and are not, by themselves, a determination of guilt.",English
P0362,Saurabh Chaudhary,9875710529,53,"Faridabad, Sector 15",HR07ZG6912,Rapid Solutions,XXXXXX2469,Vehicle Theft,"FIR No. 1362/2026 records Saurabh Chaudhary, age 53, as a person associated with the Faridabad, Sector 15 area. The investigation record lists phone number 9875710529 and vehicle HR07ZG6912. Records also mention an association with Rapid Solutions. The recorded case category is Vehicle Theft. A masked financial identifier XXXXXX2469 appears in the available records. Investigators are reviewing relevant locations, communications, meetings, and financial activity connected with this person. The available information is being cross-referenced with other FIRs, call records, transaction records, and meeting records for network analysis. These details represent investigative records and leads and are not, by themselves, a determination of guilt.",Hindi
P0363,Simran Aggarwal,9550823046,42,"Delhi, Narela",UP02HZ4745,United Warehousing,XXXXXX9073,No recorded case in synthetic dataset,"FIR No. 1363/2026 records Simran Aggarwal, age 42, as a person associated with the Delhi, Narela area. The investigation record lists phone number 9550823046 and vehicle UP02HZ4745. Records also mention an association with United Warehousing. The recorded case category is No recorded case in synthetic dataset. A masked financial identifier XXXXXX9073 appears in the available records. Investigators are reviewing relevant locations, communications, meetings, and financial activity connected with this person. The available information is being cross-referenced with other FIRs, call records, transaction records, and meeting records for network analysis. These details represent investigative records and leads and are not, by themselves, a determination of guilt.",
P0364,Yash Gupta,9414234156,21,"Noida, Sector 27",DL03CS3927,Rapid Trading,XXXXXX9148,No recorded case in synthetic dataset,"FIR No. 1364/2026 records Yash Gupta, age 21, as a person associated with the Noida, Sector 27 area. The investigation record lists phone number 9414234156 and vehicle DL03CS3927. Records also mention an association with Rapid Trading. The recorded case category is No recorded case in synthetic dataset. A masked financial identifier XXXXXX9148 appears in the available records. Investigators are reviewing relevant locations, communications, meetings, and financial activity connected with this person. The available information is being cross-referenced with other FIRs, call records, transaction records, and meeting records for network analysis. These details represent investigative records and leads and are not, by themselves, a determination of guilt.",
P0365,Priya Mishra,9731153731,58,"Noida, Greater Noida West",UP03QB6677,Blue Trading,XXXXXX3076,No recorded case in synthetic dataset,"FIR No. 1365/2026 records Priya Mishra, age 58, as a person associated with the Noida, Greater Noida West area. The investigation record lists phone number 9731153731 and vehicle UP03QB6677. Records also mention an association with Blue Trading. The recorded case category is No recorded case in synthetic dataset. A masked financial identifier XXXXXX3076 appears in the available records. Investigators are reviewing relevant locations, communications, meetings, and financial activity connected with this person. The available information is being cross-referenced with other FIRs, call records, transaction records, and meeting records for network analysis. These details represent investigative records and leads and are not, by themselves, a determination of guilt.",
P0366,Amit Verma,9993522022,29,"Delhi, Dwarka",HR01YK3905,City Services,XXXXXX7506,No recorded case in synthetic dataset,"FIR No. 1366/2026 records Amit Verma, age 29, as a person associated with the Delhi, Dwarka area. The investigation record lists phone number 9993522022 and vehicle HR01YK3905. Records also mention an association with City Services. The recorded case category is No recorded case in synthetic dataset. A masked financial identifier XXXXXX7506 appears in the available records. Investigators are reviewing relevant locations, communications, meetings, and financial activity connected with this person. The available information is being cross-referenced with other FIRs, call records, transaction records, and meeting records for network analysis. These details represent investigative records and leads and are not, by themselves, a determination of guilt.",
P0367,Mohit Rawat,9380258006,41,"Ghaziabad, Raj Nagar",UP04CI8955,Capital Suppliers,XXXXXX5797,No recorded case in synthetic dataset,"FIR No. 1367/2026 records Mohit Rawat, age 41, as a person associated with the Ghaziabad, Raj Nagar area. The investigation record lists phone number 9380258006 and vehicle UP04CI8955. Records also mention an association with Capital Suppliers. The recorded case category is No recorded case in synthetic dataset. A masked financial identifier XXXXXX5797 appears in the available records. Investigators are reviewing relevant locations, communications, meetings, and financial activity connected with this person. The available information is being cross-referenced with other FIRs, call records, transaction records, and meeting records for network analysis. These details represent investigative records and leads and are not, by themselves, a determination of guilt.",
P0368,Sonam Dahiya,9981415362,54,"Delhi, Shahdara",DL07UX6653,Star Logistics,XXXXXX8371,Extortion,"FIR No. 1368/2026 records Sonam Dahiya, age 54, as a person associated with the Delhi, Shahdara area. The investigation record lists phone number 9981415362 and vehicle DL07UX6653. Records also mention an association with Star Logistics. The recorded case category is Extortion. A masked financial identifier XXXXXX8371 appears in the available records. Investigators are reviewing relevant locations, communications, meetings, and financial activity connected with this person. The available information is being cross-referenced with other FIRs, call records, transaction records, and meeting records for network analysis. These details represent investigative records and leads and are not, by themselves, a determination of guilt.",English
P0369,Aarav Gupta,9237432963,24,"Faridabad, NIT",UP08UC8224,North Logistics,XXXXXX1691,Narcotics-related offence,"FIR No. 1369/2026 records Aarav Gupta, age 24, as a person associated with the Faridabad, NIT area. The investigation record lists phone number 9237432963 and vehicle UP08UC8224. Records also mention an association with North Logistics. The recorded case category is Narcotics-related offence. A masked financial identifier XXXXXX1691 appears in the available records. Investigators are reviewing relevant locations, communications, meetings, and financial activity connected with this person. The available information is being cross-referenced with other FIRs, call records, transaction records, and meeting records for network analysis. These details represent investigative records and leads and are not, by themselves, a determination of guilt.",Punjabi
P0370,Rohan Arora,9178518881,50,"Faridabad, Sector 15",UP08TU6720,Horizon Logistics,XXXXXX8707,Extortion,"FIR No. 1370/2026 records Rohan Arora, age 50, as a person associated with the Faridabad, Sector 15 area. The investigation record lists phone number 9178518881 and vehicle UP08TU6720. Records also mention an association with Horizon Logistics. The recorded case category is Extortion. A masked financial identifier XXXXXX8707 appears in the available records. Investigators are reviewing relevant locations, communications, meetings, and financial activity connected with this person. The available information is being cross-referenced with other FIRs, call records, transaction records, and meeting records for network analysis. These details represent investigative records and leads and are not, by themselves, a determination of guilt.",English
P0371,Kavya Rawat,9218170426,29,"Noida, Sector 15",HR09ED8757,Star Logistics,XXXXXX9082,Cyber Fraud,"FIR No. 1371/2026 records Kavya Rawat, age 29, as a person associated with the Noida, Sector 15 area. The investigation record lists phone number 9218170426 and vehicle HR09ED8757. Records also mention an association with Star Logistics. The recorded case category is Cyber Fraud. A masked financial identifier XXXXXX9082 appears in the available records. Investigators are reviewing relevant locations, communications, meetings, and financial activity connected with this person. The available information is being cross-referenced with other FIRs, call records, transaction records, and meeting records for network analysis. These details represent investigative records and leads and are not, by themselves, a determination of guilt.",Hindi
P0372,Mehak Gupta,9316512736,40,"Gurugram, Manesar",DL04GE8373,Shree Warehousing,XXXXXX4814,Theft,"FIR No. 1372/2026 records Mehak Gupta, age 40, as a person associated with the Gurugram, Manesar area. The investigation record lists phone number 9316512736 and vehicle DL04GE8373. Records also mention an association with Shree Warehousing. The recorded case category is Theft. A masked financial identifier XXXXXX4814 appears in the available records. Investigators are reviewing relevant locations, communications, meetings, and financial activity connected with this person. The available information is being cross-referenced with other FIRs, call records, transaction records, and meeting records for network analysis. These details represent investigative records and leads and are not, by themselves, a determination of guilt.",English
P0373,Sumit Rawat,9546766569,56,"Ghaziabad, Vaishali",UP09LI6471,Trinity Solutions,XXXXXX7462,Narcotics-related offence,"FIR No. 1373/2026 records Sumit Rawat, age 56, as a person associated with the Ghaziabad, Vaishali area. The investigation record lists phone number 9546766569 and vehicle UP09LI6471. Records also mention an association with Trinity Solutions. The recorded case category is Narcotics-related offence. A masked financial identifier XXXXXX7462 appears in the available records. Investigators are reviewing relevant locations, communications, meetings, and financial activity connected with this person. The available information is being cross-referenced with other FIRs, call records, transaction records, and meeting records for network analysis. These details represent investigative records and leads and are not, by themselves, a determination of guilt.",Hindi
P0374,Aditi Ahuja,9619332855,53,"Noida, Sector 27",UP08DW1095,Prime Transport,XXXXXX6062,No recorded case in synthetic dataset,"FIR No. 1374/2026 records Aditi Ahuja, age 53, as a person associated with the Noida, Sector 27 area. The investigation record lists phone number 9619332855 and vehicle UP08DW1095. Records also mention an association with Prime Transport. The recorded case category is No recorded case in synthetic dataset. A masked financial identifier XXXXXX6062 appears in the available records. Investigators are reviewing relevant locations, communications, meetings, and financial activity connected with this person. The available information is being cross-referenced with other FIRs, call records, transaction records, and meeting records for network analysis. These details represent investigative records and leads and are not, by themselves, a determination of guilt.",
P0375,Manish Sharma,9711196023,58,"Gurugram, Sohna Road",UP07HR3745,Horizon Trading,XXXXXX7516,No recorded case in synthetic dataset,"FIR No. 1375/2026 records Manish Sharma, age 58, as a person associated with the Gurugram, Sohna Road area. The investigation record lists phone number 9711196023 and vehicle UP07HR3745. Records also mention an association with Horizon Trading. The recorded case category is No recorded case in synthetic dataset. A masked financial identifier XXXXXX7516 appears in the available records. Investigators are reviewing relevant locations, communications, meetings, and financial activity connected with this person. The available information is being cross-referenced with other FIRs, call records, transaction records, and meeting records for network analysis. These details represent investigative records and leads and are not, by themselves, a determination of guilt.",
P0376,Varun Malik,9729298645,43,"Delhi, Rohini",DL01IP8961,Evergreen Services,XXXXXX1724,Criminal Intimidation,"FIR No. 1376/2026 records Varun Malik, age 43, as a person associated with the Delhi, Rohini area. The investigation record lists phone number 9729298645 and vehicle DL01IP8961. Records also mention an association with Evergreen Services. The recorded case category is Criminal Intimidation. A masked financial identifier XXXXXX1724 appears in the available records. Investigators are reviewing relevant locations, communications, meetings, and financial activity connected with this person. The available information is being cross-referenced with other FIRs, call records, transaction records, and meeting records for network analysis. These details represent investigative records and leads and are not, by themselves, a determination of guilt.",Hindi
P0377,Varun Verma,9710056249,39,"Faridabad, Sector 37",DL03LQ5124,Metro Trading,XXXXXX2773,No recorded case in synthetic dataset,"FIR No. 1377/2026 records Varun Verma, age 39, as a person associated with the Faridabad, Sector 37 area. The investigation record lists phone number 9710056249 and vehicle DL03LQ5124. Records also mention an association with Metro Trading. The recorded case category is No recorded case in synthetic dataset. A masked financial identifier XXXXXX2773 appears in the available records. Investigators are reviewing relevant locations, communications, meetings, and financial activity connected with this person. The available information is being cross-referenced with other FIRs, call records, transaction records, and meeting records for network analysis. These details represent investigative records and leads and are not, by themselves, a determination of guilt.",
P0378,Aditi Sharma,9782385655,23,"Greater Noida, Pari Chowk",DL03DW3079,National Solutions,XXXXXX2051,Criminal Intimidation,"FIR No. 1378/2026 records Aditi Sharma, age 23, as a person associated with the Greater Noida, Pari Chowk area. The investigation record lists phone number 9782385655 and vehicle DL03DW3079. Records also mention an association with National Solutions. The recorded case category is Criminal Intimidation. A masked financial identifier XXXXXX2051 appears in the available records. Investigators are reviewing relevant locations, communications, meetings, and financial activity connected with this person. The available information is being cross-referenced with other FIRs, call records, transaction records, and meeting records for network analysis. These details represent investigative records and leads and are not, by themselves, a determination of guilt.",Hindi
P0379,Amit Arora,9172256236,51,"Gurugram, Sohna Road",HR06BY5310,Trinity Solutions,XXXXXX9977,Fraud,"FIR No. 1379/2026 records Amit Arora, age 51, as a person associated with the Gurugram, Sohna Road area. The investigation record lists phone number 9172256236 and vehicle HR06BY5310. Records also mention an association with Trinity Solutions. The recorded case category is Fraud. A masked financial identifier XXXXXX9977 appears in the available records. Investigators are reviewing relevant locations, communications, meetings, and financial activity connected with this person. The available information is being cross-referenced with other FIRs, call records, transaction records, and meeting records for network analysis. These details represent investigative records and leads and are not, by themselves, a determination of guilt.",English
P0380,Ravi Khanna,9679243307,34,"Delhi, Karol Bagh",HR06RN3968,Crown Trading,XXXXXX2630,No recorded case in synthetic dataset,"FIR No. 1380/2026 records Ravi Khanna, age 34, as a person associated with the Delhi, Karol Bagh area. The investigation record lists phone number 9679243307 and vehicle HR06RN3968. Records also mention an association with Crown Trading. The recorded case category is No recorded case in synthetic dataset. A masked financial identifier XXXXXX2630 appears in the available records. Investigators are reviewing relevant locations, communications, meetings, and financial activity connected with this person. The available information is being cross-referenced with other FIRs, call records, transaction records, and meeting records for network analysis. These details represent investigative records and leads and are not, by themselves, a determination of guilt.",
P0381,Jyoti Arora,9571637527,35,"Ghaziabad, Raj Nagar",UP03WQ7386,Horizon Logistics,XXXXXX7460,Criminal Intimidation,"FIR No. 1381/2026 records Jyoti Arora, age 35, as a person associated with the Ghaziabad, Raj Nagar area. The investigation record lists phone number 9571637527 and vehicle UP03WQ7386. Records also mention an association with Horizon Logistics. The recorded case category is Criminal Intimidation. A masked financial identifier XXXXXX7460 appears in the available records. Investigators are reviewing relevant locations, communications, meetings, and financial activity connected with this person. The available information is being cross-referenced with other FIRs, call records, transaction records, and meeting records for network analysis. These details represent investigative records and leads and are not, by themselves, a determination of guilt.",Hindi
P0382,Sonam Tyagi,9497460531,35,"Delhi, Karol Bagh",DL07TD5003,Galaxy Suppliers,XXXXXX7277,No recorded case in synthetic dataset,"FIR No. 1382/2026 records Sonam Tyagi, age 35, as a person associated with the Delhi, Karol Bagh area. The investigation record lists phone number 9497460531 and vehicle DL07TD5003. Records also mention an association with Galaxy Suppliers. The recorded case category is No recorded case in synthetic dataset. A masked financial identifier XXXXXX7277 appears in the available records. Investigators are reviewing relevant locations, communications, meetings, and financial activity connected with this person. The available information is being cross-referenced with other FIRs, call records, transaction records, and meeting records for network analysis. These details represent investigative records and leads and are not, by themselves, a determination of guilt.",
P0383,Neha Bhardwaj,9340529275,30,"Delhi, Connaught Place",HR06HZ4464,Sahara Services,XXXXXX3905,No recorded case in synthetic dataset,"FIR No. 1383/2026 records Neha Bhardwaj, age 30, as a person associated with the Delhi, Connaught Place area. The investigation record lists phone number 9340529275 and vehicle HR06HZ4464. Records also mention an association with Sahara Services. The recorded case category is No recorded case in synthetic dataset. A masked financial identifier XXXXXX3905 appears in the available records. Investigators are reviewing relevant locations, communications, meetings, and financial activity connected with this person. The available information is being cross-referenced with other FIRs, call records, transaction records, and meeting records for network analysis. These details represent investigative records and leads and are not, by themselves, a determination of guilt.",
P0384,Ravi Narang,9749432966,49,"Ghaziabad, Kaushambi",DL01WA8044,Crown Enterprises,XXXXXX2925,Criminal Intimidation,"FIR No. 1384/2026 records Ravi Narang, age 49, as a person associated with the Ghaziabad, Kaushambi area. The investigation record lists phone number 9749432966 and vehicle DL01WA8044. Records also mention an association with Crown Enterprises. The recorded case category is Criminal Intimidation. A masked financial identifier XXXXXX2925 appears in the available records. Investigators are reviewing relevant locations, communications, meetings, and financial activity connected with this person. The available information is being cross-referenced with other FIRs, call records, transaction records, and meeting records for network analysis. These details represent investigative records and leads and are not, by themselves, a determination of guilt.",English
P0385,Aditi Ahuja,9117382738,44,"Gurugram, Sector 18",DL05EE5604,Capital Trading,XXXXXX9784,Narcotics-related offence,"FIR No. 1385/2026 records Aditi Ahuja, age 44, as a person associated with the Gurugram, Sector 18 area. The investigation record lists phone number 9117382738 and vehicle DL05EE5604. Records also mention an association with Capital Trading. The recorded case category is Narcotics-related offence. A masked financial identifier XXXXXX9784 appears in the available records. Investigators are reviewing relevant locations, communications, meetings, and financial activity connected with this person. The available information is being cross-referenced with other FIRs, call records, transaction records, and meeting records for network analysis. These details represent investigative records and leads and are not, by themselves, a determination of guilt.",English
P0386,Deepak Sharma,9364063003,32,"Ghaziabad, Vaishali",UP01SU3753,North Logistics,XXXXXX4719,Theft,"FIR No. 1386/2026 records Deepak Sharma, age 32, as a person associated with the Ghaziabad, Vaishali area. The investigation record lists phone number 9364063003 and vehicle UP01SU3753. Records also mention an association with North Logistics. The recorded case category is Theft. A masked financial identifier XXXXXX4719 appears in the available records. Investigators are reviewing relevant locations, communications, meetings, and financial activity connected with this person. The available information is being cross-referenced with other FIRs, call records, transaction records, and meeting records for network analysis. These details represent investigative records and leads and are not, by themselves, a determination of guilt.",English
P0387,Ravi Sharma,9800671620,29,"Faridabad, Sector 15",UP08GB6719,Horizon Warehousing,XXXXXX7873,No recorded case in synthetic dataset,"FIR No. 1387/2026 records Ravi Sharma, age 29, as a person associated with the Faridabad, Sector 15 area. The investigation record lists phone number 9800671620 and vehicle UP08GB6719. Records also mention an association with Horizon Warehousing. The recorded case category is No recorded case in synthetic dataset. A masked financial identifier XXXXXX7873 appears in the available records. Investigators are reviewing relevant locations, communications, meetings, and financial activity connected with this person. The available information is being cross-referenced with other FIRs, call records, transaction records, and meeting records for network analysis. These details represent investigative records and leads and are not, by themselves, a determination of guilt.",
P0388,Divya Jain,9426830779,19,"Delhi, Narela",DL07QC2498,Capital Enterprises,XXXXXX9903,Vehicle Theft,"FIR No. 1388/2026 records Divya Jain, age 19, as a person associated with the Delhi, Narela area. The investigation record lists phone number 9426830779 and vehicle DL07QC2498. Records also mention an association with Capital Enterprises. The recorded case category is Vehicle Theft. A masked financial identifier XXXXXX9903 appears in the available records. Investigators are reviewing relevant locations, communications, meetings, and financial activity connected with this person. The available information is being cross-referenced with other FIRs, call records, transaction records, and meeting records for network analysis. These details represent investigative records and leads and are not, by themselves, a determination of guilt.",English
P0389,Mohit Bansal,9814382657,20,"Delhi, Dwarka",HR07ON2613,Star Warehousing,XXXXXX1914,Extortion,"FIR No. 1389/2026 records Mohit Bansal, age 20, as a person associated with the Delhi, Dwarka area. The investigation record lists phone number 9814382657 and vehicle HR07ON2613. Records also mention an association with Star Warehousing. The recorded case category is Extortion. A masked financial identifier XXXXXX1914 appears in the available records. Investigators are reviewing relevant locations, communications, meetings, and financial activity connected with this person. The available information is being cross-referenced with other FIRs, call records, transaction records, and meeting records for network analysis. These details represent investigative records and leads and are not, by themselves, a determination of guilt.",English
P0390,Ravi Khanna,9201975811,30,"Ghaziabad, Raj Nagar",UP04WU4421,Crown Services,XXXXXX3465,Cyber Fraud,"FIR No. 1390/2026 records Ravi Khanna, age 30, as a person associated with the Ghaziabad, Raj Nagar area. The investigation record lists phone number 9201975811 and vehicle UP04WU4421. Records also mention an association with Crown Services. The recorded case category is Cyber Fraud. A masked financial identifier XXXXXX3465 appears in the available records. Investigators are reviewing relevant locations, communications, meetings, and financial activity connected with this person. The available information is being cross-referenced with other FIRs, call records, transaction records, and meeting records for network analysis. These details represent investigative records and leads and are not, by themselves, a determination of guilt.",English
P0391,Simran Aggarwal,9364533033,46,"Greater Noida, Pari Chowk",UP02RI9099,City Warehousing,XXXXXX4369,No recorded case in synthetic dataset,"FIR No. 1391/2026 records Simran Aggarwal, age 46, as a person associated with the Greater Noida, Pari Chowk area. The investigation record lists phone number 9364533033 and vehicle UP02RI9099. Records also mention an association with City Warehousing. The recorded case category is No recorded case in synthetic dataset. A masked financial identifier XXXXXX4369 appears in the available records. Investigators are reviewing relevant locations, communications, meetings, and financial activity connected with this person. The available information is being cross-referenced with other FIRs, call records, transaction records, and meeting records for network analysis. These details represent investigative records and leads and are not, by themselves, a determination of guilt.",
P0392,Deepak Dahiya,9397554200,53,"Delhi, Connaught Place",HR02WL2056,Frontier Transport,XXXXXX5921,No recorded case in synthetic dataset,"FIR No. 1392/2026 records Deepak Dahiya, age 53, as a person associated with the Delhi, Connaught Place area. The investigation record lists phone number 9397554200 and vehicle HR02WL2056. Records also mention an association with Frontier Transport. The recorded case category is No recorded case in synthetic dataset. A masked financial identifier XXXXXX5921 appears in the available records. Investigators are reviewing relevant locations, communications, meetings, and financial activity connected with this person. The available information is being cross-referenced with other FIRs, call records, transaction records, and meeting records for network analysis. These details represent investigative records and leads and are not, by themselves, a determination of guilt.",
P0393,Rohan Rawat,9866946600,25,"Gurugram, Sector 14",UP05DU5046,Rapid Transport,XXXXXX9796,Criminal Intimidation,"FIR No. 1393/2026 records Rohan Rawat, age 25, as a person associated with the Gurugram, Sector 14 area. The investigation record lists phone number 9866946600 and vehicle UP05DU5046. Records also mention an association with Rapid Transport. The recorded case category is Criminal Intimidation. A masked financial identifier XXXXXX9796 appears in the available records. Investigators are reviewing relevant locations, communications, meetings, and financial activity connected with this person. The available information is being cross-referenced with other FIRs, call records, transaction records, and meeting records for network analysis. These details represent investigative records and leads and are not, by themselves, a determination of guilt.",Hindi
P0394,Neha Tiwari,9668372946,23,"Faridabad, NIT",DL03FP4882,City Suppliers,XXXXXX7461,Extortion,"FIR No. 1394/2026 records Neha Tiwari, age 23, as a person associated with the Faridabad, NIT area. The investigation record lists phone number 9668372946 and vehicle DL03FP4882. Records also mention an association with City Suppliers. The recorded case category is Extortion. A masked financial identifier XXXXXX7461 appears in the available records. Investigators are reviewing relevant locations, communications, meetings, and financial activity connected with this person. The available information is being cross-referenced with other FIRs, call records, transaction records, and meeting records for network analysis. These details represent investigative records and leads and are not, by themselves, a determination of guilt.",Punjabi
P0395,Tanya Verma,9510341999,53,"Noida, Sector 62",HR06FZ7689,Star Warehousing,XXXXXX5310,No recorded case in synthetic dataset,"FIR No. 1395/2026 records Tanya Verma, age 53, as a person associated with the Noida, Sector 62 area. The investigation record lists phone number 9510341999 and vehicle HR06FZ7689. Records also mention an association with Star Warehousing. The recorded case category is No recorded case in synthetic dataset. A masked financial identifier XXXXXX5310 appears in the available records. Investigators are reviewing relevant locations, communications, meetings, and financial activity connected with this person. The available information is being cross-referenced with other FIRs, call records, transaction records, and meeting records for network analysis. These details represent investigative records and leads and are not, by themselves, a determination of guilt.",
P0396,Yash Mishra,9791283041,42,"Delhi, Najafgarh",HR01SP6700,Crown Transport,XXXXXX3957,Narcotics-related offence,"FIR No. 1396/2026 records Yash Mishra, age 42, as a person associated with the Delhi, Najafgarh area. The investigation record lists phone number 9791283041 and vehicle HR01SP6700. Records also mention an association with Crown Transport. The recorded case category is Narcotics-related offence. A masked financial identifier XXXXXX3957 appears in the available records. Investigators are reviewing relevant locations, communications, meetings, and financial activity connected with this person. The available information is being cross-referenced with other FIRs, call records, transaction records, and meeting records for network analysis. These details represent investigative records and leads and are not, by themselves, a determination of guilt.",English
P0397,Karan Aggarwal,9471486066,19,"Greater Noida, Alpha 1",UP05LS7349,Capital Logistics,XXXXXX5460,No recorded case in synthetic dataset,"FIR No. 1397/2026 records Karan Aggarwal, age 19, as a person associated with the Greater Noida, Alpha 1 area. The investigation record lists phone number 9471486066 and vehicle UP05LS7349. Records also mention an association with Capital Logistics. The recorded case category is No recorded case in synthetic dataset. A masked financial identifier XXXXXX5460 appears in the available records. Investigators are reviewing relevant locations, communications, meetings, and financial activity connected with this person. The available information is being cross-referenced with other FIRs, call records, transaction records, and meeting records for network analysis. These details represent investigative records and leads and are not, by themselves, a determination of guilt.",
P0398,Ravi Tyagi,9223077221,48,"Noida, Sector 18",HR08ZY3782,Crown Transport,XXXXXX4960,No recorded case in synthetic dataset,"FIR No. 1398/2026 records Ravi Tyagi, age 48, as a person associated with the Noida, Sector 18 area. The investigation record lists phone number 9223077221 and vehicle HR08ZY3782. Records also mention an association with Crown Transport. The recorded case category is No recorded case in synthetic dataset. A masked financial identifier XXXXXX4960 appears in the available records. Investigators are reviewing relevant locations, communications, meetings, and financial activity connected with this person. The available information is being cross-referenced with other FIRs, call records, transaction records, and meeting records for network analysis. These details represent investigative records and leads and are not, by themselves, a determination of guilt.",
P0399,Simran Bhardwaj,9827455662,33,"Noida, Sector 15",HR04BX1592,Star Solutions,XXXXXX4205,No recorded case in synthetic dataset,"FIR No. 1399/2026 records Simran Bhardwaj, age 33, as a person associated with the Noida, Sector 15 area. The investigation record lists phone number 9827455662 and vehicle HR04BX1592. Records also mention an association with Star Solutions. The recorded case category is No recorded case in synthetic dataset. A masked financial identifier XXXXXX4205 appears in the available records. Investigators are reviewing relevant locations, communications, meetings, and financial activity connected with this person. The available information is being cross-referenced with other FIRs, call records, transaction records, and meeting records for network analysis. These details represent investigative records and leads and are not, by themselves, a determination of guilt.",
P0400,Ravi Singh,9619838374,31,"Delhi, Dwarka",DL07ZL6798,Crown Solutions,XXXXXX1858,Theft,"FIR No. 1400/2026 records Ravi Singh, age 31, as a person associated with the Delhi, Dwarka area. The investigation record lists phone number 9619838374 and vehicle DL07ZL6798. Records also mention an association with Crown Solutions. The recorded case category is Theft. A masked financial identifier XXXXXX1858 appears in the available records. Investigators are reviewing relevant locations, communications, meetings, and financial activity connected with this person. The available information is being cross-referenced with other FIRs, call records, transaction records, and meeting records for network analysis. These details represent investigative records and leads and are not, by themselves, a determination of guilt.",Hindi
P0401,Aditi Chauhan,9655477228,28,"Gurugram, Sector 14",HR09MA5356,National Warehousing,XXXXXX8842,No recorded case in synthetic dataset,"FIR No. 1401/2026 records Aditi Chauhan, age 28, as a person associated with the Gurugram, Sector 14 area. The investigation record lists phone number 9655477228 and vehicle HR09MA5356. Records also mention an association with National Warehousing. The recorded case category is No recorded case in synthetic dataset. A masked financial identifier XXXXXX8842 appears in the available records. Investigators are reviewing relevant locations, communications, meetings, and financial activity connected with this person. The available information is being cross-referenced with other FIRs, call records, transaction records, and meeting records for network analysis. These details represent investigative records and leads and are not, by themselves, a determination of guilt.",
P0402,Aarav Bhati,9114490746,56,"Faridabad, Sector 37",HR04US9990,Metro Logistics,XXXXXX9952,Vehicle Theft,"FIR No. 1402/2026 records Aarav Bhati, age 56, as a person associated with the Faridabad, Sector 37 area. The investigation record lists phone number 9114490746 and vehicle HR04US9990. Records also mention an association with Metro Logistics. The recorded case category is Vehicle Theft. A masked financial identifier XXXXXX9952 appears in the available records. Investigators are reviewing relevant locations, communications, meetings, and financial activity connected with this person. The available information is being cross-referenced with other FIRs, call records, transaction records, and meeting records for network analysis. These details represent investigative records and leads and are not, by themselves, a determination of guilt.",English
P0403,Rohan Bhati,9749289087,40,"Gurugram, Sector 18",UP05HS2687,Apex Services,XXXXXX5843,No recorded case in synthetic dataset,"FIR No. 1403/2026 records Rohan Bhati, age 40, as a person associated with the Gurugram, Sector 18 area. The investigation record lists phone number 9749289087 and vehicle UP05HS2687. Records also mention an association with Apex Services. The recorded case category is No recorded case in synthetic dataset. A masked financial identifier XXXXXX5843 appears in the available records. Investigators are reviewing relevant locations, communications, meetings, and financial activity connected with this person. The available information is being cross-referenced with other FIRs, call records, transaction records, and meeting records for network analysis. These details represent investigative records and leads and are not, by themselves, a determination of guilt.",
P0404,Shreya Saini,9739938652,26,"Gurugram, Manesar",UP01VQ3883,National Services,XXXXXX3027,Fraud,"FIR No. 1404/2026 records Shreya Saini, age 26, as a person associated with the Gurugram, Manesar area. The investigation record lists phone number 9739938652 and vehicle UP01VQ3883. Records also mention an association with National Services. The recorded case category is Fraud. A masked financial identifier XXXXXX3027 appears in the available records. Investigators are reviewing relevant locations, communications, meetings, and financial activity connected with this person. The available information is being cross-referenced with other FIRs, call records, transaction records, and meeting records for network analysis. These details represent investigative records and leads and are not, by themselves, a determination of guilt.",Hindi
P0405,Sumit Kapoor,9896498707,26,"Delhi, Dwarka",HR05YQ7069,Horizon Warehousing,XXXXXX8092,No recorded case in synthetic dataset,"FIR No. 1405/2026 records Sumit Kapoor, age 26, as a person associated with the Delhi, Dwarka area. The investigation record lists phone number 9896498707 and vehicle HR05YQ7069. Records also mention an association with Horizon Warehousing. The recorded case category is No recorded case in synthetic dataset. A masked financial identifier XXXXXX8092 appears in the available records. Investigators are reviewing relevant locations, communications, meetings, and financial activity connected with this person. The available information is being cross-referenced with other FIRs, call records, transaction records, and meeting records for network analysis. These details represent investigative records and leads and are not, by themselves, a determination of guilt.",
P0406,Mehak Bhardwaj,9773018429,46,"Noida, Sector 63",DL07DB9292,Shree Solutions,XXXXXX6252,Robbery,"FIR No. 1406/2026 records Mehak Bhardwaj, age 46, as a person associated with the Noida, Sector 63 area. The investigation record lists phone number 9773018429 and vehicle DL07DB9292. Records also mention an association with Shree Solutions. The recorded case category is Robbery. A masked financial identifier XXXXXX6252 appears in the available records. Investigators are reviewing relevant locations, communications, meetings, and financial activity connected with this person. The available information is being cross-referenced with other FIRs, call records, transaction records, and meeting records for network analysis. These details represent investigative records and leads and are not, by themselves, a determination of guilt.",Hindi
P0407,Kavya Tiwari,9660450100,45,"Gurugram, Sector 29",HR03HO9612,Apex Warehousing,XXXXXX3584,Robbery,"FIR No. 1407/2026 records Kavya Tiwari, age 45, as a person associated with the Gurugram, Sector 29 area. The investigation record lists phone number 9660450100 and vehicle HR03HO9612. Records also mention an association with Apex Warehousing. The recorded case category is Robbery. A masked financial identifier XXXXXX3584 appears in the available records. Investigators are reviewing relevant locations, communications, meetings, and financial activity connected with this person. The available information is being cross-referenced with other FIRs, call records, transaction records, and meeting records for network analysis. These details represent investigative records and leads and are not, by themselves, a determination of guilt.",Punjabi
P0408,Shreya Kapoor,9622964719,54,"Delhi, Najafgarh",HR08HM2147,Blue Enterprises,XXXXXX9239,Cyber Fraud,"FIR No. 1408/2026 records Shreya Kapoor, age 54, as a person associated with the Delhi, Najafgarh area. The investigation record lists phone number 9622964719 and vehicle HR08HM2147. Records also mention an association with Blue Enterprises. The recorded case category is Cyber Fraud. A masked financial identifier XXXXXX9239 appears in the available records. Investigators are reviewing relevant locations, communications, meetings, and financial activity connected with this person. The available information is being cross-referenced with other FIRs, call records, transaction records, and meeting records for network analysis. These details represent investigative records and leads and are not, by themselves, a determination of guilt.",Hindi
P0409,Aditi Sharma,9740857390,50,"Greater Noida, Pari Chowk",DL05KH3781,Blue Enterprises,XXXXXX9498,Extortion,"FIR No. 1409/2026 records Aditi Sharma, age 50, as a person associated with the Greater Noida, Pari Chowk area. The investigation record lists phone number 9740857390 and vehicle DL05KH3781. Records also mention an association with Blue Enterprises. The recorded case category is Extortion. A masked financial identifier XXXXXX9498 appears in the available records. Investigators are reviewing relevant locations, communications, meetings, and financial activity connected with this person. The available information is being cross-referenced with other FIRs, call records, transaction records, and meeting records for network analysis. These details represent investigative records and leads and are not, by themselves, a determination of guilt.",Hindi
P0410,Tanya Mishra,9626401809,47,"Ghaziabad, Kaushambi",DL07JQ3255,Trinity Warehousing,XXXXXX1239,Fraud,"FIR No. 1410/2026 records Tanya Mishra, age 47, as a person associated with the Ghaziabad, Kaushambi area. The investigation record lists phone number 9626401809 and vehicle DL07JQ3255. Records also mention an association with Trinity Warehousing. The recorded case category is Fraud. A masked financial identifier XXXXXX1239 appears in the available records. Investigators are reviewing relevant locations, communications, meetings, and financial activity connected with this person. The available information is being cross-referenced with other FIRs, call records, transaction records, and meeting records for network analysis. These details represent investigative records and leads and are not, by themselves, a determination of guilt.",English
P0411,Muskan Saxena,9596041625,32,"Ghaziabad, Crossings Republik",HR01QY3237,Frontier Warehousing,XXXXXX5271,No recorded case in synthetic dataset,"FIR No. 1411/2026 records Muskan Saxena, age 32, as a person associated with the Ghaziabad, Crossings Republik area. The investigation record lists phone number 9596041625 and vehicle HR01QY3237. Records also mention an association with Frontier Warehousing. The recorded case category is No recorded case in synthetic dataset. A masked financial identifier XXXXXX5271 appears in the available records. Investigators are reviewing relevant locations, communications, meetings, and financial activity connected with this person. The available information is being cross-referenced with other FIRs, call records, transaction records, and meeting records for network analysis. These details represent investigative records and leads and are not, by themselves, a determination of guilt.",
P0412,Amit Kumar,9438002555,40,"Delhi, Saket",DL08SP3022,Evergreen Solutions,XXXXXX1939,No recorded case in synthetic dataset,"FIR No. 1412/2026 records Amit Kumar, age 40, as a person associated with the Delhi, Saket area. The investigation record lists phone number 9438002555 and vehicle DL08SP3022. Records also mention an association with Evergreen Solutions. The recorded case category is No recorded case in synthetic dataset. A masked financial identifier XXXXXX1939 appears in the available records. Investigators are reviewing relevant locations, communications, meetings, and financial activity connected with this person. The available information is being cross-referenced with other FIRs, call records, transaction records, and meeting records for network analysis. These details represent investigative records and leads and are not, by themselves, a determination of guilt.",
P0413,Shreya Dahiya,9820214689,35,"Ghaziabad, Vaishali",DL01IA1280,Sahara Enterprises,XXXXXX8612,No recorded case in synthetic dataset,"FIR No. 1413/2026 records Shreya Dahiya, age 35, as a person associated with the Ghaziabad, Vaishali area. The investigation record lists phone number 9820214689 and vehicle DL01IA1280. Records also mention an association with Sahara Enterprises. The recorded case category is No recorded case in synthetic dataset. A masked financial identifier XXXXXX8612 appears in the available records. Investigators are reviewing relevant locations, communications, meetings, and financial activity connected with this person. The available information is being cross-referenced with other FIRs, call records, transaction records, and meeting records for network analysis. These details represent investigative records and leads and are not, by themselves, a determination of guilt.",
P0414,Amit Ahuja,9385987631,35,"Ghaziabad, Crossings Republik",HR08HI4792,Star Solutions,XXXXXX8397,Vehicle Theft,"FIR No. 1414/2026 records Amit Ahuja, age 35, as a person associated with the Ghaziabad, Crossings Republik area. The investigation record lists phone number 9385987631 and vehicle HR08HI4792. Records also mention an association with Star Solutions. The recorded case category is Vehicle Theft. A masked financial identifier XXXXXX8397 appears in the available records. Investigators are reviewing relevant locations, communications, meetings, and financial activity connected with this person. The available information is being cross-referenced with other FIRs, call records, transaction records, and meeting records for network analysis. These details represent investigative records and leads and are not, by themselves, a determination of guilt.",English
P0415,Shreya Ahuja,9814703538,51,"Noida, Sector 16",DL02YS7795,National Trading,XXXXXX5990,No recorded case in synthetic dataset,"FIR No. 1415/2026 records Shreya Ahuja, age 51, as a person associated with the Noida, Sector 16 area. The investigation record lists phone number 9814703538 and vehicle DL02YS7795. Records also mention an association with National Trading. The recorded case category is No recorded case in synthetic dataset. A masked financial identifier XXXXXX5990 appears in the available records. Investigators are reviewing relevant locations, communications, meetings, and financial activity connected with this person. The available information is being cross-referenced with other FIRs, call records, transaction records, and meeting records for network analysis. These details represent investigative records and leads and are not, by themselves, a determination of guilt.",
P0416,Komal Pandey,9765608360,48,"Gurugram, Udyog Vihar",HR02DI8181,National Warehousing,XXXXXX9741,Cyber Fraud,"FIR No. 1416/2026 records Komal Pandey, age 48, as a person associated with the Gurugram, Udyog Vihar area. The investigation record lists phone number 9765608360 and vehicle HR02DI8181. Records also mention an association with National Warehousing. The recorded case category is Cyber Fraud. A masked financial identifier XXXXXX9741 appears in the available records. Investigators are reviewing relevant locations, communications, meetings, and financial activity connected with this person. The available information is being cross-referenced with other FIRs, call records, transaction records, and meeting records for network analysis. These details represent investigative records and leads and are not, by themselves, a determination of guilt.",English
P0417,Komal Ahuja,9653495654,22,"Delhi, Connaught Place",UP04OL1533,Evergreen Trading,XXXXXX9844,Vehicle Theft,"FIR No. 1417/2026 records Komal Ahuja, age 22, as a person associated with the Delhi, Connaught Place area. The investigation record lists phone number 9653495654 and vehicle UP04OL1533. Records also mention an association with Evergreen Trading. The recorded case category is Vehicle Theft. A masked financial identifier XXXXXX9844 appears in the available records. Investigators are reviewing relevant locations, communications, meetings, and financial activity connected with this person. The available information is being cross-referenced with other FIRs, call records, transaction records, and meeting records for network analysis. These details represent investigative records and leads and are not, by themselves, a determination of guilt.",Hindi
P0418,Muskan Saini,9700800444,51,"Ghaziabad, Raj Nagar",HR06HX7811,Blue Solutions,XXXXXX7971,Theft,"FIR No. 1418/2026 records Muskan Saini, age 51, as a person associated with the Ghaziabad, Raj Nagar area. The investigation record lists phone number 9700800444 and vehicle HR06HX7811. Records also mention an association with Blue Solutions. The recorded case category is Theft. A masked financial identifier XXXXXX7971 appears in the available records. Investigators are reviewing relevant locations, communications, meetings, and financial activity connected with this person. The available information is being cross-referenced with other FIRs, call records, transaction records, and meeting records for network analysis. These details represent investigative records and leads and are not, by themselves, a determination of guilt.",Hindi
P0419,Karan Goyal,9999758536,22,"Delhi, Saket",HR07YW1789,Metro Enterprises,XXXXXX6769,No recorded case in synthetic dataset,"FIR No. 1419/2026 records Karan Goyal, age 22, as a person associated with the Delhi, Saket area. The investigation record lists phone number 9999758536 and vehicle HR07YW1789. Records also mention an association with Metro Enterprises. The recorded case category is No recorded case in synthetic dataset. A masked financial identifier XXXXXX6769 appears in the available records. Investigators are reviewing relevant locations, communications, meetings, and financial activity connected with this person. The available information is being cross-referenced with other FIRs, call records, transaction records, and meeting records for network analysis. These details represent investigative records and leads and are not, by themselves, a determination of guilt.",
P0420,Mehak Pandey,9817892995,26,"Gurugram, Sector 14",HR07SI8931,Frontier Services,XXXXXX1008,No recorded case in synthetic dataset,"FIR No. 1420/2026 records Mehak Pandey, age 26, as a person associated with the Gurugram, Sector 14 area. The investigation record lists phone number 9817892995 and vehicle HR07SI8931. Records also mention an association with Frontier Services. The recorded case category is No recorded case in synthetic dataset. A masked financial identifier XXXXXX1008 appears in the available records. Investigators are reviewing relevant locations, communications, meetings, and financial activity connected with this person. The available information is being cross-referenced with other FIRs, call records, transaction records, and meeting records for network analysis. These details represent investigative records and leads and are not, by themselves, a determination of guilt.",
P0421,Vikas Saini,9571977747,26,"Delhi, Okhla",DL08SJ1715,National Services,XXXXXX5712,No recorded case in synthetic dataset,"FIR No. 1421/2026 records Vikas Saini, age 26, as a person associated with the Delhi, Okhla area. The investigation record lists phone number 9571977747 and vehicle DL08SJ1715. Records also mention an association with National Services. The recorded case category is No recorded case in synthetic dataset. A masked financial identifier XXXXXX5712 appears in the available records. Investigators are reviewing relevant locations, communications, meetings, and financial activity connected with this person. The available information is being cross-referenced with other FIRs, call records, transaction records, and meeting records for network analysis. These details represent investigative records and leads and are not, by themselves, a determination of guilt.",
P0422,Mehak Bhardwaj,9112273934,24,"Noida, Sector 62",DL07GS6991,United Warehousing,XXXXXX6054,Forgery,"FIR No. 1422/2026 records Mehak Bhardwaj, age 24, as a person associated with the Noida, Sector 62 area. The investigation record lists phone number 9112273934 and vehicle DL07GS6991. Records also mention an association with United Warehousing. The recorded case category is Forgery. A masked financial identifier XXXXXX6054 appears in the available records. Investigators are reviewing relevant locations, communications, meetings, and financial activity connected with this person. The available information is being cross-referenced with other FIRs, call records, transaction records, and meeting records for network analysis. These details represent investigative records and leads and are not, by themselves, a determination of guilt.",English
P0423,Divya Chaudhary,9573060942,40,"Ghaziabad, Crossings Republik",UP06YV1750,United Trading,XXXXXX7893,Criminal Intimidation,"FIR No. 1423/2026 records Divya Chaudhary, age 40, as a person associated with the Ghaziabad, Crossings Republik area. The investigation record lists phone number 9573060942 and vehicle UP06YV1750. Records also mention an association with United Trading. The recorded case category is Criminal Intimidation. A masked financial identifier XXXXXX7893 appears in the available records. Investigators are reviewing relevant locations, communications, meetings, and financial activity connected with this person. The available information is being cross-referenced with other FIRs, call records, transaction records, and meeting records for network analysis. These details represent investigative records and leads and are not, by themselves, a determination of guilt.",Hindi
P0424,Ravi Yadav,9217049753,40,"Delhi, Shahdara",UP01CY9543,United Transport,XXXXXX2525,Illegal Arms Possession,"FIR No. 1424/2026 records Ravi Yadav, age 40, as a person associated with the Delhi, Shahdara area. The investigation record lists phone number 9217049753 and vehicle UP01CY9543. Records also mention an association with United Transport. The recorded case category is Illegal Arms Possession. A masked financial identifier XXXXXX2525 appears in the available records. Investigators are reviewing relevant locations, communications, meetings, and financial activity connected with this person. The available information is being cross-referenced with other FIRs, call records, transaction records, and meeting records for network analysis. These details represent investigative records and leads and are not, by themselves, a determination of guilt.",Hindi
P0425,Pooja Malik,9123888005,47,"Delhi, Okhla",HR03BW6602,Capital Trading,XXXXXX5083,Criminal Intimidation,"FIR No. 1425/2026 records Pooja Malik, age 47, as a person associated with the Delhi, Okhla area. The investigation record lists phone number 9123888005 and vehicle HR03BW6602. Records also mention an association with Capital Trading. The recorded case category is Criminal Intimidation. A masked financial identifier XXXXXX5083 appears in the available records. Investigators are reviewing relevant locations, communications, meetings, and financial activity connected with this person. The available information is being cross-referenced with other FIRs, call records, transaction records, and meeting records for network analysis. These details represent investigative records and leads and are not, by themselves, a determination of guilt.",Punjabi
P0426,Aditya Kumar,9127069614,33,"Delhi, Karol Bagh",UP04XS2217,Star Suppliers,XXXXXX9533,Robbery,"FIR No. 1426/2026 records Aditya Kumar, age 33, as a person associated with the Delhi, Karol Bagh area. The investigation record lists phone number 9127069614 and vehicle UP04XS2217. Records also mention an association with Star Suppliers. The recorded case category is Robbery. A masked financial identifier XXXXXX9533 appears in the available records. Investigators are reviewing relevant locations, communications, meetings, and financial activity connected with this person. The available information is being cross-referenced with other FIRs, call records, transaction records, and meeting records for network analysis. These details represent investigative records and leads and are not, by themselves, a determination of guilt.",Hindi
P0427,Simran Chaudhary,9332552123,26,"Noida, Greater Noida West",UP05JH5382,Horizon Warehousing,XXXXXX8457,Fraud,"FIR No. 1427/2026 records Simran Chaudhary, age 26, as a person associated with the Noida, Greater Noida West area. The investigation record lists phone number 9332552123 and vehicle UP05JH5382. Records also mention an association with Horizon Warehousing. The recorded case category is Fraud. A masked financial identifier XXXXXX8457 appears in the available records. Investigators are reviewing relevant locations, communications, meetings, and financial activity connected with this person. The available information is being cross-referenced with other FIRs, call records, transaction records, and meeting records for network analysis. These details represent investigative records and leads and are not, by themselves, a determination of guilt.",English
P0428,Shreya Rawat,9573991854,27,"Delhi, Dwarka",DL04FJ1599,Sahara Solutions,XXXXXX7032,No recorded case in synthetic dataset,"FIR No. 1428/2026 records Shreya Rawat, age 27, as a person associated with the Delhi, Dwarka area. The investigation record lists phone number 9573991854 and vehicle DL04FJ1599. Records also mention an association with Sahara Solutions. The recorded case category is No recorded case in synthetic dataset. A masked financial identifier XXXXXX7032 appears in the available records. Investigators are reviewing relevant locations, communications, meetings, and financial activity connected with this person. The available information is being cross-referenced with other FIRs, call records, transaction records, and meeting records for network analysis. These details represent investigative records and leads and are not, by themselves, a determination of guilt.",
P0429,Isha Kapoor,9166509091,26,"Gurugram, Sohna Road",DL02BQ5840,Rapid Warehousing,XXXXXX3784,No recorded case in synthetic dataset,"FIR No. 1429/2026 records Isha Kapoor, age 26, as a person associated with the Gurugram, Sohna Road area. The investigation record lists phone number 9166509091 and vehicle DL02BQ5840. Records also mention an association with Rapid Warehousing. The recorded case category is No recorded case in synthetic dataset. A masked financial identifier XXXXXX3784 appears in the available records. Investigators are reviewing relevant locations, communications, meetings, and financial activity connected with this person. The available information is being cross-referenced with other FIRs, call records, transaction records, and meeting records for network analysis. These details represent investigative records and leads and are not, by themselves, a determination of guilt.",
P0430,Preeti Yadav,9198768537,35,"Noida, Sector 27",UP06KD3307,Shree Trading,XXXXXX2530,Illegal Arms Possession,"FIR No. 1430/2026 records Preeti Yadav, age 35, as a person associated with the Noida, Sector 27 area. The investigation record lists phone number 9198768537 and vehicle UP06KD3307. Records also mention an association with Shree Trading. The recorded case category is Illegal Arms Possession. A masked financial identifier XXXXXX2530 appears in the available records. Investigators are reviewing relevant locations, communications, meetings, and financial activity connected with this person. The available information is being cross-referenced with other FIRs, call records, transaction records, and meeting records for network analysis. These details represent investigative records and leads and are not, by themselves, a determination of guilt.",Hindi
P0431,Riya Tyagi,9495364884,23,"Gurugram, Sohna Road",UP06KM4512,Blue Enterprises,XXXXXX5777,No recorded case in synthetic dataset,"FIR No. 1431/2026 records Riya Tyagi, age 23, as a person associated with the Gurugram, Sohna Road area. The investigation record lists phone number 9495364884 and vehicle UP06KM4512. Records also mention an association with Blue Enterprises. The recorded case category is No recorded case in synthetic dataset. A masked financial identifier XXXXXX5777 appears in the available records. Investigators are reviewing relevant locations, communications, meetings, and financial activity connected with this person. The available information is being cross-referenced with other FIRs, call records, transaction records, and meeting records for network analysis. These details represent investigative records and leads and are not, by themselves, a determination of guilt.",
P0432,Jyoti Meena,9412951934,36,"Ghaziabad, Indirapuram",HR05IU7302,United Transport,XXXXXX1934,Vehicle Theft,"FIR No. 1432/2026 records Jyoti Meena, age 36, as a person associated with the Ghaziabad, Indirapuram area. The investigation record lists phone number 9412951934 and vehicle HR05IU7302. Records also mention an association with United Transport. The recorded case category is Vehicle Theft. A masked financial identifier XXXXXX1934 appears in the available records. Investigators are reviewing relevant locations, communications, meetings, and financial activity connected with this person. The available information is being cross-referenced with other FIRs, call records, transaction records, and meeting records for network analysis. These details represent investigative records and leads and are not, by themselves, a determination of guilt.",Hindi
P0433,Isha Sharma,9588803774,52,"Noida, Sector 15",UP09CX9666,Rapid Warehousing,XXXXXX9851,Illegal Arms Possession,"FIR No. 1433/2026 records Isha Sharma, age 52, as a person associated with the Noida, Sector 15 area. The investigation record lists phone number 9588803774 and vehicle UP09CX9666. Records also mention an association with Rapid Warehousing. The recorded case category is Illegal Arms Possession. A masked financial identifier XXXXXX9851 appears in the available records. Investigators are reviewing relevant locations, communications, meetings, and financial activity connected with this person. The available information is being cross-referenced with other FIRs, call records, transaction records, and meeting records for network analysis. These details represent investigative records and leads and are not, by themselves, a determination of guilt.",Hindi
P0434,Amit Singh,9178313119,24,"Delhi, Shahdara",HR07XV5163,United Solutions,XXXXXX4848,Forgery,"FIR No. 1434/2026 records Amit Singh, age 24, as a person associated with the Delhi, Shahdara area. The investigation record lists phone number 9178313119 and vehicle HR07XV5163. Records also mention an association with United Solutions. The recorded case category is Forgery. A masked financial identifier XXXXXX4848 appears in the available records. Investigators are reviewing relevant locations, communications, meetings, and financial activity connected with this person. The available information is being cross-referenced with other FIRs, call records, transaction records, and meeting records for network analysis. These details represent investigative records and leads and are not, by themselves, a determination of guilt.",English
P0435,Sakshi Yadav,9774293274,54,"Delhi, Connaught Place",HR03IR1228,Evergreen Logistics,XXXXXX5103,Cyber Fraud,"FIR No. 1435/2026 records Sakshi Yadav, age 54, as a person associated with the Delhi, Connaught Place area. The investigation record lists phone number 9774293274 and vehicle HR03IR1228. Records also mention an association with Evergreen Logistics. The recorded case category is Cyber Fraud. A masked financial identifier XXXXXX5103 appears in the available records. Investigators are reviewing relevant locations, communications, meetings, and financial activity connected with this person. The available information is being cross-referenced with other FIRs, call records, transaction records, and meeting records for network analysis. These details represent investigative records and leads and are not, by themselves, a determination of guilt.",English
P0436,Vikas Goyal,9647418220,56,"Delhi, Saket",DL07QV5436,Crown Warehousing,XXXXXX4072,Illegal Arms Possession,"FIR No. 1436/2026 records Vikas Goyal, age 56, as a person associated with the Delhi, Saket area. The investigation record lists phone number 9647418220 and vehicle DL07QV5436. Records also mention an association with Crown Warehousing. The recorded case category is Illegal Arms Possession. A masked financial identifier XXXXXX4072 appears in the available records. Investigators are reviewing relevant locations, communications, meetings, and financial activity connected with this person. The available information is being cross-referenced with other FIRs, call records, transaction records, and meeting records for network analysis. These details represent investigative records and leads and are not, by themselves, a determination of guilt.",English
P0437,Priya Verma,9380476613,30,"Ghaziabad, Raj Nagar",UP03GV9755,Rapid Suppliers,XXXXXX7553,No recorded case in synthetic dataset,"FIR No. 1437/2026 records Priya Verma, age 30, as a person associated with the Ghaziabad, Raj Nagar area. The investigation record lists phone number 9380476613 and vehicle UP03GV9755. Records also mention an association with Rapid Suppliers. The recorded case category is No recorded case in synthetic dataset. A masked financial identifier XXXXXX7553 appears in the available records. Investigators are reviewing relevant locations, communications, meetings, and financial activity connected with this person. The available information is being cross-referenced with other FIRs, call records, transaction records, and meeting records for network analysis. These details represent investigative records and leads and are not, by themselves, a determination of guilt.",
P0438,Sumit Arora,9336475510,28,"Ghaziabad, Indirapuram",UP09BE8647,United Warehousing,XXXXXX9628,No recorded case in synthetic dataset,"FIR No. 1438/2026 records Sumit Arora, age 28, as a person associated with the Ghaziabad, Indirapuram area. The investigation record lists phone number 9336475510 and vehicle UP09BE8647. Records also mention an association with United Warehousing. The recorded case category is No recorded case in synthetic dataset. A masked financial identifier XXXXXX9628 appears in the available records. Investigators are reviewing relevant locations, communications, meetings, and financial activity connected with this person. The available information is being cross-referenced with other FIRs, call records, transaction records, and meeting records for network analysis. These details represent investigative records and leads and are not, by themselves, a determination of guilt.",
P0439,Nikhil Bhardwaj,9558299374,39,"Noida, Sector 15",UP06CR2767,Rapid Trading,XXXXXX7420,No recorded case in synthetic dataset,"FIR No. 1439/2026 records Nikhil Bhardwaj, age 39, as a person associated with the Noida, Sector 15 area. The investigation record lists phone number 9558299374 and vehicle UP06CR2767. Records also mention an association with Rapid Trading. The recorded case category is No recorded case in synthetic dataset. A masked financial identifier XXXXXX7420 appears in the available records. Investigators are reviewing relevant locations, communications, meetings, and financial activity connected with this person. The available information is being cross-referenced with other FIRs, call records, transaction records, and meeting records for network analysis. These details represent investigative records and leads and are not, by themselves, a determination of guilt.",
P0440,Pooja Bhardwaj,9350857548,58,"Greater Noida, Knowledge Park",UP09CM5042,Galaxy Logistics,XXXXXX3685,No recorded case in synthetic dataset,"FIR No. 1440/2026 records Pooja Bhardwaj, age 58, as a person associated with the Greater Noida, Knowledge Park area. The investigation record lists phone number 9350857548 and vehicle UP09CM5042. Records also mention an association with Galaxy Logistics. The recorded case category is No recorded case in synthetic dataset. A masked financial identifier XXXXXX3685 appears in the available records. Investigators are reviewing relevant locations, communications, meetings, and financial activity connected with this person. The available information is being cross-referenced with other FIRs, call records, transaction records, and meeting records for network analysis. These details represent investigative records and leads and are not, by themselves, a determination of guilt.",
P0441,Aditi Dahiya,9601542395,44,"Noida, Sector 62",DL02JE4335,United Warehousing,XXXXXX5831,No recorded case in synthetic dataset,"FIR No. 1441/2026 records Aditi Dahiya, age 44, as a person associated with the Noida, Sector 62 area. The investigation record lists phone number 9601542395 and vehicle DL02JE4335. Records also mention an association with United Warehousing. The recorded case category is No recorded case in synthetic dataset. A masked financial identifier XXXXXX5831 appears in the available records. Investigators are reviewing relevant locations, communications, meetings, and financial activity connected with this person. The available information is being cross-referenced with other FIRs, call records, transaction records, and meeting records for network analysis. These details represent investigative records and leads and are not, by themselves, a determination of guilt.",
P0442,Nikhil Yadav,9479492037,31,"Noida, Sector 18",HR09HE7117,United Warehousing,XXXXXX4453,Cyber Fraud,"FIR No. 1442/2026 records Nikhil Yadav, age 31, as a person associated with the Noida, Sector 18 area. The investigation record lists phone number 9479492037 and vehicle HR09HE7117. Records also mention an association with United Warehousing. The recorded case category is Cyber Fraud. A masked financial identifier XXXXXX4453 appears in the available records. Investigators are reviewing relevant locations, communications, meetings, and financial activity connected with this person. The available information is being cross-referenced with other FIRs, call records, transaction records, and meeting records for network analysis. These details represent investigative records and leads and are not, by themselves, a determination of guilt.",English
P0443,Isha Chaudhary,9335115658,47,"Faridabad, NIT",UP05PB3579,Metro Suppliers,XXXXXX1142,Vehicle Theft,"FIR No. 1443/2026 records Isha Chaudhary, age 47, as a person associated with the Faridabad, NIT area. The investigation record lists phone number 9335115658 and vehicle UP05PB3579. Records also mention an association with Metro Suppliers. The recorded case category is Vehicle Theft. A masked financial identifier XXXXXX1142 appears in the available records. Investigators are reviewing relevant locations, communications, meetings, and financial activity connected with this person. The available information is being cross-referenced with other FIRs, call records, transaction records, and meeting records for network analysis. These details represent investigative records and leads and are not, by themselves, a determination of guilt.",Punjabi
P0444,Vikas Chaudhary,9180895172,58,"Delhi, Saket",DL06BW9324,Frontier Services,XXXXXX9943,Fraud,"FIR No. 1444/2026 records Vikas Chaudhary, age 58, as a person associated with the Delhi, Saket area. The investigation record lists phone number 9180895172 and vehicle DL06BW9324. Records also mention an association with Frontier Services. The recorded case category is Fraud. A masked financial identifier XXXXXX9943 appears in the available records. Investigators are reviewing relevant locations, communications, meetings, and financial activity connected with this person. The available information is being cross-referenced with other FIRs, call records, transaction records, and meeting records for network analysis. These details represent investigative records and leads and are not, by themselves, a determination of guilt.",Hindi
P0445,Manish Verma,9682804187,27,"Delhi, Laxmi Nagar",DL02JH5373,Shree Trading,XXXXXX5092,No recorded case in synthetic dataset,"FIR No. 1445/2026 records Manish Verma, age 27, as a person associated with the Delhi, Laxmi Nagar area. The investigation record lists phone number 9682804187 and vehicle DL02JH5373. Records also mention an association with Shree Trading. The recorded case category is No recorded case in synthetic dataset. A masked financial identifier XXXXXX5092 appears in the available records. Investigators are reviewing relevant locations, communications, meetings, and financial activity connected with this person. The available information is being cross-referenced with other FIRs, call records, transaction records, and meeting records for network analysis. These details represent investigative records and leads and are not, by themselves, a determination of guilt.",
P0446,Divya Dahiya,9667670729,40,"Gurugram, Sector 29",DL09ME3932,Trinity Warehousing,XXXXXX1297,Theft,"FIR No. 1446/2026 records Divya Dahiya, age 40, as a person associated with the Gurugram, Sector 29 area. The investigation record lists phone number 9667670729 and vehicle DL09ME3932. Records also mention an association with Trinity Warehousing. The recorded case category is Theft. A masked financial identifier XXXXXX1297 appears in the available records. Investigators are reviewing relevant locations, communications, meetings, and financial activity connected with this person. The available information is being cross-referenced with other FIRs, call records, transaction records, and meeting records for network analysis. These details represent investigative records and leads and are not, by themselves, a determination of guilt.",Punjabi
P0447,Priya Malik,9640727171,27,"Noida, Sector 18",HR03LU1606,Apex Services,XXXXXX3843,No recorded case in synthetic dataset,"FIR No. 1447/2026 records Priya Malik, age 27, as a person associated with the Noida, Sector 18 area. The investigation record lists phone number 9640727171 and vehicle HR03LU1606. Records also mention an association with Apex Services. The recorded case category is No recorded case in synthetic dataset. A masked financial identifier XXXXXX3843 appears in the available records. Investigators are reviewing relevant locations, communications, meetings, and financial activity connected with this person. The available information is being cross-referenced with other FIRs, call records, transaction records, and meeting records for network analysis. These details represent investigative records and leads and are not, by themselves, a determination of guilt.",
P0448,Rohan Ahuja,9847414343,26,"Greater Noida, Pari Chowk",UP02EK8651,Frontier Trading,XXXXXX2454,Theft,"FIR No. 1448/2026 records Rohan Ahuja, age 26, as a person associated with the Greater Noida, Pari Chowk area. The investigation record lists phone number 9847414343 and vehicle UP02EK8651. Records also mention an association with Frontier Trading. The recorded case category is Theft. A masked financial identifier XXXXXX2454 appears in the available records. Investigators are reviewing relevant locations, communications, meetings, and financial activity connected with this person. The available information is being cross-referenced with other FIRs, call records, transaction records, and meeting records for network analysis. These details represent investigative records and leads and are not, by themselves, a determination of guilt.",Hindi
P0449,Riya Verma,9996677841,56,"Ghaziabad, Crossings Republik",HR05TT4322,Royal Trading,XXXXXX7796,No recorded case in synthetic dataset,"FIR No. 1449/2026 records Riya Verma, age 56, as a person associated with the Ghaziabad, Crossings Republik area. The investigation record lists phone number 9996677841 and vehicle HR05TT4322. Records also mention an association with Royal Trading. The recorded case category is No recorded case in synthetic dataset. A masked financial identifier XXXXXX7796 appears in the available records. Investigators are reviewing relevant locations, communications, meetings, and financial activity connected with this person. The available information is being cross-referenced with other FIRs, call records, transaction records, and meeting records for network analysis. These details represent investigative records and leads and are not, by themselves, a determination of guilt.",
P0450,Neha Chaudhary,9646692102,50,"Delhi, Karol Bagh",HR08ZH5165,Royal Enterprises,XXXXXX8125,Vehicle Theft,"FIR No. 1450/2026 records Neha Chaudhary, age 50, as a person associated with the Delhi, Karol Bagh area. The investigation record lists phone number 9646692102 and vehicle HR08ZH5165. Records also mention an association with Royal Enterprises. The recorded case category is Vehicle Theft. A masked financial identifier XXXXXX8125 appears in the available records. Investigators are reviewing relevant locations, communications, meetings, and financial activity connected with this person. The available information is being cross-referenced with other FIRs, call records, transaction records, and meeting records for network analysis. These details represent investigative records and leads and are not, by themselves, a determination of guilt.",English
P0451,Pooja Chaudhary,9830998876,28,"Greater Noida, Alpha 1",UP04OQ6070,Trinity Suppliers,XXXXXX9381,Cyber Fraud,"FIR No. 1451/2026 records Pooja Chaudhary, age 28, as a person associated with the Greater Noida, Alpha 1 area. The investigation record lists phone number 9830998876 and vehicle UP04OQ6070. Records also mention an association with Trinity Suppliers. The recorded case category is Cyber Fraud. A masked financial identifier XXXXXX9381 appears in the available records. Investigators are reviewing relevant locations, communications, meetings, and financial activity connected with this person. The available information is being cross-referenced with other FIRs, call records, transaction records, and meeting records for network analysis. These details represent investigative records and leads and are not, by themselves, a determination of guilt.",English
P0452,Naina Singh,9192102560,37,"Ghaziabad, Vaishali",UP06VO8097,Apex Trading,XXXXXX9098,No recorded case in synthetic dataset,"FIR No. 1452/2026 records Naina Singh, age 37, as a person associated with the Ghaziabad, Vaishali area. The investigation record lists phone number 9192102560 and vehicle UP06VO8097. Records also mention an association with Apex Trading. The recorded case category is No recorded case in synthetic dataset. A masked financial identifier XXXXXX9098 appears in the available records. Investigators are reviewing relevant locations, communications, meetings, and financial activity connected with this person. The available information is being cross-referenced with other FIRs, call records, transaction records, and meeting records for network analysis. These details represent investigative records and leads and are not, by themselves, a determination of guilt.",
P0453,Aarav Saxena,9108984262,20,"Gurugram, DLF Phase 2",DL03IJ6537,North Suppliers,XXXXXX1050,No recorded case in synthetic dataset,"FIR No. 1453/2026 records Aarav Saxena, age 20, as a person associated with the Gurugram, DLF Phase 2 area. The investigation record lists phone number 9108984262 and vehicle DL03IJ6537. Records also mention an association with North Suppliers. The recorded case category is No recorded case in synthetic dataset. A masked financial identifier XXXXXX1050 appears in the available records. Investigators are reviewing relevant locations, communications, meetings, and financial activity connected with this person. The available information is being cross-referenced with other FIRs, call records, transaction records, and meeting records for network analysis. These details represent investigative records and leads and are not, by themselves, a determination of guilt.",
P0454,Nikhil Ahuja,9661227906,45,"Ghaziabad, Crossings Republik",DL03KX2895,City Trading,XXXXXX6218,Extortion,"FIR No. 1454/2026 records Nikhil Ahuja, age 45, as a person associated with the Ghaziabad, Crossings Republik area. The investigation record lists phone number 9661227906 and vehicle DL03KX2895. Records also mention an association with City Trading. The recorded case category is Extortion. A masked financial identifier XXXXXX6218 appears in the available records. Investigators are reviewing relevant locations, communications, meetings, and financial activity connected with this person. The available information is being cross-referenced with other FIRs, call records, transaction records, and meeting records for network analysis. These details represent investigative records and leads and are not, by themselves, a determination of guilt.",Hindi
P0455,Kavya Dahiya,9850107369,37,"Gurugram, Sector 29",DL01PA2918,Shree Logistics,XXXXXX4554,Cyber Fraud,"FIR No. 1455/2026 records Kavya Dahiya, age 37, as a person associated with the Gurugram, Sector 29 area. The investigation record lists phone number 9850107369 and vehicle DL01PA2918. Records also mention an association with Shree Logistics. The recorded case category is Cyber Fraud. A masked financial identifier XXXXXX4554 appears in the available records. Investigators are reviewing relevant locations, communications, meetings, and financial activity connected with this person. The available information is being cross-referenced with other FIRs, call records, transaction records, and meeting records for network analysis. These details represent investigative records and leads and are not, by themselves, a determination of guilt.",Hindi
P0456,Sumit Verma,9761934437,31,"Noida, Greater Noida West",UP06NI2751,City Trading,XXXXXX5370,Fraud,"FIR No. 1456/2026 records Sumit Verma, age 31, as a person associated with the Noida, Greater Noida West area. The investigation record lists phone number 9761934437 and vehicle UP06NI2751. Records also mention an association with City Trading. The recorded case category is Fraud. A masked financial identifier XXXXXX5370 appears in the available records. Investigators are reviewing relevant locations, communications, meetings, and financial activity connected with this person. The available information is being cross-referenced with other FIRs, call records, transaction records, and meeting records for network analysis. These details represent investigative records and leads and are not, by themselves, a determination of guilt.",Hindi
P0457,Preeti Saxena,9560298022,42,"Delhi, Dwarka",HR07TC3393,United Enterprises,XXXXXX4886,No recorded case in synthetic dataset,"FIR No. 1457/2026 records Preeti Saxena, age 42, as a person associated with the Delhi, Dwarka area. The investigation record lists phone number 9560298022 and vehicle HR07TC3393. Records also mention an association with United Enterprises. The recorded case category is No recorded case in synthetic dataset. A masked financial identifier XXXXXX4886 appears in the available records. Investigators are reviewing relevant locations, communications, meetings, and financial activity connected with this person. The available information is being cross-referenced with other FIRs, call records, transaction records, and meeting records for network analysis. These details represent investigative records and leads and are not, by themselves, a determination of guilt.",
P0458,Rahul Kapoor,9501641327,48,"Gurugram, Sohna Road",HR09LN5815,Frontier Transport,XXXXXX2821,No recorded case in synthetic dataset,"FIR No. 1458/2026 records Rahul Kapoor, age 48, as a person associated with the Gurugram, Sohna Road area. The investigation record lists phone number 9501641327 and vehicle HR09LN5815. Records also mention an association with Frontier Transport. The recorded case category is No recorded case in synthetic dataset. A masked financial identifier XXXXXX2821 appears in the available records. Investigators are reviewing relevant locations, communications, meetings, and financial activity connected with this person. The available information is being cross-referenced with other FIRs, call records, transaction records, and meeting records for network analysis. These details represent investigative records and leads and are not, by themselves, a determination of guilt.",
P0459,Priya Bhardwaj,9241509661,50,"Gurugram, DLF Phase 3",DL02QV3303,Galaxy Enterprises,XXXXXX4882,Criminal Intimidation,"FIR No. 1459/2026 records Priya Bhardwaj, age 50, as a person associated with the Gurugram, DLF Phase 3 area. The investigation record lists phone number 9241509661 and vehicle DL02QV3303. Records also mention an association with Galaxy Enterprises. The recorded case category is Criminal Intimidation. A masked financial identifier XXXXXX4882 appears in the available records. Investigators are reviewing relevant locations, communications, meetings, and financial activity connected with this person. The available information is being cross-referenced with other FIRs, call records, transaction records, and meeting records for network analysis. These details represent investigative records and leads and are not, by themselves, a determination of guilt.",English
P0460,Tanya Ahuja,9757190911,42,"Gurugram, Sohna Road",HR05FW1264,National Enterprises,XXXXXX8150,No recorded case in synthetic dataset,"FIR No. 1460/2026 records Tanya Ahuja, age 42, as a person associated with the Gurugram, Sohna Road area. The investigation record lists phone number 9757190911 and vehicle HR05FW1264. Records also mention an association with National Enterprises. The recorded case category is No recorded case in synthetic dataset. A masked financial identifier XXXXXX8150 appears in the available records. Investigators are reviewing relevant locations, communications, meetings, and financial activity connected with this person. The available information is being cross-referenced with other FIRs, call records, transaction records, and meeting records for network analysis. These details represent investigative records and leads and are not, by themselves, a determination of guilt.",
P0461,Muskan Gupta,9792127323,31,"Noida, Sector 27",UP06CT7163,Royal Enterprises,XXXXXX4045,No recorded case in synthetic dataset,"FIR No. 1461/2026 records Muskan Gupta, age 31, as a person associated with the Noida, Sector 27 area. The investigation record lists phone number 9792127323 and vehicle UP06CT7163. Records also mention an association with Royal Enterprises. The recorded case category is No recorded case in synthetic dataset. A masked financial identifier XXXXXX4045 appears in the available records. Investigators are reviewing relevant locations, communications, meetings, and financial activity connected with this person. The available information is being cross-referenced with other FIRs, call records, transaction records, and meeting records for network analysis. These details represent investigative records and leads and are not, by themselves, a determination of guilt.",
P0462,Riya Khanna,9387424975,42,"Faridabad, Sector 37",UP05HS3252,National Trading,XXXXXX9132,No recorded case in synthetic dataset,"FIR No. 1462/2026 records Riya Khanna, age 42, as a person associated with the Faridabad, Sector 37 area. The investigation record lists phone number 9387424975 and vehicle UP05HS3252. Records also mention an association with National Trading. The recorded case category is No recorded case in synthetic dataset. A masked financial identifier XXXXXX9132 appears in the available records. Investigators are reviewing relevant locations, communications, meetings, and financial activity connected with this person. The available information is being cross-referenced with other FIRs, call records, transaction records, and meeting records for network analysis. These details represent investigative records and leads and are not, by themselves, a determination of guilt.",
P0463,Nikhil Dahiya,9125382872,31,"Gurugram, Sector 29",DL09XN7915,Royal Solutions,XXXXXX3693,Vehicle Theft,"FIR No. 1463/2026 records Nikhil Dahiya, age 31, as a person associated with the Gurugram, Sector 29 area. The investigation record lists phone number 9125382872 and vehicle DL09XN7915. Records also mention an association with Royal Solutions. The recorded case category is Vehicle Theft. A masked financial identifier XXXXXX3693 appears in the available records. Investigators are reviewing relevant locations, communications, meetings, and financial activity connected with this person. The available information is being cross-referenced with other FIRs, call records, transaction records, and meeting records for network analysis. These details represent investigative records and leads and are not, by themselves, a determination of guilt.",English
P0464,Karan Gupta,9113233995,38,"Noida, Sector 16",HR09MR4138,Horizon Services,XXXXXX7364,No recorded case in synthetic dataset,"FIR No. 1464/2026 records Karan Gupta, age 38, as a person associated with the Noida, Sector 16 area. The investigation record lists phone number 9113233995 and vehicle HR09MR4138. Records also mention an association with Horizon Services. The recorded case category is No recorded case in synthetic dataset. A masked financial identifier XXXXXX7364 appears in the available records. Investigators are reviewing relevant locations, communications, meetings, and financial activity connected with this person. The available information is being cross-referenced with other FIRs, call records, transaction records, and meeting records for network analysis. These details represent investigative records and leads and are not, by themselves, a determination of guilt.",
P0465,Karan Mishra,9827786679,57,"Delhi, Pitampura",DL07MH7662,Trinity Solutions,XXXXXX3933,Narcotics-related offence,"FIR No. 1465/2026 records Karan Mishra, age 57, as a person associated with the Delhi, Pitampura area. The investigation record lists phone number 9827786679 and vehicle DL07MH7662. Records also mention an association with Trinity Solutions. The recorded case category is Narcotics-related offence. A masked financial identifier XXXXXX3933 appears in the available records. Investigators are reviewing relevant locations, communications, meetings, and financial activity connected with this person. The available information is being cross-referenced with other FIRs, call records, transaction records, and meeting records for network analysis. These details represent investigative records and leads and are not, by themselves, a determination of guilt.",English
P0466,Aditi Tiwari,9173733948,32,"Delhi, Shahdara",HR04RX2124,Shree Enterprises,XXXXXX9344,Robbery,"FIR No. 1466/2026 records Aditi Tiwari, age 32, as a person associated with the Delhi, Shahdara area. The investigation record lists phone number 9173733948 and vehicle HR04RX2124. Records also mention an association with Shree Enterprises. The recorded case category is Robbery. A masked financial identifier XXXXXX9344 appears in the available records. Investigators are reviewing relevant locations, communications, meetings, and financial activity connected with this person. The available information is being cross-referenced with other FIRs, call records, transaction records, and meeting records for network analysis. These details represent investigative records and leads and are not, by themselves, a determination of guilt.",Hindi
P0467,Preeti Bansal,9237147528,54,"Delhi, Shahdara",HR09SP6265,United Trading,XXXXXX1049,No recorded case in synthetic dataset,"FIR No. 1467/2026 records Preeti Bansal, age 54, as a person associated with the Delhi, Shahdara area. The investigation record lists phone number 9237147528 and vehicle HR09SP6265. Records also mention an association with United Trading. The recorded case category is No recorded case in synthetic dataset. A masked financial identifier XXXXXX1049 appears in the available records. Investigators are reviewing relevant locations, communications, meetings, and financial activity connected with this person. The available information is being cross-referenced with other FIRs, call records, transaction records, and meeting records for network analysis. These details represent investigative records and leads and are not, by themselves, a determination of guilt.",
P0468,Karan Narang,9984275447,48,"Delhi, Dwarka",HR07NQ7014,Metro Enterprises,XXXXXX3824,No recorded case in synthetic dataset,"FIR No. 1468/2026 records Karan Narang, age 48, as a person associated with the Delhi, Dwarka area. The investigation record lists phone number 9984275447 and vehicle HR07NQ7014. Records also mention an association with Metro Enterprises. The recorded case category is No recorded case in synthetic dataset. A masked financial identifier XXXXXX3824 appears in the available records. Investigators are reviewing relevant locations, communications, meetings, and financial activity connected with this person. The available information is being cross-referenced with other FIRs, call records, transaction records, and meeting records for network analysis. These details represent investigative records and leads and are not, by themselves, a determination of guilt.",
P0469,Saurabh Kapoor,9605743967,29,"Delhi, Okhla",DL08NV5751,Rapid Services,XXXXXX4869,Fraud,"FIR No. 1469/2026 records Saurabh Kapoor, age 29, as a person associated with the Delhi, Okhla area. The investigation record lists phone number 9605743967 and vehicle DL08NV5751. Records also mention an association with Rapid Services. The recorded case category is Fraud. A masked financial identifier XXXXXX4869 appears in the available records. Investigators are reviewing relevant locations, communications, meetings, and financial activity connected with this person. The available information is being cross-referenced with other FIRs, call records, transaction records, and meeting records for network analysis. These details represent investigative records and leads and are not, by themselves, a determination of guilt.",English
P0470,Ananya Gupta,9511664616,25,"Delhi, Pitampura",DL09XT9082,Apex Transport,XXXXXX7381,Extortion,"FIR No. 1470/2026 records Ananya Gupta, age 25, as a person associated with the Delhi, Pitampura area. The investigation record lists phone number 9511664616 and vehicle DL09XT9082. Records also mention an association with Apex Transport. The recorded case category is Extortion. A masked financial identifier XXXXXX7381 appears in the available records. Investigators are reviewing relevant locations, communications, meetings, and financial activity connected with this person. The available information is being cross-referenced with other FIRs, call records, transaction records, and meeting records for network analysis. These details represent investigative records and leads and are not, by themselves, a determination of guilt.",Hindi
P0471,Tanya Kapoor,9826748380,50,"Delhi, Saket",HR04QR4173,United Enterprises,XXXXXX1116,No recorded case in synthetic dataset,"FIR No. 1471/2026 records Tanya Kapoor, age 50, as a person associated with the Delhi, Saket area. The investigation record lists phone number 9826748380 and vehicle HR04QR4173. Records also mention an association with United Enterprises. The recorded case category is No recorded case in synthetic dataset. A masked financial identifier XXXXXX1116 appears in the available records. Investigators are reviewing relevant locations, communications, meetings, and financial activity connected with this person. The available information is being cross-referenced with other FIRs, call records, transaction records, and meeting records for network analysis. These details represent investigative records and leads and are not, by themselves, a determination of guilt.",
P0472,Ananya Chaudhary,9595227476,39,"Delhi, Shahdara",DL05ZE2804,Sahara Solutions,XXXXXX8278,No recorded case in synthetic dataset,"FIR No. 1472/2026 records Ananya Chaudhary, age 39, as a person associated with the Delhi, Shahdara area. The investigation record lists phone number 9595227476 and vehicle DL05ZE2804. Records also mention an association with Sahara Solutions. The recorded case category is No recorded case in synthetic dataset. A masked financial identifier XXXXXX8278 appears in the available records. Investigators are reviewing relevant locations, communications, meetings, and financial activity connected with this person. The available information is being cross-referenced with other FIRs, call records, transaction records, and meeting records for network analysis. These details represent investigative records and leads and are not, by themselves, a determination of guilt.",
P0473,Sonam Aggarwal,9567628964,21,"Greater Noida, Pari Chowk",HR08ZP8663,Horizon Logistics,XXXXXX2861,Robbery,"FIR No. 1473/2026 records Sonam Aggarwal, age 21, as a person associated with the Greater Noida, Pari Chowk area. The investigation record lists phone number 9567628964 and vehicle HR08ZP8663. Records also mention an association with Horizon Logistics. The recorded case category is Robbery. A masked financial identifier XXXXXX2861 appears in the available records. Investigators are reviewing relevant locations, communications, meetings, and financial activity connected with this person. The available information is being cross-referenced with other FIRs, call records, transaction records, and meeting records for network analysis. These details represent investigative records and leads and are not, by themselves, a determination of guilt.",Punjabi
P0474,Preeti Bhardwaj,9179907850,52,"Delhi, Dwarka",DL09BY1499,Rapid Suppliers,XXXXXX5589,Robbery,"FIR No. 1474/2026 records Preeti Bhardwaj, age 52, as a person associated with the Delhi, Dwarka area. The investigation record lists phone number 9179907850 and vehicle DL09BY1499. Records also mention an association with Rapid Suppliers. The recorded case category is Robbery. A masked financial identifier XXXXXX5589 appears in the available records. Investigators are reviewing relevant locations, communications, meetings, and financial activity connected with this person. The available information is being cross-referenced with other FIRs, call records, transaction records, and meeting records for network analysis. These details represent investigative records and leads and are not, by themselves, a determination of guilt.",Hindi
P0475,Manish Narang,9135319904,39,"Gurugram, Sector 18",DL01JH2514,Crown Suppliers,XXXXXX4312,No recorded case in synthetic dataset,"FIR No. 1475/2026 records Manish Narang, age 39, as a person associated with the Gurugram, Sector 18 area. The investigation record lists phone number 9135319904 and vehicle DL01JH2514. Records also mention an association with Crown Suppliers. The recorded case category is No recorded case in synthetic dataset. A masked financial identifier XXXXXX4312 appears in the available records. Investigators are reviewing relevant locations, communications, meetings, and financial activity connected with this person. The available information is being cross-referenced with other FIRs, call records, transaction records, and meeting records for network analysis. These details represent investigative records and leads and are not, by themselves, a determination of guilt.",
P0476,Muskan Malik,9542861464,30,"Delhi, Okhla",UP04AW3439,City Solutions,XXXXXX4683,Forgery,"FIR No. 1476/2026 records Muskan Malik, age 30, as a person associated with the Delhi, Okhla area. The investigation record lists phone number 9542861464 and vehicle UP04AW3439. Records also mention an association with City Solutions. The recorded case category is Forgery. A masked financial identifier XXXXXX4683 appears in the available records. Investigators are reviewing relevant locations, communications, meetings, and financial activity connected with this person. The available information is being cross-referenced with other FIRs, call records, transaction records, and meeting records for network analysis. These details represent investigative records and leads and are not, by themselves, a determination of guilt.",Hindi
P0477,Rahul Saini,9878330537,19,"Delhi, Narela",HR09MJ5347,Trinity Services,XXXXXX9770,Criminal Intimidation,"FIR No. 1477/2026 records Rahul Saini, age 19, as a person associated with the Delhi, Narela area. The investigation record lists phone number 9878330537 and vehicle HR09MJ5347. Records also mention an association with Trinity Services. The recorded case category is Criminal Intimidation. A masked financial identifier XXXXXX9770 appears in the available records. Investigators are reviewing relevant locations, communications, meetings, and financial activity connected with this person. The available information is being cross-referenced with other FIRs, call records, transaction records, and meeting records for network analysis. These details represent investigative records and leads and are not, by themselves, a determination of guilt.",Hindi
P0478,Vivaan Bhardwaj,9811798102,45,"Gurugram, Manesar",HR09HD7400,Horizon Logistics,XXXXXX5865,No recorded case in synthetic dataset,"FIR No. 1478/2026 records Vivaan Bhardwaj, age 45, as a person associated with the Gurugram, Manesar area. The investigation record lists phone number 9811798102 and vehicle HR09HD7400. Records also mention an association with Horizon Logistics. The recorded case category is No recorded case in synthetic dataset. A masked financial identifier XXXXXX5865 appears in the available records. Investigators are reviewing relevant locations, communications, meetings, and financial activity connected with this person. The available information is being cross-referenced with other FIRs, call records, transaction records, and meeting records for network analysis. These details represent investigative records and leads and are not, by themselves, a determination of guilt.",
P0479,Tanya Khanna,9824494731,50,"Delhi, Karol Bagh",DL03FX4189,Apex Trading,XXXXXX4466,No recorded case in synthetic dataset,"FIR No. 1479/2026 records Tanya Khanna, age 50, as a person associated with the Delhi, Karol Bagh area. The investigation record lists phone number 9824494731 and vehicle DL03FX4189. Records also mention an association with Apex Trading. The recorded case category is No recorded case in synthetic dataset. A masked financial identifier XXXXXX4466 appears in the available records. Investigators are reviewing relevant locations, communications, meetings, and financial activity connected with this person. The available information is being cross-referenced with other FIRs, call records, transaction records, and meeting records for network analysis. These details represent investigative records and leads and are not, by themselves, a determination of guilt.",
P0480,Neha Bansal,9745464705,38,"Ghaziabad, Kaushambi",UP09MD7401,Star Solutions,XXXXXX6929,No recorded case in synthetic dataset,"FIR No. 1480/2026 records Neha Bansal, age 38, as a person associated with the Ghaziabad, Kaushambi area. The investigation record lists phone number 9745464705 and vehicle UP09MD7401. Records also mention an association with Star Solutions. The recorded case category is No recorded case in synthetic dataset. A masked financial identifier XXXXXX6929 appears in the available records. Investigators are reviewing relevant locations, communications, meetings, and financial activity connected with this person. The available information is being cross-referenced with other FIRs, call records, transaction records, and meeting records for network analysis. These details represent investigative records and leads and are not, by themselves, a determination of guilt.",
P0481,Komal Bhati,9188417213,22,"Delhi, Laxmi Nagar",HR09XP3646,Star Solutions,XXXXXX4591,Narcotics-related offence,"FIR No. 1481/2026 records Komal Bhati, age 22, as a person associated with the Delhi, Laxmi Nagar area. The investigation record lists phone number 9188417213 and vehicle HR09XP3646. Records also mention an association with Star Solutions. The recorded case category is Narcotics-related offence. A masked financial identifier XXXXXX4591 appears in the available records. Investigators are reviewing relevant locations, communications, meetings, and financial activity connected with this person. The available information is being cross-referenced with other FIRs, call records, transaction records, and meeting records for network analysis. These details represent investigative records and leads and are not, by themselves, a determination of guilt.",Hindi
P0482,Harsh Yadav,9826636930,57,"Delhi, Laxmi Nagar",DL08CA3945,Frontier Warehousing,XXXXXX9829,Illegal Arms Possession,"FIR No. 1482/2026 records Harsh Yadav, age 57, as a person associated with the Delhi, Laxmi Nagar area. The investigation record lists phone number 9826636930 and vehicle DL08CA3945. Records also mention an association with Frontier Warehousing. The recorded case category is Illegal Arms Possession. A masked financial identifier XXXXXX9829 appears in the available records. Investigators are reviewing relevant locations, communications, meetings, and financial activity connected with this person. The available information is being cross-referenced with other FIRs, call records, transaction records, and meeting records for network analysis. These details represent investigative records and leads and are not, by themselves, a determination of guilt.",Hindi
P0483,Harsh Mishra,9701387997,20,"Gurugram, DLF Phase 2",UP08MG1198,Apex Trading,XXXXXX1944,Vehicle Theft,"FIR No. 1483/2026 records Harsh Mishra, age 20, as a person associated with the Gurugram, DLF Phase 2 area. The investigation record lists phone number 9701387997 and vehicle UP08MG1198. Records also mention an association with Apex Trading. The recorded case category is Vehicle Theft. A masked financial identifier XXXXXX1944 appears in the available records. Investigators are reviewing relevant locations, communications, meetings, and financial activity connected with this person. The available information is being cross-referenced with other FIRs, call records, transaction records, and meeting records for network analysis. These details represent investigative records and leads and are not, by themselves, a determination of guilt.",Punjabi
P0484,Komal Aggarwal,9223964436,49,"Delhi, Narela",UP04DA2548,Royal Services,XXXXXX1284,Criminal Intimidation,"FIR No. 1484/2026 records Komal Aggarwal, age 49, as a person associated with the Delhi, Narela area. The investigation record lists phone number 9223964436 and vehicle UP04DA2548. Records also mention an association with Royal Services. The recorded case category is Criminal Intimidation. A masked financial identifier XXXXXX1284 appears in the available records. Investigators are reviewing relevant locations, communications, meetings, and financial activity connected with this person. The available information is being cross-referenced with other FIRs, call records, transaction records, and meeting records for network analysis. These details represent investigative records and leads and are not, by themselves, a determination of guilt.",Punjabi
P0485,Ananya Tiwari,9781591860,32,"Delhi, Laxmi Nagar",DL03BD2114,Rapid Suppliers,XXXXXX2643,No recorded case in synthetic dataset,"FIR No. 1485/2026 records Ananya Tiwari, age 32, as a person associated with the Delhi, Laxmi Nagar area. The investigation record lists phone number 9781591860 and vehicle DL03BD2114. Records also mention an association with Rapid Suppliers. The recorded case category is No recorded case in synthetic dataset. A masked financial identifier XXXXXX2643 appears in the available records. Investigators are reviewing relevant locations, communications, meetings, and financial activity connected with this person. The available information is being cross-referenced with other FIRs, call records, transaction records, and meeting records for network analysis. These details represent investigative records and leads and are not, by themselves, a determination of guilt.",
P0486,Muskan Saini,9619636058,19,"Delhi, Laxmi Nagar",DL01MM5424,National Transport,XXXXXX2312,No recorded case in synthetic dataset,"FIR No. 1486/2026 records Muskan Saini, age 19, as a person associated with the Delhi, Laxmi Nagar area. The investigation record lists phone number 9619636058 and vehicle DL01MM5424. Records also mention an association with National Transport. The recorded case category is No recorded case in synthetic dataset. A masked financial identifier XXXXXX2312 appears in the available records. Investigators are reviewing relevant locations, communications, meetings, and financial activity connected with this person. The available information is being cross-referenced with other FIRs, call records, transaction records, and meeting records for network analysis. These details represent investigative records and leads and are not, by themselves, a determination of guilt.",
P0487,Varun Gupta,9116045025,38,"Faridabad, NIT",HR01XW9243,Rapid Services,XXXXXX4151,Vehicle Theft,"FIR No. 1487/2026 records Varun Gupta, age 38, as a person associated with the Faridabad, NIT area. The investigation record lists phone number 9116045025 and vehicle HR01XW9243. Records also mention an association with Rapid Services. The recorded case category is Vehicle Theft. A masked financial identifier XXXXXX4151 appears in the available records. Investigators are reviewing relevant locations, communications, meetings, and financial activity connected with this person. The available information is being cross-referenced with other FIRs, call records, transaction records, and meeting records for network analysis. These details represent investigative records and leads and are not, by themselves, a determination of guilt.",English
P0488,Rohan Rana,9249843481,44,"Faridabad, Sector 37",HR05VI1726,United Transport,XXXXXX1592,No recorded case in synthetic dataset,"FIR No. 1488/2026 records Rohan Rana, age 44, as a person associated with the Faridabad, Sector 37 area. The investigation record lists phone number 9249843481 and vehicle HR05VI1726. Records also mention an association with United Transport. The recorded case category is No recorded case in synthetic dataset. A masked financial identifier XXXXXX1592 appears in the available records. Investigators are reviewing relevant locations, communications, meetings, and financial activity connected with this person. The available information is being cross-referenced with other FIRs, call records, transaction records, and meeting records for network analysis. These details represent investigative records and leads and are not, by themselves, a determination of guilt.",
P0489,Ananya Khanna,9490314903,42,"Noida, Sector 62",DL05EZ6611,Capital Trading,XXXXXX5066,No recorded case in synthetic dataset,"FIR No. 1489/2026 records Ananya Khanna, age 42, as a person associated with the Noida, Sector 62 area. The investigation record lists phone number 9490314903 and vehicle DL05EZ6611. Records also mention an association with Capital Trading. The recorded case category is No recorded case in synthetic dataset. A masked financial identifier XXXXXX5066 appears in the available records. Investigators are reviewing relevant locations, communications, meetings, and financial activity connected with this person. The available information is being cross-referenced with other FIRs, call records, transaction records, and meeting records for network analysis. These details represent investigative records and leads and are not, by themselves, a determination of guilt.",
P0490,Yash Aggarwal,9671461474,36,"Delhi, Narela",HR01CX4086,Metro Enterprises,XXXXXX3386,Extortion,"FIR No. 1490/2026 records Yash Aggarwal, age 36, as a person associated with the Delhi, Narela area. The investigation record lists phone number 9671461474 and vehicle HR01CX4086. Records also mention an association with Metro Enterprises. The recorded case category is Extortion. A masked financial identifier XXXXXX3386 appears in the available records. Investigators are reviewing relevant locations, communications, meetings, and financial activity connected with this person. The available information is being cross-referenced with other FIRs, call records, transaction records, and meeting records for network analysis. These details represent investigative records and leads and are not, by themselves, a determination of guilt.",English
P0491,Saurabh Bhardwaj,9809574386,36,"Faridabad, Sector 37",HR09CL3676,Trinity Enterprises,XXXXXX6649,No recorded case in synthetic dataset,"FIR No. 1491/2026 records Saurabh Bhardwaj, age 36, as a person associated with the Faridabad, Sector 37 area. The investigation record lists phone number 9809574386 and vehicle HR09CL3676. Records also mention an association with Trinity Enterprises. The recorded case category is No recorded case in synthetic dataset. A masked financial identifier XXXXXX6649 appears in the available records. Investigators are reviewing relevant locations, communications, meetings, and financial activity connected with this person. The available information is being cross-referenced with other FIRs, call records, transaction records, and meeting records for network analysis. These details represent investigative records and leads and are not, by themselves, a determination of guilt.",
P0492,Tanya Singh,9265939460,43,"Faridabad, Sector 15",HR07XR8441,United Enterprises,XXXXXX5104,Criminal Intimidation,"FIR No. 1492/2026 records Tanya Singh, age 43, as a person associated with the Faridabad, Sector 15 area. The investigation record lists phone number 9265939460 and vehicle HR07XR8441. Records also mention an association with United Enterprises. The recorded case category is Criminal Intimidation. A masked financial identifier XXXXXX5104 appears in the available records. Investigators are reviewing relevant locations, communications, meetings, and financial activity connected with this person. The available information is being cross-referenced with other FIRs, call records, transaction records, and meeting records for network analysis. These details represent investigative records and leads and are not, by themselves, a determination of guilt.",Hindi
P0493,Rohan Dahiya,9940472752,50,"Faridabad, NIT",HR07IO3293,North Warehousing,XXXXXX1488,Forgery,"FIR No. 1493/2026 records Rohan Dahiya, age 50, as a person associated with the Faridabad, NIT area. The investigation record lists phone number 9940472752 and vehicle HR07IO3293. Records also mention an association with North Warehousing. The recorded case category is Forgery. A masked financial identifier XXXXXX1488 appears in the available records. Investigators are reviewing relevant locations, communications, meetings, and financial activity connected with this person. The available information is being cross-referenced with other FIRs, call records, transaction records, and meeting records for network analysis. These details represent investigative records and leads and are not, by themselves, a determination of guilt.",Hindi
P0494,Amit Arora,9615489727,45,"Faridabad, Sector 37",UP04ED3588,Apex Suppliers,XXXXXX5510,No recorded case in synthetic dataset,"FIR No. 1494/2026 records Amit Arora, age 45, as a person associated with the Faridabad, Sector 37 area. The investigation record lists phone number 9615489727 and vehicle UP04ED3588. Records also mention an association with Apex Suppliers. The recorded case category is No recorded case in synthetic dataset. A masked financial identifier XXXXXX5510 appears in the available records. Investigators are reviewing relevant locations, communications, meetings, and financial activity connected with this person. The available information is being cross-referenced with other FIRs, call records, transaction records, and meeting records for network analysis. These details represent investigative records and leads and are not, by themselves, a determination of guilt.",
P0495,Ankit Bhardwaj,9636907335,31,"Faridabad, NIT",HR04UB5082,Shree Solutions,XXXXXX3857,Criminal Intimidation,"FIR No. 1495/2026 records Ankit Bhardwaj, age 31, as a person associated with the Faridabad, NIT area. The investigation record lists phone number 9636907335 and vehicle HR04UB5082. Records also mention an association with Shree Solutions. The recorded case category is Criminal Intimidation. A masked financial identifier XXXXXX3857 appears in the available records. Investigators are reviewing relevant locations, communications, meetings, and financial activity connected with this person. The available information is being cross-referenced with other FIRs, call records, transaction records, and meeting records for network analysis. These details represent investigative records and leads and are not, by themselves, a determination of guilt.",Punjabi
P0496,Rohan Mishra,9357362976,58,"Delhi, Saket",UP07UB1526,City Warehousing,XXXXXX8614,Vehicle Theft,"FIR No. 1496/2026 records Rohan Mishra, age 58, as a person associated with the Delhi, Saket area. The investigation record lists phone number 9357362976 and vehicle UP07UB1526. Records also mention an association with City Warehousing. The recorded case category is Vehicle Theft. A masked financial identifier XXXXXX8614 appears in the available records. Investigators are reviewing relevant locations, communications, meetings, and financial activity connected with this person. The available information is being cross-referenced with other FIRs, call records, transaction records, and meeting records for network analysis. These details represent investigative records and leads and are not, by themselves, a determination of guilt.",Hindi
P0497,Tanya Pandey,9184051518,39,"Delhi, Okhla",DL07MF7706,Capital Enterprises,XXXXXX6000,Vehicle Theft,"FIR No. 1497/2026 records Tanya Pandey, age 39, as a person associated with the Delhi, Okhla area. The investigation record lists phone number 9184051518 and vehicle DL07MF7706. Records also mention an association with Capital Enterprises. The recorded case category is Vehicle Theft. A masked financial identifier XXXXXX6000 appears in the available records. Investigators are reviewing relevant locations, communications, meetings, and financial activity connected with this person. The available information is being cross-referenced with other FIRs, call records, transaction records, and meeting records for network analysis. These details represent investigative records and leads and are not, by themselves, a determination of guilt.",Punjabi
P0498,Ananya Aggarwal,9585332251,44,"Delhi, Mayur Vihar",UP02TO4745,United Services,XXXXXX9218,Extortion,"FIR No. 1498/2026 records Ananya Aggarwal, age 44, as a person associated with the Delhi, Mayur Vihar area. The investigation record lists phone number 9585332251 and vehicle UP02TO4745. Records also mention an association with United Services. The recorded case category is Extortion. A masked financial identifier XXXXXX9218 appears in the available records. Investigators are reviewing relevant locations, communications, meetings, and financial activity connected with this person. The available information is being cross-referenced with other FIRs, call records, transaction records, and meeting records for network analysis. These details represent investigative records and leads and are not, by themselves, a determination of guilt.",English
P0499,Muskan Kumar,9661938962,35,"Greater Noida, Knowledge Park",UP07AX9502,Prime Warehousing,XXXXXX6605,Theft,"FIR No. 1499/2026 records Muskan Kumar, age 35, as a person associated with the Greater Noida, Knowledge Park area. The investigation record lists phone number 9661938962 and vehicle UP07AX9502. Records also mention an association with Prime Warehousing. The recorded case category is Theft. A masked financial identifier XXXXXX6605 appears in the available records. Investigators are reviewing relevant locations, communications, meetings, and financial activity connected with this person. The available information is being cross-referenced with other FIRs, call records, transaction records, and meeting records for network analysis. These details represent investigative records and leads and are not, by themselves, a determination of guilt.",Hindi
P0500,Yash Ahuja,9647126648,40,"Delhi, Connaught Place",HR02TY2156,Star Suppliers,XXXXXX5185,No recorded case in synthetic dataset,"FIR No. 1500/2026 records Yash Ahuja, age 40, as a person associated with the Delhi, Connaught Place area. The investigation record lists phone number 9647126648 and vehicle HR02TY2156. Records also mention an association with Star Suppliers. The recorded case category is No recorded case in synthetic dataset. A masked financial identifier XXXXXX5185 appears in the available records. Investigators are reviewing relevant locations, communications, meetings, and financial activity connected with this person. The available information is being cross-referenced with other FIRs, call records, transaction records, and meeting records for network analysis. These details represent investigative records and leads and are not, by themselves, a determination of guilt.",
P0501,Ananya Aggarwal,9342647998,45,"Faridabad, Sector 15",HR04BD7058,United Transport,XXXXXX9828,No recorded case in synthetic dataset,"FIR No. 1501/2026 records Ananya Aggarwal, age 45, as a person associated with the Faridabad, Sector 15 area. The investigation record lists phone number 9342647998 and vehicle HR04BD7058. Records also mention an association with United Transport. The recorded case category is No recorded case in synthetic dataset. A masked financial identifier XXXXXX9828 appears in the available records. Investigators are reviewing relevant locations, communications, meetings, and financial activity connected with this person. The available information is being cross-referenced with other FIRs, call records, transaction records, and meeting records for network analysis. These details represent investigative records and leads and are not, by themselves, a determination of guilt.",
P0502,Kavya Singh,9941889642,43,"Delhi, Shahdara",HR06PM3678,Star Suppliers,XXXXXX3809,No recorded case in synthetic dataset,"FIR No. 1502/2026 records Kavya Singh, age 43, as a person associated with the Delhi, Shahdara area. The investigation record lists phone number 9941889642 and vehicle HR06PM3678. Records also mention an association with Star Suppliers. The recorded case category is No recorded case in synthetic dataset. A masked financial identifier XXXXXX3809 appears in the available records. Investigators are reviewing relevant locations, communications, meetings, and financial activity connected with this person. The available information is being cross-referenced with other FIRs, call records, transaction records, and meeting records for network analysis. These details represent investigative records and leads and are not, by themselves, a determination of guilt.",
P0503,Vivaan Rawat,9406169853,56,"Faridabad, NIT",DL04VD4276,Apex Suppliers,XXXXXX3267,Extortion,"FIR No. 1503/2026 records Vivaan Rawat, age 56, as a person associated with the Faridabad, NIT area. The investigation record lists phone number 9406169853 and vehicle DL04VD4276. Records also mention an association with Apex Suppliers. The recorded case category is Extortion. A masked financial identifier XXXXXX3267 appears in the available records. Investigators are reviewing relevant locations, communications, meetings, and financial activity connected with this person. The available information is being cross-referenced with other FIRs, call records, transaction records, and meeting records for network analysis. These details represent investigative records and leads and are not, by themselves, a determination of guilt.",English
P0504,Ankit Tyagi,9492464611,55,"Gurugram, Manesar",HR04FB7711,Sahara Trading,XXXXXX1272,Cyber Fraud,"FIR No. 1504/2026 records Ankit Tyagi, age 55, as a person associated with the Gurugram, Manesar area. The investigation record lists phone number 9492464611 and vehicle HR04FB7711. Records also mention an association with Sahara Trading. The recorded case category is Cyber Fraud. A masked financial identifier XXXXXX1272 appears in the available records. Investigators are reviewing relevant locations, communications, meetings, and financial activity connected with this person. The available information is being cross-referenced with other FIRs, call records, transaction records, and meeting records for network analysis. These details represent investigative records and leads and are not, by themselves, a determination of guilt.",Hindi
P0505,Simran Dahiya,9779717207,57,"Greater Noida, Alpha 1",UP04DF9258,Capital Logistics,XXXXXX1001,No recorded case in synthetic dataset,"FIR No. 1505/2026 records Simran Dahiya, age 57, as a person associated with the Greater Noida, Alpha 1 area. The investigation record lists phone number 9779717207 and vehicle UP04DF9258. Records also mention an association with Capital Logistics. The recorded case category is No recorded case in synthetic dataset. A masked financial identifier XXXXXX1001 appears in the available records. Investigators are reviewing relevant locations, communications, meetings, and financial activity connected with this person. The available information is being cross-referenced with other FIRs, call records, transaction records, and meeting records for network analysis. These details represent investigative records and leads and are not, by themselves, a determination of guilt.",
P0506,Mohit Gupta,9514336968,24,"Delhi, Karol Bagh",UP07KH9191,Crown Solutions,XXXXXX1503,Robbery,"FIR No. 1506/2026 records Mohit Gupta, age 24, as a person associated with the Delhi, Karol Bagh area. The investigation record lists phone number 9514336968 and vehicle UP07KH9191. Records also mention an association with Crown Solutions. The recorded case category is Robbery. A masked financial identifier XXXXXX1503 appears in the available records. Investigators are reviewing relevant locations, communications, meetings, and financial activity connected with this person. The available information is being cross-referenced with other FIRs, call records, transaction records, and meeting records for network analysis. These details represent investigative records and leads and are not, by themselves, a determination of guilt.",Hindi
P0507,Rohan Meena,9144014962,47,"Gurugram, Manesar",DL08ZQ3954,Trinity Warehousing,XXXXXX7783,Cyber Fraud,"FIR No. 1507/2026 records Rohan Meena, age 47, as a person associated with the Gurugram, Manesar area. The investigation record lists phone number 9144014962 and vehicle DL08ZQ3954. Records also mention an association with Trinity Warehousing. The recorded case category is Cyber Fraud. A masked financial identifier XXXXXX7783 appears in the available records. Investigators are reviewing relevant locations, communications, meetings, and financial activity connected with this person. The available information is being cross-referenced with other FIRs, call records, transaction records, and meeting records for network analysis. These details represent investigative records and leads and are not, by themselves, a determination of guilt.",Hindi
P0508,Vikas Yadav,9476471864,24,"Delhi, Najafgarh",HR01EN6896,Horizon Suppliers,XXXXXX5540,No recorded case in synthetic dataset,"FIR No. 1508/2026 records Vikas Yadav, age 24, as a person associated with the Delhi, Najafgarh area. The investigation record lists phone number 9476471864 and vehicle HR01EN6896. Records also mention an association with Horizon Suppliers. The recorded case category is No recorded case in synthetic dataset. A masked financial identifier XXXXXX5540 appears in the available records. Investigators are reviewing relevant locations, communications, meetings, and financial activity connected with this person. The available information is being cross-referenced with other FIRs, call records, transaction records, and meeting records for network analysis. These details represent investigative records and leads and are not, by themselves, a determination of guilt.",
P0509,Aditya Meena,9254384777,39,"Ghaziabad, Kaushambi",HR06XG6752,Evergreen Solutions,XXXXXX7601,Extortion,"FIR No. 1509/2026 records Aditya Meena, age 39, as a person associated with the Ghaziabad, Kaushambi area. The investigation record lists phone number 9254384777 and vehicle HR06XG6752. Records also mention an association with Evergreen Solutions. The recorded case category is Extortion. A masked financial identifier XXXXXX7601 appears in the available records. Investigators are reviewing relevant locations, communications, meetings, and financial activity connected with this person. The available information is being cross-referenced with other FIRs, call records, transaction records, and meeting records for network analysis. These details represent investigative records and leads and are not, by themselves, a determination of guilt.",Hindi
P0510,Ravi Ahuja,9199394597,20,"Delhi, Karol Bagh",UP01UU3953,Blue Solutions,XXXXXX9806,Criminal Intimidation,"FIR No. 1510/2026 records Ravi Ahuja, age 20, as a person associated with the Delhi, Karol Bagh area. The investigation record lists phone number 9199394597 and vehicle UP01UU3953. Records also mention an association with Blue Solutions. The recorded case category is Criminal Intimidation. A masked financial identifier XXXXXX9806 appears in the available records. Investigators are reviewing relevant locations, communications, meetings, and financial activity connected with this person. The available information is being cross-referenced with other FIRs, call records, transaction records, and meeting records for network analysis. These details represent investigative records and leads and are not, by themselves, a determination of guilt.",Punjabi
P0511,Priya Aggarwal,9610416297,31,"Gurugram, DLF Phase 3",DL01EH4352,Royal Transport,XXXXXX7888,No recorded case in synthetic dataset,"FIR No. 1511/2026 records Priya Aggarwal, age 31, as a person associated with the Gurugram, DLF Phase 3 area. The investigation record lists phone number 9610416297 and vehicle DL01EH4352. Records also mention an association with Royal Transport. The recorded case category is No recorded case in synthetic dataset. A masked financial identifier XXXXXX7888 appears in the available records. Investigators are reviewing relevant locations, communications, meetings, and financial activity connected with this person. The available information is being cross-referenced with other FIRs, call records, transaction records, and meeting records for network analysis. These details represent investigative records and leads and are not, by themselves, a determination of guilt.",
P0512,Shreya Ahuja,9574931871,21,"Ghaziabad, Kaushambi",DL09BS5374,Blue Solutions,XXXXXX3228,No recorded case in synthetic dataset,"FIR No. 1512/2026 records Shreya Ahuja, age 21, as a person associated with the Ghaziabad, Kaushambi area. The investigation record lists phone number 9574931871 and vehicle DL09BS5374. Records also mention an association with Blue Solutions. The recorded case category is No recorded case in synthetic dataset. A masked financial identifier XXXXXX3228 appears in the available records. Investigators are reviewing relevant locations, communications, meetings, and financial activity connected with this person. The available information is being cross-referenced with other FIRs, call records, transaction records, and meeting records for network analysis. These details represent investigative records and leads and are not, by themselves, a determination of guilt.",
P0513,Priya Bhati,9439660058,22,"Delhi, Saket",DL08SN6848,Horizon Trading,XXXXXX6701,No recorded case in synthetic dataset,"FIR No. 1513/2026 records Priya Bhati, age 22, as a person associated with the Delhi, Saket area. The investigation record lists phone number 9439660058 and vehicle DL08SN6848. Records also mention an association with Horizon Trading. The recorded case category is No recorded case in synthetic dataset. A masked financial identifier XXXXXX6701 appears in the available records. Investigators are reviewing relevant locations, communications, meetings, and financial activity connected with this person. The available information is being cross-referenced with other FIRs, call records, transaction records, and meeting records for network analysis. These details represent investigative records and leads and are not, by themselves, a determination of guilt.",
P0514,Deepak Kapoor,9804535968,22,"Delhi, Laxmi Nagar",DL06HG3960,Royal Solutions,XXXXXX8036,No recorded case in synthetic dataset,"FIR No. 1514/2026 records Deepak Kapoor, age 22, as a person associated with the Delhi, Laxmi Nagar area. The investigation record lists phone number 9804535968 and vehicle DL06HG3960. Records also mention an association with Royal Solutions. The recorded case category is No recorded case in synthetic dataset. A masked financial identifier XXXXXX8036 appears in the available records. Investigators are reviewing relevant locations, communications, meetings, and financial activity connected with this person. The available information is being cross-referenced with other FIRs, call records, transaction records, and meeting records for network analysis. These details represent investigative records and leads and are not, by themselves, a determination of guilt.",
P0515,Deepak Narang,9478737294,48,"Delhi, Najafgarh",DL07XY1516,Sahara Enterprises,XXXXXX7787,Illegal Arms Possession,"FIR No. 1515/2026 records Deepak Narang, age 48, as a person associated with the Delhi, Najafgarh area. The investigation record lists phone number 9478737294 and vehicle DL07XY1516. Records also mention an association with Sahara Enterprises. The recorded case category is Illegal Arms Possession. A masked financial identifier XXXXXX7787 appears in the available records. Investigators are reviewing relevant locations, communications, meetings, and financial activity connected with this person. The available information is being cross-referenced with other FIRs, call records, transaction records, and meeting records for network analysis. These details represent investigative records and leads and are not, by themselves, a determination of guilt.",Punjabi
P0516,Ankit Rawat,9332276645,24,"Gurugram, DLF Phase 2",HR09XV8874,Galaxy Trading,XXXXXX2550,Theft,"FIR No. 1516/2026 records Ankit Rawat, age 24, as a person associated with the Gurugram, DLF Phase 2 area. The investigation record lists phone number 9332276645 and vehicle HR09XV8874. Records also mention an association with Galaxy Trading. The recorded case category is Theft. A masked financial identifier XXXXXX2550 appears in the available records. Investigators are reviewing relevant locations, communications, meetings, and financial activity connected with this person. The available information is being cross-referenced with other FIRs, call records, transaction records, and meeting records for network analysis. These details represent investigative records and leads and are not, by themselves, a determination of guilt.",English
P0517,Isha Verma,9340665455,24,"Delhi, Pitampura",UP04EM1417,Prime Transport,XXXXXX1905,No recorded case in synthetic dataset,"FIR No. 1517/2026 records Isha Verma, age 24, as a person associated with the Delhi, Pitampura area. The investigation record lists phone number 9340665455 and vehicle UP04EM1417. Records also mention an association with Prime Transport. The recorded case category is No recorded case in synthetic dataset. A masked financial identifier XXXXXX1905 appears in the available records. Investigators are reviewing relevant locations, communications, meetings, and financial activity connected with this person. The available information is being cross-referenced with other FIRs, call records, transaction records, and meeting records for network analysis. These details represent investigative records and leads and are not, by themselves, a determination of guilt.",
P0518,Tanya Saxena,9399169616,41,"Delhi, Narela",HR07PY4589,United Warehousing,XXXXXX9130,No recorded case in synthetic dataset,"FIR No. 1518/2026 records Tanya Saxena, age 41, as a person associated with the Delhi, Narela area. The investigation record lists phone number 9399169616 and vehicle HR07PY4589. Records also mention an association with United Warehousing. The recorded case category is No recorded case in synthetic dataset. A masked financial identifier XXXXXX9130 appears in the available records. Investigators are reviewing relevant locations, communications, meetings, and financial activity connected with this person. The available information is being cross-referenced with other FIRs, call records, transaction records, and meeting records for network analysis. These details represent investigative records and leads and are not, by themselves, a determination of guilt.",
P0519,Ankit Kapoor,9376671791,28,"Delhi, Pitampura",DL08ZC1682,United Services,XXXXXX6673,No recorded case in synthetic dataset,"FIR No. 1519/2026 records Ankit Kapoor, age 28, as a person associated with the Delhi, Pitampura area. The investigation record lists phone number 9376671791 and vehicle DL08ZC1682. Records also mention an association with United Services. The recorded case category is No recorded case in synthetic dataset. A masked financial identifier XXXXXX6673 appears in the available records. Investigators are reviewing relevant locations, communications, meetings, and financial activity connected with this person. The available information is being cross-referenced with other FIRs, call records, transaction records, and meeting records for network analysis. These details represent investigative records and leads and are not, by themselves, a determination of guilt.",
P0520,Rahul Dahiya,9464412787,19,"Faridabad, Sector 15",HR09UR3810,Capital Services,XXXXXX8729,Theft,"FIR No. 1520/2026 records Rahul Dahiya, age 19, as a person associated with the Faridabad, Sector 15 area. The investigation record lists phone number 9464412787 and vehicle HR09UR3810. Records also mention an association with Capital Services. The recorded case category is Theft. A masked financial identifier XXXXXX8729 appears in the available records. Investigators are reviewing relevant locations, communications, meetings, and financial activity connected with this person. The available information is being cross-referenced with other FIRs, call records, transaction records, and meeting records for network analysis. These details represent investigative records and leads and are not, by themselves, a determination of guilt.",English
P0521,Aditya Pandey,9830054163,51,"Ghaziabad, Raj Nagar",DL02IT9677,Evergreen Services,XXXXXX6959,Theft,"FIR No. 1521/2026 records Aditya Pandey, age 51, as a person associated with the Ghaziabad, Raj Nagar area. The investigation record lists phone number 9830054163 and vehicle DL02IT9677. Records also mention an association with Evergreen Services. The recorded case category is Theft. A masked financial identifier XXXXXX6959 appears in the available records. Investigators are reviewing relevant locations, communications, meetings, and financial activity connected with this person. The available information is being cross-referenced with other FIRs, call records, transaction records, and meeting records for network analysis. These details represent investigative records and leads and are not, by themselves, a determination of guilt.",English
P0522,Varun Dahiya,9499141853,40,"Gurugram, Sector 29",UP06GE3221,Sahara Transport,XXXXXX1649,Theft,"FIR No. 1522/2026 records Varun Dahiya, age 40, as a person associated with the Gurugram, Sector 29 area. The investigation record lists phone number 9499141853 and vehicle UP06GE3221. Records also mention an association with Sahara Transport. The recorded case category is Theft. A masked financial identifier XXXXXX1649 appears in the available records. Investigators are reviewing relevant locations, communications, meetings, and financial activity connected with this person. The available information is being cross-referenced with other FIRs, call records, transaction records, and meeting records for network analysis. These details represent investigative records and leads and are not, by themselves, a determination of guilt.",Hindi
P0523,Mohit Sharma,9282031315,53,"Noida, Sector 63",HR03PV1375,Galaxy Services,XXXXXX1279,No recorded case in synthetic dataset,"FIR No. 1523/2026 records Mohit Sharma, age 53, as a person associated with the Noida, Sector 63 area. The investigation record lists phone number 9282031315 and vehicle HR03PV1375. Records also mention an association with Galaxy Services. The recorded case category is No recorded case in synthetic dataset. A masked financial identifier XXXXXX1279 appears in the available records. Investigators are reviewing relevant locations, communications, meetings, and financial activity connected with this person. The available information is being cross-referenced with other FIRs, call records, transaction records, and meeting records for network analysis. These details represent investigative records and leads and are not, by themselves, a determination of guilt.",
P0524,Manish Dahiya,9713328377,52,"Gurugram, Manesar",HR02MT1098,Horizon Trading,XXXXXX6904,No recorded case in synthetic dataset,"FIR No. 1524/2026 records Manish Dahiya, age 52, as a person associated with the Gurugram, Manesar area. The investigation record lists phone number 9713328377 and vehicle HR02MT1098. Records also mention an association with Horizon Trading. The recorded case category is No recorded case in synthetic dataset. A masked financial identifier XXXXXX6904 appears in the available records. Investigators are reviewing relevant locations, communications, meetings, and financial activity connected with this person. The available information is being cross-referenced with other FIRs, call records, transaction records, and meeting records for network analysis. These details represent investigative records and leads and are not, by themselves, a determination of guilt.",
P0525,Amit Malik,9130869224,47,"Delhi, Mayur Vihar",UP08CU3441,Metro Warehousing,XXXXXX6593,Forgery,"FIR No. 1525/2026 records Amit Malik, age 47, as a person associated with the Delhi, Mayur Vihar area. The investigation record lists phone number 9130869224 and vehicle UP08CU3441. Records also mention an association with Metro Warehousing. The recorded case category is Forgery. A masked financial identifier XXXXXX6593 appears in the available records. Investigators are reviewing relevant locations, communications, meetings, and financial activity connected with this person. The available information is being cross-referenced with other FIRs, call records, transaction records, and meeting records for network analysis. These details represent investigative records and leads and are not, by themselves, a determination of guilt.",English
P0526,Deepak Chauhan,9526737563,44,"Greater Noida, Alpha 1",UP05GU1560,Metro Enterprises,XXXXXX2006,Narcotics-related offence,"FIR No. 1526/2026 records Deepak Chauhan, age 44, as a person associated with the Greater Noida, Alpha 1 area. The investigation record lists phone number 9526737563 and vehicle UP05GU1560. Records also mention an association with Metro Enterprises. The recorded case category is Narcotics-related offence. A masked financial identifier XXXXXX2006 appears in the available records. Investigators are reviewing relevant locations, communications, meetings, and financial activity connected with this person. The available information is being cross-referenced with other FIRs, call records, transaction records, and meeting records for network analysis. These details represent investigative records and leads and are not, by themselves, a determination of guilt.",Hindi
P0527,Varun Kumar,9532205930,36,"Noida, Sector 16",DL03VH4069,Shree Solutions,XXXXXX6574,Forgery,"FIR No. 1527/2026 records Varun Kumar, age 36, as a person associated with the Noida, Sector 16 area. The investigation record lists phone number 9532205930 and vehicle DL03VH4069. Records also mention an association with Shree Solutions. The recorded case category is Forgery. A masked financial identifier XXXXXX6574 appears in the available records. Investigators are reviewing relevant locations, communications, meetings, and financial activity connected with this person. The available information is being cross-referenced with other FIRs, call records, transaction records, and meeting records for network analysis. These details represent investigative records and leads and are not, by themselves, a determination of guilt.",Punjabi
P0528,Mohit Aggarwal,9965644804,31,"Delhi, Connaught Place",HR07QZ2138,Rapid Warehousing,XXXXXX7379,No recorded case in synthetic dataset,"FIR No. 1528/2026 records Mohit Aggarwal, age 31, as a person associated with the Delhi, Connaught Place area. The investigation record lists phone number 9965644804 and vehicle HR07QZ2138. Records also mention an association with Rapid Warehousing. The recorded case category is No recorded case in synthetic dataset. A masked financial identifier XXXXXX7379 appears in the available records. Investigators are reviewing relevant locations, communications, meetings, and financial activity connected with this person. The available information is being cross-referenced with other FIRs, call records, transaction records, and meeting records for network analysis. These details represent investigative records and leads and are not, by themselves, a determination of guilt.",
P0529,Rohan Jain,9546116895,45,"Noida, Sector 16",UP08SR5836,United Services,XXXXXX6348,Fraud,"FIR No. 1529/2026 records Rohan Jain, age 45, as a person associated with the Noida, Sector 16 area. The investigation record lists phone number 9546116895 and vehicle UP08SR5836. Records also mention an association with United Services. The recorded case category is Fraud. A masked financial identifier XXXXXX6348 appears in the available records. Investigators are reviewing relevant locations, communications, meetings, and financial activity connected with this person. The available information is being cross-referenced with other FIRs, call records, transaction records, and meeting records for network analysis. These details represent investigative records and leads and are not, by themselves, a determination of guilt.",Hindi
P0530,Varun Bhati,9659865869,20,"Delhi, Karol Bagh",UP05HR7402,Capital Trading,XXXXXX8027,Narcotics-related offence,"FIR No. 1530/2026 records Varun Bhati, age 20, as a person associated with the Delhi, Karol Bagh area. The investigation record lists phone number 9659865869 and vehicle UP05HR7402. Records also mention an association with Capital Trading. The recorded case category is Narcotics-related offence. A masked financial identifier XXXXXX8027 appears in the available records. Investigators are reviewing relevant locations, communications, meetings, and financial activity connected with this person. The available information is being cross-referenced with other FIRs, call records, transaction records, and meeting records for network analysis. These details represent investigative records and leads and are not, by themselves, a determination of guilt.",English
P0531,Ananya Saxena,9821682197,36,"Faridabad, Sector 37",HR05ZK8693,Trinity Suppliers,XXXXXX1935,Theft,"FIR No. 1531/2026 records Ananya Saxena, age 36, as a person associated with the Faridabad, Sector 37 area. The investigation record lists phone number 9821682197 and vehicle HR05ZK8693. Records also mention an association with Trinity Suppliers. The recorded case category is Theft. A masked financial identifier XXXXXX1935 appears in the available records. Investigators are reviewing relevant locations, communications, meetings, and financial activity connected with this person. The available information is being cross-referenced with other FIRs, call records, transaction records, and meeting records for network analysis. These details represent investigative records and leads and are not, by themselves, a determination of guilt.",Hindi
P0532,Manish Dahiya,9121453456,24,"Delhi, Dwarka",UP04KG3306,Prime Trading,XXXXXX8638,Fraud,"FIR No. 1532/2026 records Manish Dahiya, age 24, as a person associated with the Delhi, Dwarka area. The investigation record lists phone number 9121453456 and vehicle UP04KG3306. Records also mention an association with Prime Trading. The recorded case category is Fraud. A masked financial identifier XXXXXX8638 appears in the available records. Investigators are reviewing relevant locations, communications, meetings, and financial activity connected with this person. The available information is being cross-referenced with other FIRs, call records, transaction records, and meeting records for network analysis. These details represent investigative records and leads and are not, by themselves, a determination of guilt.",English
P0533,Manish Bhati,9554407566,41,"Noida, Sector 18",UP02TC1641,Evergreen Logistics,XXXXXX6399,Vehicle Theft,"FIR No. 1533/2026 records Manish Bhati, age 41, as a person associated with the Noida, Sector 18 area. The investigation record lists phone number 9554407566 and vehicle UP02TC1641. Records also mention an association with Evergreen Logistics. The recorded case category is Vehicle Theft. A masked financial identifier XXXXXX6399 appears in the available records. Investigators are reviewing relevant locations, communications, meetings, and financial activity connected with this person. The available information is being cross-referenced with other FIRs, call records, transaction records, and meeting records for network analysis. These details represent investigative records and leads and are not, by themselves, a determination of guilt.",Hindi
P0534,Sumit Rana,9535742210,56,"Gurugram, Sohna Road",UP05EU5927,United Enterprises,XXXXXX2000,Forgery,"FIR No. 1534/2026 records Sumit Rana, age 56, as a person associated with the Gurugram, Sohna Road area. The investigation record lists phone number 9535742210 and vehicle UP05EU5927. Records also mention an association with United Enterprises. The recorded case category is Forgery. A masked financial identifier XXXXXX2000 appears in the available records. Investigators are reviewing relevant locations, communications, meetings, and financial activity connected with this person. The available information is being cross-referenced with other FIRs, call records, transaction records, and meeting records for network analysis. These details represent investigative records and leads and are not, by themselves, a determination of guilt.",Punjabi
P0535,Vivaan Chaudhary,9781021202,20,"Gurugram, Sector 18",DL06WR9178,Evergreen Services,XXXXXX9454,Extortion,"FIR No. 1535/2026 records Vivaan Chaudhary, age 20, as a person associated with the Gurugram, Sector 18 area. The investigation record lists phone number 9781021202 and vehicle DL06WR9178. Records also mention an association with Evergreen Services. The recorded case category is Extortion. A masked financial identifier XXXXXX9454 appears in the available records. Investigators are reviewing relevant locations, communications, meetings, and financial activity connected with this person. The available information is being cross-referenced with other FIRs, call records, transaction records, and meeting records for network analysis. These details represent investigative records and leads and are not, by themselves, a determination of guilt.",Punjabi
P0536,Sumit Saini,9836348401,37,"Faridabad, NIT",UP05KW1801,Metro Trading,XXXXXX7221,No recorded case in synthetic dataset,"FIR No. 1536/2026 records Sumit Saini, age 37, as a person associated with the Faridabad, NIT area. The investigation record lists phone number 9836348401 and vehicle UP05KW1801. Records also mention an association with Metro Trading. The recorded case category is No recorded case in synthetic dataset. A masked financial identifier XXXXXX7221 appears in the available records. Investigators are reviewing relevant locations, communications, meetings, and financial activity connected with this person. The available information is being cross-referenced with other FIRs, call records, transaction records, and meeting records for network analysis. These details represent investigative records and leads and are not, by themselves, a determination of guilt.",
P0537,Shreya Saini,9946447595,25,"Ghaziabad, Indirapuram",HR07GS7688,Sahara Solutions,XXXXXX7531,Criminal Intimidation,"FIR No. 1537/2026 records Shreya Saini, age 25, as a person associated with the Ghaziabad, Indirapuram area. The investigation record lists phone number 9946447595 and vehicle HR07GS7688. Records also mention an association with Sahara Solutions. The recorded case category is Criminal Intimidation. A masked financial identifier XXXXXX7531 appears in the available records. Investigators are reviewing relevant locations, communications, meetings, and financial activity connected with this person. The available information is being cross-referenced with other FIRs, call records, transaction records, and meeting records for network analysis. These details represent investigative records and leads and are not, by themselves, a determination of guilt.",Hindi
P0538,Deepak Saini,9806971171,53,"Faridabad, Sector 37",UP07BG5046,Metro Warehousing,XXXXXX6191,No recorded case in synthetic dataset,"FIR No. 1538/2026 records Deepak Saini, age 53, as a person associated with the Faridabad, Sector 37 area. The investigation record lists phone number 9806971171 and vehicle UP07BG5046. Records also mention an association with Metro Warehousing. The recorded case category is No recorded case in synthetic dataset. A masked financial identifier XXXXXX6191 appears in the available records. Investigators are reviewing relevant locations, communications, meetings, and financial activity connected with this person. The available information is being cross-referenced with other FIRs, call records, transaction records, and meeting records for network analysis. These details represent investigative records and leads and are not, by themselves, a determination of guilt.",
P0539,Karan Rawat,9897792953,38,"Delhi, Mayur Vihar",HR05IE7673,Prime Transport,XXXXXX6999,No recorded case in synthetic dataset,"FIR No. 1539/2026 records Karan Rawat, age 38, as a person associated with the Delhi, Mayur Vihar area. The investigation record lists phone number 9897792953 and vehicle HR05IE7673. Records also mention an association with Prime Transport. The recorded case category is No recorded case in synthetic dataset. A masked financial identifier XXXXXX6999 appears in the available records. Investigators are reviewing relevant locations, communications, meetings, and financial activity connected with this person. The available information is being cross-referenced with other FIRs, call records, transaction records, and meeting records for network analysis. These details represent investigative records and leads and are not, by themselves, a determination of guilt.",
P0540,Isha Kumar,9909553404,49,"Ghaziabad, Indirapuram",HR07UA3737,Frontier Warehousing,XXXXXX7016,No recorded case in synthetic dataset,"FIR No. 1540/2026 records Isha Kumar, age 49, as a person associated with the Ghaziabad, Indirapuram area. The investigation record lists phone number 9909553404 and vehicle HR07UA3737. Records also mention an association with Frontier Warehousing. The recorded case category is No recorded case in synthetic dataset. A masked financial identifier XXXXXX7016 appears in the available records. Investigators are reviewing relevant locations, communications, meetings, and financial activity connected with this person. The available information is being cross-referenced with other FIRs, call records, transaction records, and meeting records for network analysis. These details represent investigative records and leads and are not, by themselves, a determination of guilt.",
P0541,Sumit Ahuja,9524943766,31,"Ghaziabad, Indirapuram",DL04HG6338,Trinity Transport,XXXXXX8286,No recorded case in synthetic dataset,"FIR No. 1541/2026 records Sumit Ahuja, age 31, as a person associated with the Ghaziabad, Indirapuram area. The investigation record lists phone number 9524943766 and vehicle DL04HG6338. Records also mention an association with Trinity Transport. The recorded case category is No recorded case in synthetic dataset. A masked financial identifier XXXXXX8286 appears in the available records. Investigators are reviewing relevant locations, communications, meetings, and financial activity connected with this person. The available information is being cross-referenced with other FIRs, call records, transaction records, and meeting records for network analysis. These details represent investigative records and leads and are not, by themselves, a determination of guilt.",
P0542,Aditi Rawat,9107933225,45,"Noida, Sector 63",HR01IA5792,United Solutions,XXXXXX4959,No recorded case in synthetic dataset,"FIR No. 1542/2026 records Aditi Rawat, age 45, as a person associated with the Noida, Sector 63 area. The investigation record lists phone number 9107933225 and vehicle HR01IA5792. Records also mention an association with United Solutions. The recorded case category is No recorded case in synthetic dataset. A masked financial identifier XXXXXX4959 appears in the available records. Investigators are reviewing relevant locations, communications, meetings, and financial activity connected with this person. The available information is being cross-referenced with other FIRs, call records, transaction records, and meeting records for network analysis. These details represent investigative records and leads and are not, by themselves, a determination of guilt.",
P0543,Deepak Malik,9917962458,36,"Noida, Sector 63",DL06ZZ2391,Capital Services,XXXXXX4826,Illegal Arms Possession,"FIR No. 1543/2026 records Deepak Malik, age 36, as a person associated with the Noida, Sector 63 area. The investigation record lists phone number 9917962458 and vehicle DL06ZZ2391. Records also mention an association with Capital Services. The recorded case category is Illegal Arms Possession. A masked financial identifier XXXXXX4826 appears in the available records. Investigators are reviewing relevant locations, communications, meetings, and financial activity connected with this person. The available information is being cross-referenced with other FIRs, call records, transaction records, and meeting records for network analysis. These details represent investigative records and leads and are not, by themselves, a determination of guilt.",Hindi
P0544,Yash Chauhan,9893384900,26,"Gurugram, Sohna Road",DL03QI4397,Capital Suppliers,XXXXXX9391,Forgery,"FIR No. 1544/2026 records Yash Chauhan, age 26, as a person associated with the Gurugram, Sohna Road area. The investigation record lists phone number 9893384900 and vehicle DL03QI4397. Records also mention an association with Capital Suppliers. The recorded case category is Forgery. A masked financial identifier XXXXXX9391 appears in the available records. Investigators are reviewing relevant locations, communications, meetings, and financial activity connected with this person. The available information is being cross-referenced with other FIRs, call records, transaction records, and meeting records for network analysis. These details represent investigative records and leads and are not, by themselves, a determination of guilt.",Hindi
P0545,Manish Ahuja,9935086280,39,"Gurugram, Sector 29",UP09ED9623,Rapid Enterprises,XXXXXX8069,No recorded case in synthetic dataset,"FIR No. 1545/2026 records Manish Ahuja, age 39, as a person associated with the Gurugram, Sector 29 area. The investigation record lists phone number 9935086280 and vehicle UP09ED9623. Records also mention an association with Rapid Enterprises. The recorded case category is No recorded case in synthetic dataset. A masked financial identifier XXXXXX8069 appears in the available records. Investigators are reviewing relevant locations, communications, meetings, and financial activity connected with this person. The available information is being cross-referenced with other FIRs, call records, transaction records, and meeting records for network analysis. These details represent investigative records and leads and are not, by themselves, a determination of guilt.",
P0546,Arjun Bansal,9967102137,24,"Delhi, Najafgarh",DL09MW1814,Metro Solutions,XXXXXX9031,Vehicle Theft,"FIR No. 1546/2026 records Arjun Bansal, age 24, as a person associated with the Delhi, Najafgarh area. The investigation record lists phone number 9967102137 and vehicle DL09MW1814. Records also mention an association with Metro Solutions. The recorded case category is Vehicle Theft. A masked financial identifier XXXXXX9031 appears in the available records. Investigators are reviewing relevant locations, communications, meetings, and financial activity connected with this person. The available information is being cross-referenced with other FIRs, call records, transaction records, and meeting records for network analysis. These details represent investigative records and leads and are not, by themselves, a determination of guilt.",English
P0547,Pooja Malik,9805416293,23,"Gurugram, Sector 14",HR05HB1869,Blue Transport,XXXXXX8871,No recorded case in synthetic dataset,"FIR No. 1547/2026 records Pooja Malik, age 23, as a person associated with the Gurugram, Sector 14 area. The investigation record lists phone number 9805416293 and vehicle HR05HB1869. Records also mention an association with Blue Transport. The recorded case category is No recorded case in synthetic dataset. A masked financial identifier XXXXXX8871 appears in the available records. Investigators are reviewing relevant locations, communications, meetings, and financial activity connected with this person. The available information is being cross-referenced with other FIRs, call records, transaction records, and meeting records for network analysis. These details represent investigative records and leads and are not, by themselves, a determination of guilt.",
P0548,Priya Saini,9452202406,39,"Faridabad, Sector 15",UP04HB9123,Prime Solutions,XXXXXX7117,Robbery,"FIR No. 1548/2026 records Priya Saini, age 39, as a person associated with the Faridabad, Sector 15 area. The investigation record lists phone number 9452202406 and vehicle UP04HB9123. Records also mention an association with Prime Solutions. The recorded case category is Robbery. A masked financial identifier XXXXXX7117 appears in the available records. Investigators are reviewing relevant locations, communications, meetings, and financial activity connected with this person. The available information is being cross-referenced with other FIRs, call records, transaction records, and meeting records for network analysis. These details represent investigative records and leads and are not, by themselves, a determination of guilt.",Hindi
P0549,Vikas Bhati,9700481113,46,"Gurugram, Udyog Vihar",HR08DK3520,Crown Suppliers,XXXXXX9833,Narcotics-related offence,"FIR No. 1549/2026 records Vikas Bhati, age 46, as a person associated with the Gurugram, Udyog Vihar area. The investigation record lists phone number 9700481113 and vehicle HR08DK3520. Records also mention an association with Crown Suppliers. The recorded case category is Narcotics-related offence. A masked financial identifier XXXXXX9833 appears in the available records. Investigators are reviewing relevant locations, communications, meetings, and financial activity connected with this person. The available information is being cross-referenced with other FIRs, call records, transaction records, and meeting records for network analysis. These details represent investigative records and leads and are not, by themselves, a determination of guilt.",Hindi
P0550,Sonam Bhardwaj,9375071287,34,"Delhi, Najafgarh",UP08JI7292,Shree Warehousing,XXXXXX7000,Fraud,"FIR No. 1550/2026 records Sonam Bhardwaj, age 34, as a person associated with the Delhi, Najafgarh area. The investigation record lists phone number 9375071287 and vehicle UP08JI7292. Records also mention an association with Shree Warehousing. The recorded case category is Fraud. A masked financial identifier XXXXXX7000 appears in the available records. Investigators are reviewing relevant locations, communications, meetings, and financial activity connected with this person. The available information is being cross-referenced with other FIRs, call records, transaction records, and meeting records for network analysis. These details represent investigative records and leads and are not, by themselves, a determination of guilt.",Hindi
P0551,Shreya Pandey,9995374361,53,"Ghaziabad, Crossings Republik",DL07QZ4874,Trinity Logistics,XXXXXX5827,Fraud,"FIR No. 1551/2026 records Shreya Pandey, age 53, as a person associated with the Ghaziabad, Crossings Republik area. The investigation record lists phone number 9995374361 and vehicle DL07QZ4874. Records also mention an association with Trinity Logistics. The recorded case category is Fraud. A masked financial identifier XXXXXX5827 appears in the available records. Investigators are reviewing relevant locations, communications, meetings, and financial activity connected with this person. The available information is being cross-referenced with other FIRs, call records, transaction records, and meeting records for network analysis. These details represent investigative records and leads and are not, by themselves, a determination of guilt.",English
P0552,Pooja Saxena,9658435427,25,"Gurugram, DLF Phase 2",DL05DL1277,National Warehousing,XXXXXX5629,No recorded case in synthetic dataset,"FIR No. 1552/2026 records Pooja Saxena, age 25, as a person associated with the Gurugram, DLF Phase 2 area. The investigation record lists phone number 9658435427 and vehicle DL05DL1277. Records also mention an association with National Warehousing. The recorded case category is No recorded case in synthetic dataset. A masked financial identifier XXXXXX5629 appears in the available records. Investigators are reviewing relevant locations, communications, meetings, and financial activity connected with this person. The available information is being cross-referenced with other FIRs, call records, transaction records, and meeting records for network analysis. These details represent investigative records and leads and are not, by themselves, a determination of guilt.",
P0553,Ravi Sharma,9830827010,53,"Faridabad, Sector 15",DL07RX5743,City Logistics,XXXXXX2166,No recorded case in synthetic dataset,"FIR No. 1553/2026 records Ravi Sharma, age 53, as a person associated with the Faridabad, Sector 15 area. The investigation record lists phone number 9830827010 and vehicle DL07RX5743. Records also mention an association with City Logistics. The recorded case category is No recorded case in synthetic dataset. A masked financial identifier XXXXXX2166 appears in the available records. Investigators are reviewing relevant locations, communications, meetings, and financial activity connected with this person. The available information is being cross-referenced with other FIRs, call records, transaction records, and meeting records for network analysis. These details represent investigative records and leads and are not, by themselves, a determination of guilt.",
P0554,Deepak Yadav,9199619576,26,"Noida, Sector 63",UP05PV2770,Royal Services,XXXXXX6347,Narcotics-related offence,"FIR No. 1554/2026 records Deepak Yadav, age 26, as a person associated with the Noida, Sector 63 area. The investigation record lists phone number 9199619576 and vehicle UP05PV2770. Records also mention an association with Royal Services. The recorded case category is Narcotics-related offence. A masked financial identifier XXXXXX6347 appears in the available records. Investigators are reviewing relevant locations, communications, meetings, and financial activity connected with this person. The available information is being cross-referenced with other FIRs, call records, transaction records, and meeting records for network analysis. These details represent investigative records and leads and are not, by themselves, a determination of guilt.",Punjabi
P0555,Pooja Tyagi,9141565219,28,"Delhi, Saket",HR04EC4966,National Services,XXXXXX4275,No recorded case in synthetic dataset,"FIR No. 1555/2026 records Pooja Tyagi, age 28, as a person associated with the Delhi, Saket area. The investigation record lists phone number 9141565219 and vehicle HR04EC4966. Records also mention an association with National Services. The recorded case category is No recorded case in synthetic dataset. A masked financial identifier XXXXXX4275 appears in the available records. Investigators are reviewing relevant locations, communications, meetings, and financial activity connected with this person. The available information is being cross-referenced with other FIRs, call records, transaction records, and meeting records for network analysis. These details represent investigative records and leads and are not, by themselves, a determination of guilt.",
P0556,Rohan Bansal,9230704612,24,"Delhi, Najafgarh",DL06MC1187,Star Suppliers,XXXXXX4111,No recorded case in synthetic dataset,"FIR No. 1556/2026 records Rohan Bansal, age 24, as a person associated with the Delhi, Najafgarh area. The investigation record lists phone number 9230704612 and vehicle DL06MC1187. Records also mention an association with Star Suppliers. The recorded case category is No recorded case in synthetic dataset. A masked financial identifier XXXXXX4111 appears in the available records. Investigators are reviewing relevant locations, communications, meetings, and financial activity connected with this person. The available information is being cross-referenced with other FIRs, call records, transaction records, and meeting records for network analysis. These details represent investigative records and leads and are not, by themselves, a determination of guilt.",
P0557,Simran Meena,9419231263,25,"Faridabad, NIT",UP02UF9500,Star Solutions,XXXXXX6747,No recorded case in synthetic dataset,"FIR No. 1557/2026 records Simran Meena, age 25, as a person associated with the Faridabad, NIT area. The investigation record lists phone number 9419231263 and vehicle UP02UF9500. Records also mention an association with Star Solutions. The recorded case category is No recorded case in synthetic dataset. A masked financial identifier XXXXXX6747 appears in the available records. Investigators are reviewing relevant locations, communications, meetings, and financial activity connected with this person. The available information is being cross-referenced with other FIRs, call records, transaction records, and meeting records for network analysis. These details represent investigative records and leads and are not, by themselves, a determination of guilt.",
P0558,Jyoti Meena,9100607561,57,"Gurugram, Sector 18",HR07YV6667,Rapid Warehousing,XXXXXX8284,Narcotics-related offence,"FIR No. 1558/2026 records Jyoti Meena, age 57, as a person associated with the Gurugram, Sector 18 area. The investigation record lists phone number 9100607561 and vehicle HR07YV6667. Records also mention an association with Rapid Warehousing. The recorded case category is Narcotics-related offence. A masked financial identifier XXXXXX8284 appears in the available records. Investigators are reviewing relevant locations, communications, meetings, and financial activity connected with this person. The available information is being cross-referenced with other FIRs, call records, transaction records, and meeting records for network analysis. These details represent investigative records and leads and are not, by themselves, a determination of guilt.",Hindi
P0559,Rohan Goyal,9660297146,48,"Delhi, Karol Bagh",UP04MS2328,Shree Suppliers,XXXXXX1982,Fraud,"FIR No. 1559/2026 records Rohan Goyal, age 48, as a person associated with the Delhi, Karol Bagh area. The investigation record lists phone number 9660297146 and vehicle UP04MS2328. Records also mention an association with Shree Suppliers. The recorded case category is Fraud. A masked financial identifier XXXXXX1982 appears in the available records. Investigators are reviewing relevant locations, communications, meetings, and financial activity connected with this person. The available information is being cross-referenced with other FIRs, call records, transaction records, and meeting records for network analysis. These details represent investigative records and leads and are not, by themselves, a determination of guilt.",English
P0560,Divya Meena,9390823875,51,"Gurugram, Sector 18",DL01RX2801,Capital Logistics,XXXXXX7715,No recorded case in synthetic dataset,"FIR No. 1560/2026 records Divya Meena, age 51, as a person associated with the Gurugram, Sector 18 area. The investigation record lists phone number 9390823875 and vehicle DL01RX2801. Records also mention an association with Capital Logistics. The recorded case category is No recorded case in synthetic dataset. A masked financial identifier XXXXXX7715 appears in the available records. Investigators are reviewing relevant locations, communications, meetings, and financial activity connected with this person. The available information is being cross-referenced with other FIRs, call records, transaction records, and meeting records for network analysis. These details represent investigative records and leads and are not, by themselves, a determination of guilt.",
P0561,Preeti Mishra,9300366193,33,"Gurugram, Udyog Vihar",HR03QU2665,City Services,XXXXXX2121,No recorded case in synthetic dataset,"FIR No. 1561/2026 records Preeti Mishra, age 33, as a person associated with the Gurugram, Udyog Vihar area. The investigation record lists phone number 9300366193 and vehicle HR03QU2665. Records also mention an association with City Services. The recorded case category is No recorded case in synthetic dataset. A masked financial identifier XXXXXX2121 appears in the available records. Investigators are reviewing relevant locations, communications, meetings, and financial activity connected with this person. The available information is being cross-referenced with other FIRs, call records, transaction records, and meeting records for network analysis. These details represent investigative records and leads and are not, by themselves, a determination of guilt.",
P0562,Ananya Rawat,9449566055,44,"Delhi, Karol Bagh",DL05RI9322,Trinity Trading,XXXXXX3257,Fraud,"FIR No. 1562/2026 records Ananya Rawat, age 44, as a person associated with the Delhi, Karol Bagh area. The investigation record lists phone number 9449566055 and vehicle DL05RI9322. Records also mention an association with Trinity Trading. The recorded case category is Fraud. A masked financial identifier XXXXXX3257 appears in the available records. Investigators are reviewing relevant locations, communications, meetings, and financial activity connected with this person. The available information is being cross-referenced with other FIRs, call records, transaction records, and meeting records for network analysis. These details represent investigative records and leads and are not, by themselves, a determination of guilt.",Punjabi
P0563,Mehak Narang,9697426503,40,"Noida, Sector 18",UP08HM7366,Prime Suppliers,XXXXXX2240,Extortion,"FIR No. 1563/2026 records Mehak Narang, age 40, as a person associated with the Noida, Sector 18 area. The investigation record lists phone number 9697426503 and vehicle UP08HM7366. Records also mention an association with Prime Suppliers. The recorded case category is Extortion. A masked financial identifier XXXXXX2240 appears in the available records. Investigators are reviewing relevant locations, communications, meetings, and financial activity connected with this person. The available information is being cross-referenced with other FIRs, call records, transaction records, and meeting records for network analysis. These details represent investigative records and leads and are not, by themselves, a determination of guilt.",Hindi
P0564,Mohit Rana,9427235074,20,"Noida, Sector 16",HR09NS2274,Star Trading,XXXXXX6131,Extortion,"FIR No. 1564/2026 records Mohit Rana, age 20, as a person associated with the Noida, Sector 16 area. The investigation record lists phone number 9427235074 and vehicle HR09NS2274. Records also mention an association with Star Trading. The recorded case category is Extortion. A masked financial identifier XXXXXX6131 appears in the available records. Investigators are reviewing relevant locations, communications, meetings, and financial activity connected with this person. The available information is being cross-referenced with other FIRs, call records, transaction records, and meeting records for network analysis. These details represent investigative records and leads and are not, by themselves, a determination of guilt.",English
P0565,Manish Narang,9404230888,28,"Delhi, Karol Bagh",DL08JE4299,Galaxy Solutions,XXXXXX5829,No recorded case in synthetic dataset,"FIR No. 1565/2026 records Manish Narang, age 28, as a person associated with the Delhi, Karol Bagh area. The investigation record lists phone number 9404230888 and vehicle DL08JE4299. Records also mention an association with Galaxy Solutions. The recorded case category is No recorded case in synthetic dataset. A masked financial identifier XXXXXX5829 appears in the available records. Investigators are reviewing relevant locations, communications, meetings, and financial activity connected with this person. The available information is being cross-referenced with other FIRs, call records, transaction records, and meeting records for network analysis. These details represent investigative records and leads and are not, by themselves, a determination of guilt.",
P0566,Isha Rana,9618348379,37,"Delhi, Dwarka",HR07YY7228,Prime Services,XXXXXX4106,Extortion,"FIR No. 1566/2026 records Isha Rana, age 37, as a person associated with the Delhi, Dwarka area. The investigation record lists phone number 9618348379 and vehicle HR07YY7228. Records also mention an association with Prime Services. The recorded case category is Extortion. A masked financial identifier XXXXXX4106 appears in the available records. Investigators are reviewing relevant locations, communications, meetings, and financial activity connected with this person. The available information is being cross-referenced with other FIRs, call records, transaction records, and meeting records for network analysis. These details represent investigative records and leads and are not, by themselves, a determination of guilt.",Hindi
P0567,Priya Tyagi,9221263999,21,"Delhi, Najafgarh",UP08WU8274,City Transport,XXXXXX6630,No recorded case in synthetic dataset,"FIR No. 1567/2026 records Priya Tyagi, age 21, as a person associated with the Delhi, Najafgarh area. The investigation record lists phone number 9221263999 and vehicle UP08WU8274. Records also mention an association with City Transport. The recorded case category is No recorded case in synthetic dataset. A masked financial identifier XXXXXX6630 appears in the available records. Investigators are reviewing relevant locations, communications, meetings, and financial activity connected with this person. The available information is being cross-referenced with other FIRs, call records, transaction records, and meeting records for network analysis. These details represent investigative records and leads and are not, by themselves, a determination of guilt.",
P0568,Preeti Ahuja,9600278881,49,"Gurugram, Udyog Vihar",UP06JC5796,North Logistics,XXXXXX6285,Vehicle Theft,"FIR No. 1568/2026 records Preeti Ahuja, age 49, as a person associated with the Gurugram, Udyog Vihar area. The investigation record lists phone number 9600278881 and vehicle UP06JC5796. Records also mention an association with North Logistics. The recorded case category is Vehicle Theft. A masked financial identifier XXXXXX6285 appears in the available records. Investigators are reviewing relevant locations, communications, meetings, and financial activity connected with this person. The available information is being cross-referenced with other FIRs, call records, transaction records, and meeting records for network analysis. These details represent investigative records and leads and are not, by themselves, a determination of guilt.",Hindi
P0569,Rohan Aggarwal,9175239292,36,"Greater Noida, Pari Chowk",UP01BK7085,National Enterprises,XXXXXX8037,Robbery,"FIR No. 1569/2026 records Rohan Aggarwal, age 36, as a person associated with the Greater Noida, Pari Chowk area. The investigation record lists phone number 9175239292 and vehicle UP01BK7085. Records also mention an association with National Enterprises. The recorded case category is Robbery. A masked financial identifier XXXXXX8037 appears in the available records. Investigators are reviewing relevant locations, communications, meetings, and financial activity connected with this person. The available information is being cross-referenced with other FIRs, call records, transaction records, and meeting records for network analysis. These details represent investigative records and leads and are not, by themselves, a determination of guilt.",English
P0570,Arjun Verma,9666291745,58,"Gurugram, Sector 14",HR04KH4746,Capital Warehousing,XXXXXX4935,No recorded case in synthetic dataset,"FIR No. 1570/2026 records Arjun Verma, age 58, as a person associated with the Gurugram, Sector 14 area. The investigation record lists phone number 9666291745 and vehicle HR04KH4746. Records also mention an association with Capital Warehousing. The recorded case category is No recorded case in synthetic dataset. A masked financial identifier XXXXXX4935 appears in the available records. Investigators are reviewing relevant locations, communications, meetings, and financial activity connected with this person. The available information is being cross-referenced with other FIRs, call records, transaction records, and meeting records for network analysis. These details represent investigative records and leads and are not, by themselves, a determination of guilt.",
P0571,Yash Saxena,9784393267,53,"Delhi, Najafgarh",UP01TX1349,Rapid Logistics,XXXXXX4470,Criminal Intimidation,"FIR No. 1571/2026 records Yash Saxena, age 53, as a person associated with the Delhi, Najafgarh area. The investigation record lists phone number 9784393267 and vehicle UP01TX1349. Records also mention an association with Rapid Logistics. The recorded case category is Criminal Intimidation. A masked financial identifier XXXXXX4470 appears in the available records. Investigators are reviewing relevant locations, communications, meetings, and financial activity connected with this person. The available information is being cross-referenced with other FIRs, call records, transaction records, and meeting records for network analysis. These details represent investigative records and leads and are not, by themselves, a determination of guilt.",English
P0572,Riya Aggarwal,9163778070,24,"Greater Noida, Knowledge Park",DL09KI7402,National Services,XXXXXX4458,Theft,"FIR No. 1572/2026 records Riya Aggarwal, age 24, as a person associated with the Greater Noida, Knowledge Park area. The investigation record lists phone number 9163778070 and vehicle DL09KI7402. Records also mention an association with National Services. The recorded case category is Theft. A masked financial identifier XXXXXX4458 appears in the available records. Investigators are reviewing relevant locations, communications, meetings, and financial activity connected with this person. The available information is being cross-referenced with other FIRs, call records, transaction records, and meeting records for network analysis. These details represent investigative records and leads and are not, by themselves, a determination of guilt.",Punjabi
P0573,Neha Gupta,9152865425,55,"Noida, Sector 18",DL08IE3115,Metro Trading,XXXXXX8301,Vehicle Theft,"FIR No. 1573/2026 records Neha Gupta, age 55, as a person associated with the Noida, Sector 18 area. The investigation record lists phone number 9152865425 and vehicle DL08IE3115. Records also mention an association with Metro Trading. The recorded case category is Vehicle Theft. A masked financial identifier XXXXXX8301 appears in the available records. Investigators are reviewing relevant locations, communications, meetings, and financial activity connected with this person. The available information is being cross-referenced with other FIRs, call records, transaction records, and meeting records for network analysis. These details represent investigative records and leads and are not, by themselves, a determination of guilt.",English
P0574,Varun Pandey,9420500473,32,"Delhi, Mayur Vihar",HR08VV9374,Metro Warehousing,XXXXXX1160,Fraud,"FIR No. 1574/2026 records Varun Pandey, age 32, as a person associated with the Delhi, Mayur Vihar area. The investigation record lists phone number 9420500473 and vehicle HR08VV9374. Records also mention an association with Metro Warehousing. The recorded case category is Fraud. A masked financial identifier XXXXXX1160 appears in the available records. Investigators are reviewing relevant locations, communications, meetings, and financial activity connected with this person. The available information is being cross-referenced with other FIRs, call records, transaction records, and meeting records for network analysis. These details represent investigative records and leads and are not, by themselves, a determination of guilt.",Hindi
P0575,Saurabh Ahuja,9980483001,55,"Ghaziabad, Raj Nagar",DL01BW9636,National Solutions,XXXXXX9641,Forgery,"FIR No. 1575/2026 records Saurabh Ahuja, age 55, as a person associated with the Ghaziabad, Raj Nagar area. The investigation record lists phone number 9980483001 and vehicle DL01BW9636. Records also mention an association with National Solutions. The recorded case category is Forgery. A masked financial identifier XXXXXX9641 appears in the available records. Investigators are reviewing relevant locations, communications, meetings, and financial activity connected with this person. The available information is being cross-referenced with other FIRs, call records, transaction records, and meeting records for network analysis. These details represent investigative records and leads and are not, by themselves, a determination of guilt.",English
P0576,Karan Narang,9818138951,24,"Ghaziabad, Vaishali",UP03KF6008,United Trading,XXXXXX1195,No recorded case in synthetic dataset,"FIR No. 1576/2026 records Karan Narang, age 24, as a person associated with the Ghaziabad, Vaishali area. The investigation record lists phone number 9818138951 and vehicle UP03KF6008. Records also mention an association with United Trading. The recorded case category is No recorded case in synthetic dataset. A masked financial identifier XXXXXX1195 appears in the available records. Investigators are reviewing relevant locations, communications, meetings, and financial activity connected with this person. The available information is being cross-referenced with other FIRs, call records, transaction records, and meeting records for network analysis. These details represent investigative records and leads and are not, by themselves, a determination of guilt.",
P0577,Muskan Tiwari,9912223753,34,"Gurugram, Sector 14",HR07JV4831,Rapid Warehousing,XXXXXX8995,No recorded case in synthetic dataset,"FIR No. 1577/2026 records Muskan Tiwari, age 34, as a person associated with the Gurugram, Sector 14 area. The investigation record lists phone number 9912223753 and vehicle HR07JV4831. Records also mention an association with Rapid Warehousing. The recorded case category is No recorded case in synthetic dataset. A masked financial identifier XXXXXX8995 appears in the available records. Investigators are reviewing relevant locations, communications, meetings, and financial activity connected with this person. The available information is being cross-referenced with other FIRs, call records, transaction records, and meeting records for network analysis. These details represent investigative records and leads and are not, by themselves, a determination of guilt.",
P0578,Arjun Bhardwaj,9462899693,31,"Greater Noida, Knowledge Park",UP08GU8364,National Solutions,XXXXXX2171,No recorded case in synthetic dataset,"FIR No. 1578/2026 records Arjun Bhardwaj, age 31, as a person associated with the Greater Noida, Knowledge Park area. The investigation record lists phone number 9462899693 and vehicle UP08GU8364. Records also mention an association with National Solutions. The recorded case category is No recorded case in synthetic dataset. A masked financial identifier XXXXXX2171 appears in the available records. Investigators are reviewing relevant locations, communications, meetings, and financial activity connected with this person. The available information is being cross-referenced with other FIRs, call records, transaction records, and meeting records for network analysis. These details represent investigative records and leads and are not, by themselves, a determination of guilt.",
P0579,Tanya Mishra,9107025622,29,"Greater Noida, Pari Chowk",UP02QN3991,Sahara Transport,XXXXXX2004,Theft,"FIR No. 1579/2026 records Tanya Mishra, age 29, as a person associated with the Greater Noida, Pari Chowk area. The investigation record lists phone number 9107025622 and vehicle UP02QN3991. Records also mention an association with Sahara Transport. The recorded case category is Theft. A masked financial identifier XXXXXX2004 appears in the available records. Investigators are reviewing relevant locations, communications, meetings, and financial activity connected with this person. The available information is being cross-referenced with other FIRs, call records, transaction records, and meeting records for network analysis. These details represent investigative records and leads and are not, by themselves, a determination of guilt.",English
P0580,Ravi Meena,9239527441,36,"Ghaziabad, Kaushambi",DL07HV5670,Star Enterprises,XXXXXX5957,Fraud,"FIR No. 1580/2026 records Ravi Meena, age 36, as a person associated with the Ghaziabad, Kaushambi area. The investigation record lists phone number 9239527441 and vehicle DL07HV5670. Records also mention an association with Star Enterprises. The recorded case category is Fraud. A masked financial identifier XXXXXX5957 appears in the available records. Investigators are reviewing relevant locations, communications, meetings, and financial activity connected with this person. The available information is being cross-referenced with other FIRs, call records, transaction records, and meeting records for network analysis. These details represent investigative records and leads and are not, by themselves, a determination of guilt.",English
P0581,Preeti Gupta,9836819030,43,"Delhi, Pitampura",HR02FT8109,Star Logistics,XXXXXX3390,No recorded case in synthetic dataset,"FIR No. 1581/2026 records Preeti Gupta, age 43, as a person associated with the Delhi, Pitampura area. The investigation record lists phone number 9836819030 and vehicle HR02FT8109. Records also mention an association with Star Logistics. The recorded case category is No recorded case in synthetic dataset. A masked financial identifier XXXXXX3390 appears in the available records. Investigators are reviewing relevant locations, communications, meetings, and financial activity connected with this person. The available information is being cross-referenced with other FIRs, call records, transaction records, and meeting records for network analysis. These details represent investigative records and leads and are not, by themselves, a determination of guilt.",
P0582,Sonam Kapoor,9717525759,39,"Faridabad, Sector 37",UP05RG7787,Capital Solutions,XXXXXX9142,No recorded case in synthetic dataset,"FIR No. 1582/2026 records Sonam Kapoor, age 39, as a person associated with the Faridabad, Sector 37 area. The investigation record lists phone number 9717525759 and vehicle UP05RG7787. Records also mention an association with Capital Solutions. The recorded case category is No recorded case in synthetic dataset. A masked financial identifier XXXXXX9142 appears in the available records. Investigators are reviewing relevant locations, communications, meetings, and financial activity connected with this person. The available information is being cross-referenced with other FIRs, call records, transaction records, and meeting records for network analysis. These details represent investigative records and leads and are not, by themselves, a determination of guilt.",
P0583,Varun Sharma,9452461717,56,"Gurugram, DLF Phase 3",UP09II7835,Rapid Transport,XXXXXX3628,Illegal Arms Possession,"FIR No. 1583/2026 records Varun Sharma, age 56, as a person associated with the Gurugram, DLF Phase 3 area. The investigation record lists phone number 9452461717 and vehicle UP09II7835. Records also mention an association with Rapid Transport. The recorded case category is Illegal Arms Possession. A masked financial identifier XXXXXX3628 appears in the available records. Investigators are reviewing relevant locations, communications, meetings, and financial activity connected with this person. The available information is being cross-referenced with other FIRs, call records, transaction records, and meeting records for network analysis. These details represent investigative records and leads and are not, by themselves, a determination of guilt.",Hindi
P0584,Manish Chauhan,9451470572,48,"Delhi, Laxmi Nagar",HR08IO2129,Metro Solutions,XXXXXX4323,Cyber Fraud,"FIR No. 1584/2026 records Manish Chauhan, age 48, as a person associated with the Delhi, Laxmi Nagar area. The investigation record lists phone number 9451470572 and vehicle HR08IO2129. Records also mention an association with Metro Solutions. The recorded case category is Cyber Fraud. A masked financial identifier XXXXXX4323 appears in the available records. Investigators are reviewing relevant locations, communications, meetings, and financial activity connected with this person. The available information is being cross-referenced with other FIRs, call records, transaction records, and meeting records for network analysis. These details represent investigative records and leads and are not, by themselves, a determination of guilt.",English
P0585,Sonam Kumar,9175361891,36,"Delhi, Najafgarh",UP03YV5130,Galaxy Services,XXXXXX3396,No recorded case in synthetic dataset,"FIR No. 1585/2026 records Sonam Kumar, age 36, as a person associated with the Delhi, Najafgarh area. The investigation record lists phone number 9175361891 and vehicle UP03YV5130. Records also mention an association with Galaxy Services. The recorded case category is No recorded case in synthetic dataset. A masked financial identifier XXXXXX3396 appears in the available records. Investigators are reviewing relevant locations, communications, meetings, and financial activity connected with this person. The available information is being cross-referenced with other FIRs, call records, transaction records, and meeting records for network analysis. These details represent investigative records and leads and are not, by themselves, a determination of guilt.",
P0586,Deepak Gupta,9490479594,21,"Gurugram, Sector 14",HR07DA7782,Shree Transport,XXXXXX2663,No recorded case in synthetic dataset,"FIR No. 1586/2026 records Deepak Gupta, age 21, as a person associated with the Gurugram, Sector 14 area. The investigation record lists phone number 9490479594 and vehicle HR07DA7782. Records also mention an association with Shree Transport. The recorded case category is No recorded case in synthetic dataset. A masked financial identifier XXXXXX2663 appears in the available records. Investigators are reviewing relevant locations, communications, meetings, and financial activity connected with this person. The available information is being cross-referenced with other FIRs, call records, transaction records, and meeting records for network analysis. These details represent investigative records and leads and are not, by themselves, a determination of guilt.",
P0587,Vikas Jain,9394579912,53,"Noida, Sector 15",HR09PE8169,Metro Suppliers,XXXXXX4707,No recorded case in synthetic dataset,"FIR No. 1587/2026 records Vikas Jain, age 53, as a person associated with the Noida, Sector 15 area. The investigation record lists phone number 9394579912 and vehicle HR09PE8169. Records also mention an association with Metro Suppliers. The recorded case category is No recorded case in synthetic dataset. A masked financial identifier XXXXXX4707 appears in the available records. Investigators are reviewing relevant locations, communications, meetings, and financial activity connected with this person. The available information is being cross-referenced with other FIRs, call records, transaction records, and meeting records for network analysis. These details represent investigative records and leads and are not, by themselves, a determination of guilt.",
P0588,Sakshi Arora,9101727706,44,"Ghaziabad, Crossings Republik",DL05QF6587,Prime Suppliers,XXXXXX7852,Vehicle Theft,"FIR No. 1588/2026 records Sakshi Arora, age 44, as a person associated with the Ghaziabad, Crossings Republik area. The investigation record lists phone number 9101727706 and vehicle DL05QF6587. Records also mention an association with Prime Suppliers. The recorded case category is Vehicle Theft. A masked financial identifier XXXXXX7852 appears in the available records. Investigators are reviewing relevant locations, communications, meetings, and financial activity connected with this person. The available information is being cross-referenced with other FIRs, call records, transaction records, and meeting records for network analysis. These details represent investigative records and leads and are not, by themselves, a determination of guilt.",Hindi
P0589,Amit Jain,9303430954,31,"Noida, Sector 63",DL05HL6693,Prime Transport,XXXXXX8670,Vehicle Theft,"FIR No. 1589/2026 records Amit Jain, age 31, as a person associated with the Noida, Sector 63 area. The investigation record lists phone number 9303430954 and vehicle DL05HL6693. Records also mention an association with Prime Transport. The recorded case category is Vehicle Theft. A masked financial identifier XXXXXX8670 appears in the available records. Investigators are reviewing relevant locations, communications, meetings, and financial activity connected with this person. The available information is being cross-referenced with other FIRs, call records, transaction records, and meeting records for network analysis. These details represent investigative records and leads and are not, by themselves, a determination of guilt.",English
P0590,Varun Saini,9695621909,31,"Delhi, Shahdara",UP02VI2270,North Logistics,XXXXXX3478,Forgery,"FIR No. 1590/2026 records Varun Saini, age 31, as a person associated with the Delhi, Shahdara area. The investigation record lists phone number 9695621909 and vehicle UP02VI2270. Records also mention an association with North Logistics. The recorded case category is Forgery. A masked financial identifier XXXXXX3478 appears in the available records. Investigators are reviewing relevant locations, communications, meetings, and financial activity connected with this person. The available information is being cross-referenced with other FIRs, call records, transaction records, and meeting records for network analysis. These details represent investigative records and leads and are not, by themselves, a determination of guilt.",English
P0591,Komal Kumar,9373252470,40,"Ghaziabad, Indirapuram",UP06EE6275,Evergreen Transport,XXXXXX9680,No recorded case in synthetic dataset,"FIR No. 1591/2026 records Komal Kumar, age 40, as a person associated with the Ghaziabad, Indirapuram area. The investigation record lists phone number 9373252470 and vehicle UP06EE6275. Records also mention an association with Evergreen Transport. The recorded case category is No recorded case in synthetic dataset. A masked financial identifier XXXXXX9680 appears in the available records. Investigators are reviewing relevant locations, communications, meetings, and financial activity connected with this person. The available information is being cross-referenced with other FIRs, call records, transaction records, and meeting records for network analysis. These details represent investigative records and leads and are not, by themselves, a determination of guilt.",
P0592,Sumit Goyal,9115604425,34,"Noida, Sector 18",DL05RZ4261,Crown Solutions,XXXXXX4842,Extortion,"FIR No. 1592/2026 records Sumit Goyal, age 34, as a person associated with the Noida, Sector 18 area. The investigation record lists phone number 9115604425 and vehicle DL05RZ4261. Records also mention an association with Crown Solutions. The recorded case category is Extortion. A masked financial identifier XXXXXX4842 appears in the available records. Investigators are reviewing relevant locations, communications, meetings, and financial activity connected with this person. The available information is being cross-referenced with other FIRs, call records, transaction records, and meeting records for network analysis. These details represent investigative records and leads and are not, by themselves, a determination of guilt.",Punjabi
P0593,Mohit Ahuja,9107200643,44,"Noida, Sector 27",UP05IQ6577,Frontier Transport,XXXXXX1323,Cyber Fraud,"FIR No. 1593/2026 records Mohit Ahuja, age 44, as a person associated with the Noida, Sector 27 area. The investigation record lists phone number 9107200643 and vehicle UP05IQ6577. Records also mention an association with Frontier Transport. The recorded case category is Cyber Fraud. A masked financial identifier XXXXXX1323 appears in the available records. Investigators are reviewing relevant locations, communications, meetings, and financial activity connected with this person. The available information is being cross-referenced with other FIRs, call records, transaction records, and meeting records for network analysis. These details represent investigative records and leads and are not, by themselves, a determination of guilt.",English
P0594,Sonam Malik,9760020800,35,"Faridabad, NIT",HR03DB8468,National Warehousing,XXXXXX1733,Vehicle Theft,"FIR No. 1594/2026 records Sonam Malik, age 35, as a person associated with the Faridabad, NIT area. The investigation record lists phone number 9760020800 and vehicle HR03DB8468. Records also mention an association with National Warehousing. The recorded case category is Vehicle Theft. A masked financial identifier XXXXXX1733 appears in the available records. Investigators are reviewing relevant locations, communications, meetings, and financial activity connected with this person. The available information is being cross-referenced with other FIRs, call records, transaction records, and meeting records for network analysis. These details represent investigative records and leads and are not, by themselves, a determination of guilt.",Hindi
P0595,Vikas Arora,9745738478,44,"Faridabad, Sector 37",UP04ZE2283,Metro Logistics,XXXXXX5986,No recorded case in synthetic dataset,"FIR No. 1595/2026 records Vikas Arora, age 44, as a person associated with the Faridabad, Sector 37 area. The investigation record lists phone number 9745738478 and vehicle UP04ZE2283. Records also mention an association with Metro Logistics. The recorded case category is No recorded case in synthetic dataset. A masked financial identifier XXXXXX5986 appears in the available records. Investigators are reviewing relevant locations, communications, meetings, and financial activity connected with this person. The available information is being cross-referenced with other FIRs, call records, transaction records, and meeting records for network analysis. These details represent investigative records and leads and are not, by themselves, a determination of guilt.",
P0596,Amit Kumar,9285328375,46,"Greater Noida, Knowledge Park",DL08OV2624,Blue Suppliers,XXXXXX3339,Fraud,"FIR No. 1596/2026 records Amit Kumar, age 46, as a person associated with the Greater Noida, Knowledge Park area. The investigation record lists phone number 9285328375 and vehicle DL08OV2624. Records also mention an association with Blue Suppliers. The recorded case category is Fraud. A masked financial identifier XXXXXX3339 appears in the available records. Investigators are reviewing relevant locations, communications, meetings, and financial activity connected with this person. The available information is being cross-referenced with other FIRs, call records, transaction records, and meeting records for network analysis. These details represent investigative records and leads and are not, by themselves, a determination of guilt.",Hindi
P0597,Mohit Narang,9608578788,31,"Noida, Sector 16",DL08WV7771,Horizon Logistics,XXXXXX1663,Cyber Fraud,"FIR No. 1597/2026 records Mohit Narang, age 31, as a person associated with the Noida, Sector 16 area. The investigation record lists phone number 9608578788 and vehicle DL08WV7771. Records also mention an association with Horizon Logistics. The recorded case category is Cyber Fraud. A masked financial identifier XXXXXX1663 appears in the available records. Investigators are reviewing relevant locations, communications, meetings, and financial activity connected with this person. The available information is being cross-referenced with other FIRs, call records, transaction records, and meeting records for network analysis. These details represent investigative records and leads and are not, by themselves, a determination of guilt.",English
P0598,Yash Sharma,9878791726,23,"Ghaziabad, Crossings Republik",UP09ZC7469,Metro Services,XXXXXX7687,No recorded case in synthetic dataset,"FIR No. 1598/2026 records Yash Sharma, age 23, as a person associated with the Ghaziabad, Crossings Republik area. The investigation record lists phone number 9878791726 and vehicle UP09ZC7469. Records also mention an association with Metro Services. The recorded case category is No recorded case in synthetic dataset. A masked financial identifier XXXXXX7687 appears in the available records. Investigators are reviewing relevant locations, communications, meetings, and financial activity connected with this person. The available information is being cross-referenced with other FIRs, call records, transaction records, and meeting records for network analysis. These details represent investigative records and leads and are not, by themselves, a determination of guilt.",
P0599,Preeti Sharma,9973141623,54,"Delhi, Laxmi Nagar",HR04OP2137,National Trading,XXXXXX3334,Criminal Intimidation,"FIR No. 1599/2026 records Preeti Sharma, age 54, as a person associated with the Delhi, Laxmi Nagar area. The investigation record lists phone number 9973141623 and vehicle HR04OP2137. Records also mention an association with National Trading. The recorded case category is Criminal Intimidation. A masked financial identifier XXXXXX3334 appears in the available records. Investigators are reviewing relevant locations, communications, meetings, and financial activity connected with this person. The available information is being cross-referenced with other FIRs, call records, transaction records, and meeting records for network analysis. These details represent investigative records and leads and are not, by themselves, a determination of guilt.",English
P0600,Karan Singh,9658736787,43,"Faridabad, NIT",UP07KG1945,Star Enterprises,XXXXXX1202,No recorded case in synthetic dataset,"FIR No. 1600/2026 records Karan Singh, age 43, as a person associated with the Faridabad, NIT area. The investigation record lists phone number 9658736787 and vehicle UP07KG1945. Records also mention an association with Star Enterprises. The recorded case category is No recorded case in synthetic dataset. A masked financial identifier XXXXXX1202 appears in the available records. Investigators are reviewing relevant locations, communications, meetings, and financial activity connected with this person. The available information is being cross-referenced with other FIRs, call records, transaction records, and meeting records for network analysis. These details represent investigative records and leads and are not, by themselves, a determination of guilt.",