relationship_id,person_a_id,person_a_name,person_b_id,person_b_name,phone_call_count,phone_call_dates,phone_call_durations_sec,total_call_duration_sec,transaction_count,transaction_dates,transaction_amounts,total_transaction_amount,meeting_count,meeting_dates,meeting_locations,relationship_label,ground_truth_confidence,relationship_type,relationship_description
REL00155,P0239,Neha Chauhan,P0320,Ravi Pandey,5,2026-04-09 02:52 | 2026-04-26 18:49 | 2026-05-13 16:06 | 2026-08-04 20:26 | 2026-08-28 13:56,1692 | 527 | 106 | 779 | 386,3490,2,2026-04-02 19:50 | 2026-06-21 04:16,26947.40 | 80674.60,107622.0,2,2026-01-04 07:28 | 2026-05-11 14:51,"Delhi, Connaught Place | Faridabad, Sector 37",1,0.8491,Former Partner,"Relationship type: Former Partner. Phone records show 5 call(s). Transaction records show 2 transaction(s) totaling ₹107,622. Meeting records show 2 meeting(s) at Delhi, Connaught Place ,  Faridabad, Sector 37. This relationship type is a synthetic investigative-data label for demonstration."
REL00401,P0284,Amit Pandey,P0525,Amit Malik,0,,,0,1,2026-03-02 18:09,12398.88,12398.88,1,2026-04-13 22:36,"Ghaziabad, Indirapuram",0,0.0212,Associate,"Relationship type: Associate. Transaction records show 1 transaction(s) totaling ₹12,399. Meeting records show 1 meeting(s) at Ghaziabad, Indirapuram. This relationship type is a synthetic investigative-data label for demonstration."
REL00595,P0089,Saurabh Bansal,P0251,Sonam Goyal,0,,,0,1,2026-08-21 07:47,2956.78,2956.78,0,,,0,0.2728,Colleague,"Relationship type: Colleague. Transaction records show 1 transaction(s) totaling ₹2,957. This relationship type is a synthetic investigative-data label for demonstration."
REL00443,P0018,Divya Khanna,P0313,Divya Singh,0,,,0,2,2026-04-23 05:13 | 2026-07-12 06:57,19224.21 | 22143.43,41367.64,0,,,0,0.2165,Associate,"Relationship type: Associate. Transaction records show 2 transaction(s) totaling ₹41,368. This relationship type is a synthetic investigative-data label for demonstration."
REL00217,P0076,Yash Rawat,P0359,Deepak Mishra,25,2026-01-09 14:07 | 2026-01-19 11:20 | 2026-02-11 01:09 | 2026-02-14 04:05 | 2026-03-12 06:15 | 2026-03-27 04:15 | 2026-03-28 22:26 | 2026-04-06 10:10 | 2026-04-08 04:17 | 2026-04-08 09:10 | 2026-04-20 18:04 | 2026-04-20 19:53 | 2026-04-25 06:16 | 2026-05-05 15:43 | 2026-05-07 11:16 | 2026-06-03 12:37 | 2026-06-26 23:09 | 2026-07-04 12:54 | 2026-07-07 05:01 | 2026-08-01 20:27 | 2026-08-05 05:56 | 2026-08-11 17:51 | 2026-08-21 23:46 | 2026-08-24 09:56 | 2026-08-25 05:51,621 | 957 | 328 | 149 | 662 | 407 | 612 | 930 | 465 | 448 | 1438 | 684 | 666 | 435 | 1458 | 473 | 1157 | 1224 | 115 | 1219 | 781 | 328 | 769 | 304 | 1748,18378,8,2026-02-15 19:17 | 2026-03-08 05:11 | 2026-04-29 21:18 | 2026-04-30 07:23 | 2026-06-15 18:34 | 2026-06-18 21:44 | 2026-07-05 22:56 | 2026-08-27 01:00,75464.03 | 84880.55 | 51024.86 | 62505.88 | 64981.13 | 71627.06 | 30888.20 | 22514.65,463886.36,3,2026-02-28 13:47 | 2026-06-28 01:34 | 2026-07-26 14:57,"Greater Noida, Pari Chowk | Delhi, Saket | Gurugram, Sector 14",1,0.9598,Former Partner,"Relationship type: Former Partner. Phone records show 25 call(s). Transaction records show 8 transaction(s) totaling ₹463,886. Meeting records show 3 meeting(s) at Greater Noida, Pari Chowk ,  Delhi, Saket ,  Gurugram, Sector 14. This relationship type is a synthetic investigative-data label for demonstration."
REL00652,P0204,Riya Singh,P0292,Yash Mishra,1,2026-05-20 02:14,696,696,0,,,0.0,0,,,0,0.0297,Acquaintance,Relationship type: Acquaintance. Phone records show 1 call(s). This relationship type is a synthetic investigative-data label for demonstration.
REL00622,P0032,Sumit Yadav,P0240,Saurabh Rana,0,,,0,1,2026-02-05 19:14,16409.26,16409.26,0,,,0,0.1087,Colleague,"Relationship type: Colleague. Transaction records show 1 transaction(s) totaling ₹16,409. This relationship type is a synthetic investigative-data label for demonstration."
REL00306,P0133,Ananya Verma,P0459,Priya Bhardwaj,1,2026-01-15 09:41,447,447,0,,,0.0,2,2026-02-19 19:15 | 2026-05-27 19:39,"Noida, Sector 62 | Greater Noida, Knowledge Park",0,0.241,Acquaintance,"Relationship type: Acquaintance. Phone records show 1 call(s). Meeting records show 2 meeting(s) at Noida, Sector 62 ,  Greater Noida, Knowledge Park. This relationship type is a synthetic investigative-data label for demonstration."
REL00094,P0307,Ravi Saini,P0425,Pooja Malik,8,2026-01-10 19:52 | 2026-02-20 05:38 | 2026-04-09 19:20 | 2026-04-30 22:36 | 2026-06-18 05:51 | 2026-06-27 13:30 | 2026-07-10 07:56 | 2026-08-05 16:17,1757 | 1796 | 1414 | 1517 | 913 | 1448 | 1189 | 47,10081,5,2026-02-01 16:55 | 2026-02-20 09:13 | 2026-04-08 01:05 | 2026-04-15 06:46 | 2026-06-10 07:13,155905.68 | 79944.67 | 138868.70 | 24156.88 | 173325.52,572201.45,7,2026-02-11 09:28 | 2026-03-21 18:39 | 2026-03-27 16:25 | 2026-04-20 16:15 | 2026-04-26 02:39 | 2026-04-30 04:52 | 2026-05-28 06:02,"Delhi, Saket | Noida, Greater Noida West | Faridabad, Sector 37 | Ghaziabad, Crossings Republik | Gurugram, Sector 18 | Gurugram, DLF Phase 3 | Delhi, Narela",1,0.9834,Former Partner,"Relationship type: Former Partner. Phone records show 8 call(s). Transaction records show 5 transaction(s) totaling ₹572,201. Meeting records show 7 meeting(s) at Delhi, Saket ,  Noida, Greater Noida West ,  Faridabad, Sector 37 ,  Ghaziabad, Crossings Republik ,  Gurugram, Sector 18 ,  Gurugram, DLF Phase 3 ,  Delhi, Narela. This relationship type is a synthetic investigative-data label for demonstration."
REL00282,P0144,Ravi Saini,P0189,Manish Kapoor,2,2026-03-28 20:11 | 2026-05-13 07:18,208 | 212,420,0,,,0.0,0,,,0,0.1785,Colleague,Relationship type: Colleague. Phone records show 2 call(s). This relationship type is a synthetic investigative-data label for demonstration.
REL00400,P0085,Saurabh Malik,P0497,Tanya Pandey,0,,,0,0,,,0.0,0,,,0,0.1403,Associate,"Relationship type: Associate. No direct call, transaction, or meeting evidence is recorded in this dataset. This relationship type is a synthetic investigative-data label for demonstration."
REL00173,P0034,Neha Jain,P0092,Komal Tyagi,14,2026-01-12 09:12 | 2026-01-16 05:47 | 2026-01-17 08:05 | 2026-02-12 23:11 | 2026-03-12 01:50 | 2026-04-03 09:45 | 2026-04-06 23:19 | 2026-05-15 06:06 | 2026-05-22 00:04 | 2026-06-08 07:01 | 2026-06-27 04:55 | 2026-07-28 06:50 | 2026-08-11 03:50 | 2026-08-21 06:27,781 | 711 | 38 | 1247 | 1393 | 30 | 466 | 1120 | 1116 | 1432 | 428 | 207 | 615 | 387,9971,9,2026-01-26 16:01 | 2026-02-04 13:24 | 2026-02-15 15:25 | 2026-02-28 07:13 | 2026-03-03 23:59 | 2026-04-03 04:22 | 2026-04-05 23:35 | 2026-08-11 23:48 | 2026-08-21 02:05,158628.52 | 32876.70 | 90459.38 | 115050.27 | 123605.80 | 167065.28 | 151752.64 | 5775.79 | 84904.89,930119.27,6,2026-03-07 21:12 | 2026-03-12 01:34 | 2026-04-14 19:20 | 2026-05-24 18:22 | 2026-06-22 05:52 | 2026-08-25 03:56,"Delhi, Najafgarh | Gurugram, Sohna Road | Noida, Greater Noida West | Delhi, Laxmi Nagar | Gurugram, Sector 29 | Gurugram, DLF Phase 2",1,0.99,Friend,"Relationship type: Friend. Phone records show 14 call(s). Transaction records show 9 transaction(s) totaling ₹930,119. Meeting records show 6 meeting(s) at Delhi, Najafgarh ,  Gurugram, Sohna Road ,  Noida, Greater Noida West ,  Delhi, Laxmi Nagar ,  Gurugram, Sector 29 ,  Gurugram, DLF Phase 2. This relationship type is a synthetic investigative-data label for demonstration."
REL00305,P0026,Harsh Kumar,P0182,Nikhil Bhati,2,2026-07-08 09:26 | 2026-08-26 07:16,263 | 697,960,1,2026-08-23 10:11,4314.63,4314.63,0,,,0,0.2105,Colleague,"Relationship type: Colleague. Phone records show 2 call(s). Transaction records show 1 transaction(s) totaling ₹4,315. This relationship type is a synthetic investigative-data label for demonstration."
REL00394,P0352,Shreya Mishra,P0503,Vivaan Rawat,1,2026-07-02 16:42,319,319,0,,,0.0,1,2026-01-16 09:20,"Gurugram, Sohna Road",0,0.0241,Former Partner,"Relationship type: Former Partner. Phone records show 1 call(s). Meeting records show 1 meeting(s) at Gurugram, Sohna Road. This relationship type is a synthetic investigative-data label for demonstration."
REL00219,P0235,Arjun Pandey,P0578,Arjun Bhardwaj,23,2026-01-08 13:24 | 2026-01-13 08:05 | 2026-01-26 01:30 | 2026-01-28 13:40 | 2026-02-08 17:50 | 2026-02-11 03:53 | 2026-02-19 01:49 | 2026-02-24 09:06 | 2026-03-26 04:46 | 2026-04-04 22:06 | 2026-04-05 08:46 | 2026-04-27 17:35 | 2026-05-08 19:49 | 2026-05-09 12:26 | 2026-05-29 20:04 | 2026-06-04 09:51 | 2026-06-09 00:59 | 2026-06-11 16:37 | 2026-07-04 06:03 | 2026-08-03 01:36 | 2026-08-15 10:34 | 2026-08-17 19:34 | 2026-08-25 20:59,578 | 1251 | 609 | 1658 | 304 | 724 | 1216 | 1284 | 1540 | 409 | 195 | 1469 | 1555 | 272 | 479 | 79 | 1191 | 29 | 88 | 1388 | 462 | 1598 | 441,18819,9,2026-01-07 20:58 | 2026-01-08 10:02 | 2026-03-21 21:16 | 2026-04-09 21:35 | 2026-06-04 01:29 | 2026-06-05 19:29 | 2026-06-06 17:59 | 2026-06-11 19:56 | 2026-08-21 23:27,97100.75 | 140409.22 | 30662.56 | 135683.22 | 144449.22 | 54341.21 | 6297.81 | 91998.35 | 36809.07,737751.41,3,2026-02-11 08:24 | 2026-04-18 07:47 | 2026-07-01 05:20,"Ghaziabad, Kaushambi | Gurugram, DLF Phase 3 | Delhi, Pitampura",1,0.9701,Neighbour,"Relationship type: Neighbour. Phone records show 23 call(s). Transaction records show 9 transaction(s) totaling ₹737,751. Meeting records show 3 meeting(s) at Ghaziabad, Kaushambi ,  Gurugram, DLF Phase 3 ,  Delhi, Pitampura. This relationship type is a synthetic investigative-data label for demonstration."
REL00086,P0333,Vikas Tiwari,P0353,Naina Mishra,10,2026-03-23 08:33 | 2026-03-25 23:18 | 2026-04-14 15:10 | 2026-04-26 02:21 | 2026-05-14 19:33 | 2026-05-26 17:44 | 2026-06-13 03:12 | 2026-07-01 14:07 | 2026-08-01 08:59 | 2026-08-25 14:30,92 | 817 | 479 | 1713 | 832 | 605 | 1585 | 362 | 753 | 128,7366,2,2026-05-03 01:19 | 2026-06-14 06:46,42245.62 | 92667.46,134913.08,1,2026-03-13 12:44,"Faridabad, Sector 37",1,0.8377,Business Associate,"Relationship type: Business Associate. Phone records show 10 call(s). Transaction records show 2 transaction(s) totaling ₹134,913. Meeting records show 1 meeting(s) at Faridabad, Sector 37. This relationship type is a synthetic investigative-data label for demonstration."
REL00295,P0196,Nikhil Bhardwaj,P0258,Isha Rana,0,,,0,0,,,0.0,2,2026-06-01 03:50 | 2026-08-28 08:37,"Noida, Greater Noida West | Gurugram, DLF Phase 2",0,0.1724,Former Partner,"Relationship type: Former Partner. Meeting records show 2 meeting(s) at Noida, Greater Noida West ,  Gurugram, DLF Phase 2. This relationship type is a synthetic investigative-data label for demonstration."
REL00589,P0144,Ravi Saini,P0329,Amit Arora,1,2026-02-26 00:47,433,433,0,,,0.0,0,,,0,0.2068,Former Partner,Relationship type: Former Partner. Phone records show 1 call(s). This relationship type is a synthetic investigative-data label for demonstration.
REL00592,P0372,Mehak Gupta,P0527,Varun Kumar,2,2026-05-19 16:09 | 2026-08-25 16:33,699 | 53,752,0,,,0.0,1,2026-08-14 07:41,"Gurugram, Udyog Vihar",0,0.0968,Associate,"Relationship type: Associate. Phone records show 2 call(s). Meeting records show 1 meeting(s) at Gurugram, Udyog Vihar. This relationship type is a synthetic investigative-data label for demonstration."
REL00245,P0341,Deepak Saxena,P0516,Ankit Rawat,1,2026-01-27 04:29,52,52,0,,,0.0,0,,,0,0.209,Colleague,Relationship type: Colleague. Phone records show 1 call(s). This relationship type is a synthetic investigative-data label for demonstration.
REL00138,P0357,Aditi Singh,P0592,Sumit Goyal,12,2026-01-03 12:23 | 2026-01-28 20:28 | 2026-02-13 04:20 | 2026-02-23 17:04 | 2026-05-06 10:24 | 2026-05-09 11:45 | 2026-05-15 15:23 | 2026-06-11 01:13 | 2026-06-11 11:57 | 2026-06-30 15:59 | 2026-07-09 13:38 | 2026-08-04 16:29,901 | 1419 | 438 | 614 | 1218 | 711 | 1343 | 1402 | 1792 | 1419 | 305 | 225,11787,6,2026-03-20 10:51 | 2026-06-12 10:17 | 2026-06-25 06:01 | 2026-07-05 06:18 | 2026-07-19 10:33 | 2026-08-23 08:28,150540.44 | 163147.61 | 41680.08 | 129069.21 | 27820.88 | 28686.32,540944.54,6,2026-01-17 10:44 | 2026-02-01 06:31 | 2026-06-10 00:21 | 2026-06-12 16:44 | 2026-06-27 21:12 | 2026-07-29 19:31,"Ghaziabad, Crossings Republik | Greater Noida, Knowledge Park | Noida, Sector 15 | Noida, Greater Noida West | Delhi, Okhla | Ghaziabad, Indirapuram",1,0.9727,Sister,"Relationship type: Sister. Phone records show 12 call(s). Transaction records show 6 transaction(s) totaling ₹540,945. Meeting records show 6 meeting(s) at Ghaziabad, Crossings Republik ,  Greater Noida, Knowledge Park ,  Noida, Sector 15 ,  Noida, Greater Noida West ,  Delhi, Okhla ,  Ghaziabad, Indirapuram. This relationship type is a synthetic investigative-data label for demonstration."
REL00531,P0136,Amit Bhati,P0410,Tanya Mishra,4,2026-02-05 22:55 | 2026-03-16 08:09 | 2026-03-22 06:58 | 2026-03-30 14:14,330 | 364 | 588 | 241,1523,1,2026-04-07 14:48,28174.52,28174.52,0,,,0,0.1383,Former Partner,"Relationship type: Former Partner. Phone records show 4 call(s). Transaction records show 1 transaction(s) totaling ₹28,175. This relationship type is a synthetic investigative-data label for demonstration."
REL00135,P0003,Ravi Verma,P0033,Shreya Jain,6,2026-01-22 02:41 | 2026-04-29 07:31 | 2026-05-23 07:56 | 2026-06-04 17:25 | 2026-08-16 19:54 | 2026-08-23 17:57,1409 | 161 | 1418 | 1075 | 614 | 522,5199,7,2026-02-26 16:48 | 2026-03-08 06:54 | 2026-03-17 23:12 | 2026-05-21 11:12 | 2026-05-26 19:20 | 2026-07-28 03:57 | 2026-08-16 20:08,118221.88 | 110959.12 | 178327.94 | 11675.65 | 31079.53 | 88794.87 | 43891.18,582950.17,1,2026-04-26 21:03,"Gurugram, Manesar",1,0.7763,Neighbour,"Relationship type: Neighbour. Phone records show 6 call(s). Transaction records show 7 transaction(s) totaling ₹582,950. Meeting records show 1 meeting(s) at Gurugram, Manesar. This relationship type is a synthetic investigative-data label for demonstration."
REL00231,P0349,Vivaan Kumar,P0536,Sumit Saini,1,2026-02-02 15:44,207,207,1,2026-04-08 01:31,1542.58,1542.58,1,2026-04-24 16:36,"Delhi, Shahdara",0,0.2775,Colleague,"Relationship type: Colleague. Phone records show 1 call(s). Transaction records show 1 transaction(s) totaling ₹1,543. Meeting records show 1 meeting(s) at Delhi, Shahdara. This relationship type is a synthetic investigative-data label for demonstration."
REL00278,P0276,Muskan Tiwari,P0452,Naina Singh,2,2026-04-28 02:23 | 2026-05-24 08:35,290 | 187,477,1,2026-08-25 01:59,17795.64,17795.64,1,2026-01-30 23:59,"Noida, Sector 27",0,0.0252,Neighbour,"Relationship type: Neighbour. Phone records show 2 call(s). Transaction records show 1 transaction(s) totaling ₹17,796. Meeting records show 1 meeting(s) at Noida, Sector 27. This relationship type is a synthetic investigative-data label for demonstration."
REL00265,P0064,Shreya Verma,P0147,Naina Pandey,0,,,0,1,2026-08-07 05:58,28032.64,28032.64,0,,,0,0.0347,Colleague,"Relationship type: Colleague. Transaction records show 1 transaction(s) totaling ₹28,033. This relationship type is a synthetic investigative-data label for demonstration."
REL00253,P0017,Vivaan Kumar,P0176,Rahul Mishra,0,,,0,0,,,0.0,2,2026-04-28 13:59 | 2026-07-23 23:35,"Delhi, Connaught Place | Ghaziabad, Kaushambi",0,0.2084,Acquaintance,"Relationship type: Acquaintance. Meeting records show 2 meeting(s) at Delhi, Connaught Place ,  Ghaziabad, Kaushambi. This relationship type is a synthetic investigative-data label for demonstration."
REL00643,P0188,Priya Bhati,P0194,Ananya Dahiya,1,2026-08-27 21:37,641,641,1,2026-05-18 04:34,26465.18,26465.18,0,,,0,0.0481,Acquaintance,"Relationship type: Acquaintance. Phone records show 1 call(s). Transaction records show 1 transaction(s) totaling ₹26,465. This relationship type is a synthetic investigative-data label for demonstration."
REL00573,P0254,Isha Jain,P0265,Kavya Rana,0,,,0,0,,,0.0,1,2026-02-24 10:11,"Noida, Greater Noida West",0,0.3497,Acquaintance,"Relationship type: Acquaintance. Meeting records show 1 meeting(s) at Noida, Greater Noida West. This relationship type is a synthetic investigative-data label for demonstration."
REL00538,P0324,Harsh Dahiya,P0550,Sonam Bhardwaj,0,,,0,0,,,0.0,1,2026-06-11 17:47,"Delhi, Rohini",0,0.3095,Neighbour,"Relationship type: Neighbour. Meeting records show 1 meeting(s) at Delhi, Rohini. This relationship type is a synthetic investigative-data label for demonstration."
REL00067,P0343,Amit Goyal,P0376,Varun Malik,20,2026-01-13 20:48 | 2026-01-20 10:39 | 2026-01-27 20:38 | 2026-02-18 15:12 | 2026-03-17 09:06 | 2026-04-14 10:44 | 2026-05-12 03:34 | 2026-05-15 00:49 | 2026-05-17 08:59 | 2026-05-21 03:54 | 2026-06-19 05:09 | 2026-06-25 21:39 | 2026-07-20 09:02 | 2026-07-26 10:40 | 2026-08-11 16:51 | 2026-08-11 19:36 | 2026-08-19 04:51 | 2026-08-21 23:43 | 2026-08-25 06:55 | 2026-08-28 16:23,811 | 1614 | 386 | 1148 | 1621 | 1018 | 1630 | 1065 | 275 | 704 | 838 | 1063 | 1171 | 1091 | 1351 | 1449 | 1321 | 1779 | 862 | 617,21814,6,2026-04-12 02:58 | 2026-04-29 02:20 | 2026-05-07 22:38 | 2026-05-14 12:20 | 2026-06-04 13:12 | 2026-08-01 04:21,41785.05 | 143419.36 | 173601.00 | 162647.41 | 61901.71 | 26769.81,610124.34,4,2026-04-02 06:52 | 2026-05-03 22:59 | 2026-07-13 20:13 | 2026-08-29 22:10,"Faridabad, Sector 15 | Delhi, Connaught Place | Delhi, Karol Bagh | Noida, Sector 16",1,0.9783,Partner,"Relationship type: Partner. Phone records show 20 call(s). Transaction records show 6 transaction(s) totaling ₹610,124. Meeting records show 4 meeting(s) at Faridabad, Sector 15 ,  Delhi, Connaught Place ,  Delhi, Karol Bagh ,  Noida, Sector 16. This relationship type is a synthetic investigative-data label for demonstration."
REL00241,P0157,Yash Sharma,P0272,Nikhil Rawat,1,2026-05-27 16:00,400,400,1,2026-06-20 01:07,26233.02,26233.02,2,2026-01-23 12:01 | 2026-06-28 03:50,"Delhi, Karol Bagh | Delhi, Saket",0,0.1136,Associate,"Relationship type: Associate. Phone records show 1 call(s). Transaction records show 1 transaction(s) totaling ₹26,233. Meeting records show 2 meeting(s) at Delhi, Karol Bagh ,  Delhi, Saket. This relationship type is a synthetic investigative-data label for demonstration."
REL00072,P0337,Arjun Tiwari,P0600,Karan Singh,22,2026-01-19 23:49 | 2026-01-30 02:28 | 2026-01-31 02:51 | 2026-01-31 04:34 | 2026-02-02 00:31 | 2026-02-09 19:11 | 2026-02-12 19:32 | 2026-04-01 22:47 | 2026-04-08 19:05 | 2026-04-13 17:17 | 2026-04-16 18:23 | 2026-04-27 21:24 | 2026-05-07 13:54 | 2026-05-09 18:30 | 2026-06-07 01:58 | 2026-06-09 16:25 | 2026-06-21 12:46 | 2026-06-22 15:04 | 2026-08-02 17:02 | 2026-08-13 04:10 | 2026-08-17 06:44 | 2026-08-23 17:05,201 | 858 | 1521 | 1373 | 1735 | 585 | 123 | 432 | 1073 | 1163 | 209 | 205 | 711 | 676 | 1017 | 429 | 59 | 922 | 959 | 517 | 1626 | 1137,17531,3,2026-01-04 19:53 | 2026-07-17 01:12 | 2026-07-24 10:56,80074.72 | 7856.60 | 64058.58,151989.9,6,2026-04-05 10:25 | 2026-05-12 04:01 | 2026-06-06 11:01 | 2026-06-08 11:15 | 2026-06-12 14:22 | 2026-07-06 17:41,"Faridabad, NIT | Delhi, Najafgarh | Delhi, Okhla | Noida, Sector 27 | Delhi, Mayur Vihar | Gurugram, Sector 14",1,0.9559,Partner,"Relationship type: Partner. Phone records show 22 call(s). Transaction records show 3 transaction(s) totaling ₹151,990. Meeting records show 6 meeting(s) at Faridabad, NIT ,  Delhi, Najafgarh ,  Delhi, Okhla ,  Noida, Sector 27 ,  Delhi, Mayur Vihar ,  Gurugram, Sector 14. This relationship type is a synthetic investigative-data label for demonstration."
REL00017,P0194,Ananya Dahiya,P0211,Mehak Rana,7,2026-01-01 10:39 | 2026-01-09 01:55 | 2026-01-19 23:53 | 2026-01-28 19:04 | 2026-02-11 07:39 | 2026-03-15 05:07 | 2026-07-21 10:36,1259 | 803 | 1357 | 306 | 1403 | 1739 | 750,7617,4,2026-02-01 07:00 | 2026-06-10 00:34 | 2026-06-21 20:18 | 2026-07-19 00:09,58691.03 | 54760.62 | 150777.10 | 125089.22,389317.97,1,2026-07-24 16:35,"Gurugram, Sohna Road",1,0.7905,Partner,"Relationship type: Partner. Phone records show 7 call(s). Transaction records show 4 transaction(s) totaling ₹389,318. Meeting records show 1 meeting(s) at Gurugram, Sohna Road. This relationship type is a synthetic investigative-data label for demonstration."
REL00127,P0215,Muskan Gupta,P0576,Karan Narang,22,2026-01-05 20:42 | 2026-01-08 22:55 | 2026-01-29 14:44 | 2026-01-30 00:59 | 2026-02-07 19:24 | 2026-03-26 03:56 | 2026-04-19 00:06 | 2026-04-25 00:44 | 2026-04-28 13:55 | 2026-05-12 03:43 | 2026-05-31 16:25 | 2026-06-05 17:20 | 2026-06-17 06:28 | 2026-06-22 00:44 | 2026-06-30 19:34 | 2026-07-06 07:32 | 2026-07-09 15:56 | 2026-08-01 06:54 | 2026-08-09 03:29 | 2026-08-11 03:31 | 2026-08-12 12:10 | 2026-08-17 13:04,69 | 277 | 810 | 570 | 1494 | 1441 | 157 | 1513 | 1569 | 1263 | 535 | 1483 | 187 | 1219 | 1212 | 630 | 134 | 1590 | 1746 | 494 | 388 | 762,19543,1,2026-08-15 01:56,41023.73,41023.73,8,2026-01-30 07:12 | 2026-03-10 10:02 | 2026-03-31 07:51 | 2026-04-04 17:31 | 2026-05-07 08:44 | 2026-05-10 20:44 | 2026-08-05 14:16 | 2026-08-20 20:22,"Gurugram, DLF Phase 3 | Gurugram, DLF Phase 3 | Ghaziabad, Kaushambi | Faridabad, Sector 37 | Ghaziabad, Vaishali | Gurugram, Sector 14 | Delhi, Shahdara | Noida, Sector 62",1,0.8526,Spouse,"Relationship type: Spouse. Phone records show 22 call(s). Transaction records show 1 transaction(s) totaling ₹41,024. Meeting records show 8 meeting(s) at Gurugram, DLF Phase 3 ,  Gurugram, DLF Phase 3 ,  Ghaziabad, Kaushambi ,  Faridabad, Sector 37 ,  Ghaziabad, Vaishali ,  Gurugram, Sector 14 ,  Delhi, Shahdara ,  Noida, Sector 62. This relationship type is a synthetic investigative-data label for demonstration."
REL00301,P0373,Sumit Rawat,P0484,Komal Aggarwal,2,2026-05-22 03:06 | 2026-06-11 00:13,371 | 676,1047,1,2026-02-21 11:51,9241.83,9241.83,0,,,0,0.1564,Former Partner,"Relationship type: Former Partner. Phone records show 2 call(s). Transaction records show 1 transaction(s) totaling ₹9,242. This relationship type is a synthetic investigative-data label for demonstration."
REL00139,P0036,Simran Verma,P0207,Jyoti Tyagi,9,2026-01-29 04:57 | 2026-03-04 16:51 | 2026-04-05 14:37 | 2026-04-26 09:36 | 2026-05-08 07:02 | 2026-06-09 05:36 | 2026-06-27 21:09 | 2026-08-04 10:40 | 2026-08-27 04:41,1139 | 672 | 317 | 1479 | 1710 | 1213 | 1707 | 462 | 387,9086,2,2026-05-01 21:44 | 2026-07-27 09:00,81456.32 | 32591.50,114047.82,5,2026-01-04 11:49 | 2026-04-22 13:28 | 2026-06-29 20:58 | 2026-07-09 00:11 | 2026-07-27 16:31,"Noida, Greater Noida West | Faridabad, NIT | Greater Noida, Knowledge Park | Faridabad, Sector 15 | Faridabad, Sector 37",1,0.9403,Neighbour,"Relationship type: Neighbour. Phone records show 9 call(s). Transaction records show 2 transaction(s) totaling ₹114,048. Meeting records show 5 meeting(s) at Noida, Greater Noida West ,  Faridabad, NIT ,  Greater Noida, Knowledge Park ,  Faridabad, Sector 15 ,  Faridabad, Sector 37. This relationship type is a synthetic investigative-data label for demonstration."
REL00175,P0472,Ananya Chaudhary,P0566,Isha Rana,16,2026-01-08 09:38 | 2026-01-12 10:22 | 2026-01-27 15:27 | 2026-03-01 09:26 | 2026-03-14 22:02 | 2026-03-31 20:27 | 2026-04-02 06:21 | 2026-04-12 19:42 | 2026-05-25 20:25 | 2026-05-30 05:31 | 2026-06-03 11:10 | 2026-06-17 01:51 | 2026-07-17 15:32 | 2026-08-02 12:20 | 2026-08-14 10:56 | 2026-08-22 23:12,1189 | 31 | 629 | 126 | 633 | 911 | 1657 | 1435 | 172 | 448 | 410 | 406 | 1789 | 727 | 506 | 30,11099,1,2026-05-30 21:55,175574.12,175574.12,6,2026-01-13 05:30 | 2026-02-13 09:09 | 2026-03-23 10:22 | 2026-06-29 19:47 | 2026-07-18 09:19 | 2026-07-31 01:53,"Delhi, Rohini | Delhi, Saket | Delhi, Shahdara | Delhi, Najafgarh | Gurugram, Sector 14 | Noida, Sector 27",1,0.8589,Associate,"Relationship type: Associate. Phone records show 16 call(s). Transaction records show 1 transaction(s) totaling ₹175,574. Meeting records show 6 meeting(s) at Delhi, Rohini ,  Delhi, Saket ,  Delhi, Shahdara ,  Delhi, Najafgarh ,  Gurugram, Sector 14 ,  Noida, Sector 27. This relationship type is a synthetic investigative-data label for demonstration."
REL00385,P0005,Divya Meena,P0473,Sonam Aggarwal,1,2026-04-08 19:42,186,186,0,,,0.0,0,,,0,0.1588,Neighbour,Relationship type: Neighbour. Phone records show 1 call(s). This relationship type is a synthetic investigative-data label for demonstration.
REL00087,P0414,Amit Ahuja,P0509,Aditya Meena,5,2026-01-24 04:52 | 2026-02-17 05:41 | 2026-03-15 07:30 | 2026-05-03 02:50 | 2026-07-26 16:14,349 | 1786 | 552 | 466 | 357,3510,7,2026-03-27 10:41 | 2026-04-19 19:51 | 2026-05-16 15:45 | 2026-06-12 17:19 | 2026-07-16 18:35 | 2026-07-20 01:35 | 2026-08-08 22:29,119132.45 | 173034.81 | 101115.34 | 158536.99 | 2970.25 | 83913.19 | 34092.67,672795.7,3,2026-01-27 18:46 | 2026-02-16 23:54 | 2026-08-23 12:24,"Delhi, Karol Bagh | Delhi, Laxmi Nagar | Greater Noida, Pari Chowk",1,0.867,Mother,"Relationship type: Mother. Phone records show 5 call(s). Transaction records show 7 transaction(s) totaling ₹672,796. Meeting records show 3 meeting(s) at Delhi, Karol Bagh ,  Delhi, Laxmi Nagar ,  Greater Noida, Pari Chowk. This relationship type is a synthetic investigative-data label for demonstration."
REL00542,P0015,Ravi Rana,P0599,Preeti Sharma,3,2026-04-28 09:28 | 2026-05-01 11:49 | 2026-05-14 15:18,700 | 596 | 375,1671,2,2026-01-23 13:19 | 2026-08-02 12:01,6519.48 | 7971.55,14491.03,2,2026-02-20 14:19 | 2026-07-27 10:19,"Faridabad, Sector 15 | Delhi, Najafgarh",0,0.1466,Former Partner,"Relationship type: Former Partner. Phone records show 3 call(s). Transaction records show 2 transaction(s) totaling ₹14,491. Meeting records show 2 meeting(s) at Faridabad, Sector 15 ,  Delhi, Najafgarh. This relationship type is a synthetic investigative-data label for demonstration."
REL00580,P0482,Harsh Yadav,P0578,Arjun Bhardwaj,3,2026-03-02 08:44 | 2026-04-12 09:33 | 2026-08-01 21:58,270 | 247 | 138,655,0,,,0.0,1,2026-08-16 02:11,"Delhi, Connaught Place",0,0.1648,Associate,"Relationship type: Associate. Phone records show 3 call(s). Meeting records show 1 meeting(s) at Delhi, Connaught Place. This relationship type is a synthetic investigative-data label for demonstration."
REL00581,P0164,Divya Saxena,P0208,Naina Meena,2,2026-06-03 17:51 | 2026-08-16 13:01,664 | 309,973,0,,,0.0,0,,,0,0.039,Neighbour,Relationship type: Neighbour. Phone records show 2 call(s). This relationship type is a synthetic investigative-data label for demonstration.
REL00378,P0173,Divya Aggarwal,P0221,Sumit Goyal,2,2026-02-26 10:49 | 2026-08-16 20:00,224 | 645,869,0,,,0.0,0,,,0,0.3111,Associate,Relationship type: Associate. Phone records show 2 call(s). This relationship type is a synthetic investigative-data label for demonstration.
REL00335,P0199,Preeti Singh,P0220,Arjun Malik,1,2026-01-11 00:59,682,682,0,,,0.0,0,,,0,0.0239,Former Partner,Relationship type: Former Partner. Phone records show 1 call(s). This relationship type is a synthetic investigative-data label for demonstration.
REL00615,P0266,Aditya Singh,P0497,Tanya Pandey,2,2026-03-14 00:25 | 2026-06-13 08:34,380 | 546,926,0,,,0.0,0,,,0,0.0757,Acquaintance,Relationship type: Acquaintance. Phone records show 2 call(s). This relationship type is a synthetic investigative-data label for demonstration.
REL00653,P0180,Ravi Bhardwaj,P0417,Komal Ahuja,1,2026-03-14 18:51,460,460,0,,,0.0,0,,,0,0.1061,Associate,Relationship type: Associate. Phone records show 1 call(s). This relationship type is a synthetic investigative-data label for demonstration.
REL00466,P0188,Priya Bhati,P0210,Naina Saini,0,,,0,0,,,0.0,0,,,0,0.0515,Acquaintance,"Relationship type: Acquaintance. No direct call, transaction, or meeting evidence is recorded in this dataset. This relationship type is a synthetic investigative-data label for demonstration."
REL00585,P0068,Amit Dahiya,P0567,Priya Tyagi,3,2026-04-02 21:57 | 2026-04-12 20:57 | 2026-07-03 07:45,125 | 200 | 247,572,0,,,0.0,0,,,0,0.2499,Former Partner,Relationship type: Former Partner. Phone records show 3 call(s). This relationship type is a synthetic investigative-data label for demonstration.
REL00370,P0184,Simran Meena,P0538,Deepak Saini,2,2026-03-10 23:52 | 2026-05-14 04:51,648 | 142,790,0,,,0.0,1,2026-07-19 01:01,"Faridabad, Sector 37",0,0.3099,Neighbour,"Relationship type: Neighbour. Phone records show 2 call(s). Meeting records show 1 meeting(s) at Faridabad, Sector 37. This relationship type is a synthetic investigative-data label for demonstration."
REL00536,P0301,Rahul Saini,P0428,Shreya Rawat,3,2026-01-28 03:52 | 2026-04-11 07:15 | 2026-05-13 01:48,462 | 689 | 641,1792,0,,,0.0,1,2026-02-12 13:37,"Delhi, Karol Bagh",0,0.0584,Former Partner,"Relationship type: Former Partner. Phone records show 3 call(s). Meeting records show 1 meeting(s) at Delhi, Karol Bagh. This relationship type is a synthetic investigative-data label for demonstration."
REL00030,P0431,Riya Tyagi,P0585,Sonam Kumar,10,2026-01-23 22:52 | 2026-02-25 14:54 | 2026-03-02 02:50 | 2026-04-03 08:45 | 2026-05-09 07:48 | 2026-05-15 10:16 | 2026-06-12 06:58 | 2026-07-02 05:41 | 2026-08-07 22:10 | 2026-08-15 09:11,1245 | 45 | 424 | 1012 | 780 | 521 | 910 | 1243 | 1724 | 1208,9112,6,2026-01-03 09:25 | 2026-04-11 11:09 | 2026-06-16 13:51 | 2026-06-28 05:28 | 2026-07-01 15:39 | 2026-07-05 21:51,178965.69 | 12729.22 | 167039.75 | 169200.94 | 68843.62 | 148108.92,744888.14,1,2026-08-26 03:53,"Delhi, Shahdara",1,0.881,Associate,"Relationship type: Associate. Phone records show 10 call(s). Transaction records show 6 transaction(s) totaling ₹744,888. Meeting records show 1 meeting(s) at Delhi, Shahdara. This relationship type is a synthetic investigative-data label for demonstration."
REL00454,P0155,Nikhil Gupta,P0546,Arjun Bansal,4,2026-02-19 01:25 | 2026-03-14 04:22 | 2026-04-25 02:58 | 2026-04-27 11:37,149 | 556 | 278 | 196,1179,0,,,0.0,0,,,0,0.1336,Neighbour,Relationship type: Neighbour. Phone records show 4 call(s). This relationship type is a synthetic investigative-data label for demonstration.
REL00268,P0281,Pooja Chaudhary,P0478,Vivaan Bhardwaj,1,2026-03-18 07:34,123,123,0,,,0.0,0,,,0,0.1488,Colleague,Relationship type: Colleague. Phone records show 1 call(s). This relationship type is a synthetic investigative-data label for demonstration.
REL00539,P0436,Vikas Goyal,P0579,Tanya Mishra,0,,,0,0,,,0.0,0,,,0,0.0218,Neighbour,"Relationship type: Neighbour. No direct call, transaction, or meeting evidence is recorded in this dataset. This relationship type is a synthetic investigative-data label for demonstration."
REL00631,P0321,Preeti Chauhan,P0386,Deepak Sharma,4,2026-02-15 00:40 | 2026-02-18 23:52 | 2026-05-10 13:28 | 2026-06-02 00:10,364 | 647 | 137 | 515,1663,0,,,0.0,0,,,0,0.1383,Former Partner,Relationship type: Former Partner. Phone records show 4 call(s). This relationship type is a synthetic investigative-data label for demonstration.
REL00525,P0400,Ravi Singh,P0571,Yash Saxena,1,2026-04-06 16:26,216,216,1,2026-07-07 04:45,29272.34,29272.34,1,2026-06-25 21:19,"Gurugram, Sector 14",0,0.146,Associate,"Relationship type: Associate. Phone records show 1 call(s). Transaction records show 1 transaction(s) totaling ₹29,272. Meeting records show 1 meeting(s) at Gurugram, Sector 14. This relationship type is a synthetic investigative-data label for demonstration."
REL00626,P0168,Mehak Bhati,P0348,Divya Malik,0,,,0,0,,,0.0,0,,,0,0.0244,Acquaintance,"Relationship type: Acquaintance. No direct call, transaction, or meeting evidence is recorded in this dataset. This relationship type is a synthetic investigative-data label for demonstration."
REL00488,P0315,Arjun Singh,P0512,Shreya Ahuja,1,2026-03-07 00:20,171,171,0,,,0.0,0,,,0,0.3241,Neighbour,Relationship type: Neighbour. Phone records show 1 call(s). This relationship type is a synthetic investigative-data label for demonstration.
REL00252,P0252,Vivaan Yadav,P0435,Sakshi Yadav,0,,,0,0,,,0.0,0,,,0,0.0392,Neighbour,"Relationship type: Neighbour. No direct call, transaction, or meeting evidence is recorded in this dataset. This relationship type is a synthetic investigative-data label for demonstration."
REL00220,P0067,Yash Jain,P0263,Ananya Kumar,4,2026-01-22 12:42 | 2026-06-01 07:41 | 2026-06-23 11:52 | 2026-07-04 15:07,622 | 23 | 883 | 1125,2653,4,2026-02-11 09:13 | 2026-07-02 10:02 | 2026-07-19 16:01 | 2026-08-07 01:31,86877.89 | 36313.64 | 103243.12 | 52585.60,279020.25,6,2026-01-02 15:45 | 2026-03-26 01:48 | 2026-04-21 02:30 | 2026-04-24 07:21 | 2026-05-12 06:20 | 2026-07-27 00:15,"Gurugram, Manesar | Delhi, Karol Bagh | Noida, Sector 62 | Noida, Greater Noida West | Delhi, Rohini | Delhi, Okhla",1,0.8515,Friend,"Relationship type: Friend. Phone records show 4 call(s). Transaction records show 4 transaction(s) totaling ₹279,020. Meeting records show 6 meeting(s) at Gurugram, Manesar ,  Delhi, Karol Bagh ,  Noida, Sector 62 ,  Noida, Greater Noida West ,  Delhi, Rohini ,  Delhi, Okhla. This relationship type is a synthetic investigative-data label for demonstration."
REL00018,P0432,Jyoti Meena,P0556,Rohan Bansal,24,2026-01-21 19:37 | 2026-02-02 14:16 | 2026-02-11 13:05 | 2026-02-12 05:05 | 2026-02-13 21:04 | 2026-02-17 10:24 | 2026-02-25 02:14 | 2026-03-06 20:18 | 2026-03-27 19:19 | 2026-03-27 19:40 | 2026-04-07 19:28 | 2026-04-09 18:55 | 2026-04-24 16:53 | 2026-04-28 06:33 | 2026-05-10 22:04 | 2026-05-14 06:09 | 2026-05-24 21:53 | 2026-05-29 00:39 | 2026-06-24 00:35 | 2026-07-03 03:43 | 2026-07-16 18:51 | 2026-08-05 21:03 | 2026-08-12 20:32 | 2026-08-19 12:11,124 | 960 | 1448 | 201 | 620 | 1146 | 454 | 1064 | 1410 | 863 | 70 | 138 | 994 | 1360 | 185 | 1240 | 1398 | 709 | 190 | 584 | 1380 | 261 | 359 | 387,17545,2,2026-04-06 13:11 | 2026-08-19 20:44,23364.53 | 163434.77,186799.3,8,2026-02-06 07:45 | 2026-02-18 10:04 | 2026-02-18 17:10 | 2026-03-05 05:34 | 2026-04-04 16:26 | 2026-04-16 05:33 | 2026-06-04 15:52 | 2026-06-25 03:36,"Noida, Sector 62 | Delhi, Rohini | Delhi, Connaught Place | Faridabad, Sector 15 | Gurugram, Manesar | Delhi, Shahdara | Noida, Greater Noida West | Delhi, Pitampura",1,0.9589,Partner,"Relationship type: Partner. Phone records show 24 call(s). Transaction records show 2 transaction(s) totaling ₹186,799. Meeting records show 8 meeting(s) at Noida, Sector 62 ,  Delhi, Rohini ,  Delhi, Connaught Place ,  Faridabad, Sector 15 ,  Gurugram, Manesar ,  Delhi, Shahdara ,  Noida, Greater Noida West ,  Delhi, Pitampura. This relationship type is a synthetic investigative-data label for demonstration."
REL00537,P0234,Divya Sharma,P0507,Rohan Meena,0,,,0,0,,,0.0,0,,,0,0.2902,Neighbour,"Relationship type: Neighbour. No direct call, transaction, or meeting evidence is recorded in this dataset. This relationship type is a synthetic investigative-data label for demonstration."
REL00185,P0315,Arjun Singh,P0548,Priya Saini,23,2026-01-09 02:53 | 2026-01-12 15:15 | 2026-01-19 16:50 | 2026-01-20 15:08 | 2026-02-27 15:35 | 2026-03-17 19:13 | 2026-03-19 04:55 | 2026-04-02 17:34 | 2026-04-11 09:35 | 2026-04-14 19:02 | 2026-04-22 15:52 | 2026-05-11 06:09 | 2026-05-22 05:18 | 2026-05-28 14:35 | 2026-05-30 20:03 | 2026-06-26 08:18 | 2026-07-10 02:30 | 2026-07-19 15:16 | 2026-07-28 17:09 | 2026-08-08 16:37 | 2026-08-17 13:45 | 2026-08-23 02:39 | 2026-08-23 14:57,1211 | 1320 | 703 | 994 | 398 | 1691 | 222 | 666 | 1191 | 96 | 1583 | 608 | 1763 | 1561 | 1716 | 326 | 700 | 455 | 175 | 977 | 523 | 1222 | 1616,21717,6,2026-02-12 15:00 | 2026-02-14 01:50 | 2026-03-29 13:11 | 2026-04-14 20:38 | 2026-04-29 16:01 | 2026-05-03 14:24,97100.41 | 127819.37 | 179685.71 | 108253.43 | 102531.04 | 57420.91,672810.87,5,2026-01-10 20:15 | 2026-01-29 01:47 | 2026-05-14 11:06 | 2026-05-18 17:22 | 2026-07-17 04:56,"Gurugram, DLF Phase 3 | Greater Noida, Pari Chowk | Delhi, Laxmi Nagar | Greater Noida, Alpha 1 | Delhi, Narela",1,0.99,Friend,"Relationship type: Friend. Phone records show 23 call(s). Transaction records show 6 transaction(s) totaling ₹672,811. Meeting records show 5 meeting(s) at Gurugram, DLF Phase 3 ,  Greater Noida, Pari Chowk ,  Delhi, Laxmi Nagar ,  Greater Noida, Alpha 1 ,  Delhi, Narela. This relationship type is a synthetic investigative-data label for demonstration."
REL00238,P0034,Neha Jain,P0499,Muskan Kumar,2,2026-03-23 06:40 | 2026-06-15 06:46,80 | 140,220,0,,,0.0,0,,,0,0.051,Neighbour,Relationship type: Neighbour. Phone records show 2 call(s). This relationship type is a synthetic investigative-data label for demonstration.
REL00352,P0013,Simran Tiwari,P0194,Ananya Dahiya,1,2026-01-03 16:46,405,405,1,2026-03-09 10:07,2517.71,2517.71,0,,,0,0.2717,Colleague,"Relationship type: Colleague. Phone records show 1 call(s). Transaction records show 1 transaction(s) totaling ₹2,518. This relationship type is a synthetic investigative-data label for demonstration."
REL00313,P0335,Mohit Chauhan,P0480,Neha Bansal,1,2026-02-04 19:43,577,577,1,2026-03-30 05:13,28650.70,28650.7,0,,,0,0.2111,Neighbour,"Relationship type: Neighbour. Phone records show 1 call(s). Transaction records show 1 transaction(s) totaling ₹28,651. This relationship type is a synthetic investigative-data label for demonstration."
REL00517,P0244,Tanya Sharma,P0283,Shreya Goyal,3,2026-03-31 09:43 | 2026-07-11 18:55 | 2026-07-23 04:05,208 | 628 | 114,950,2,2026-03-04 07:34 | 2026-04-25 19:01,26104.01 | 10884.86,36988.87,0,,,0,0.0392,Acquaintance,"Relationship type: Acquaintance. Phone records show 3 call(s). Transaction records show 2 transaction(s) totaling ₹36,989. This relationship type is a synthetic investigative-data label for demonstration."
REL00199,P0022,Karan Mishra,P0156,Rahul Verma,7,2026-02-09 19:51 | 2026-02-26 04:57 | 2026-05-07 03:19 | 2026-05-12 22:05 | 2026-07-05 10:15 | 2026-08-12 07:10 | 2026-08-22 02:07,844 | 759 | 1156 | 620 | 1482 | 942 | 635,6438,4,2026-01-08 22:53 | 2026-06-03 15:01 | 2026-07-06 15:48 | 2026-08-19 01:51,157317.50 | 167314.60 | 138285.84 | 130688.22,593606.16,4,2026-04-11 10:53 | 2026-04-15 21:32 | 2026-04-27 06:08 | 2026-06-03 01:29,"Delhi, Pitampura | Delhi, Karol Bagh | Faridabad, Sector 37 | Gurugram, Sector 29",1,0.947,Former Partner,"Relationship type: Former Partner. Phone records show 7 call(s). Transaction records show 4 transaction(s) totaling ₹593,606. Meeting records show 4 meeting(s) at Delhi, Pitampura ,  Delhi, Karol Bagh ,  Faridabad, Sector 37 ,  Gurugram, Sector 29. This relationship type is a synthetic investigative-data label for demonstration."
REL00336,P0125,Rahul Chauhan,P0194,Ananya Dahiya,1,2026-05-08 01:45,131,131,0,,,0.0,1,2026-02-01 22:13,"Noida, Sector 63",0,0.2736,Colleague,"Relationship type: Colleague. Phone records show 1 call(s). Meeting records show 1 meeting(s) at Noida, Sector 63. This relationship type is a synthetic investigative-data label for demonstration."
REL00559,P0019,Varun Kumar,P0529,Rohan Jain,2,2026-03-22 05:57 | 2026-07-31 16:18,287 | 567,854,2,2026-05-13 12:47 | 2026-08-23 13:59,18978.28 | 21574.55,40552.83,0,,,0,0.1727,Colleague,"Relationship type: Colleague. Phone records show 2 call(s). Transaction records show 2 transaction(s) totaling ₹40,553. This relationship type is a synthetic investigative-data label for demonstration."
REL00441,P0028,Yash Chauhan,P0331,Manish Meena,0,,,0,0,,,0.0,1,2026-05-24 03:09,"Delhi, Rohini",0,0.1374,Colleague,"Relationship type: Colleague. Meeting records show 1 meeting(s) at Delhi, Rohini. This relationship type is a synthetic investigative-data label for demonstration."
REL00098,P0209,Mehak Mishra,P0288,Arjun Singh,14,2026-01-18 08:03 | 2026-03-01 19:29 | 2026-03-26 03:07 | 2026-04-16 03:35 | 2026-05-10 02:13 | 2026-05-20 19:05 | 2026-06-01 18:40 | 2026-06-05 14:37 | 2026-06-09 13:03 | 2026-06-11 03:20 | 2026-07-19 16:28 | 2026-07-22 02:09 | 2026-08-13 11:30 | 2026-08-26 14:24,1745 | 559 | 1097 | 1138 | 159 | 1000 | 1209 | 1041 | 1398 | 89 | 854 | 1743 | 265 | 1709,14006,3,2026-01-28 06:22 | 2026-06-08 19:46 | 2026-07-14 09:10,75528.30 | 145190.03 | 24818.42,245536.75,7,2026-02-11 14:09 | 2026-02-17 11:17 | 2026-03-03 20:16 | 2026-03-14 14:36 | 2026-04-29 10:33 | 2026-07-23 12:52 | 2026-07-30 05:45,"Gurugram, DLF Phase 2 | Greater Noida, Pari Chowk | Greater Noida, Alpha 1 | Delhi, Najafgarh | Delhi, Laxmi Nagar | Delhi, Connaught Place | Greater Noida, Alpha 1",1,0.99,Business Associate,"Relationship type: Business Associate. Phone records show 14 call(s). Transaction records show 3 transaction(s) totaling ₹245,537. Meeting records show 7 meeting(s) at Gurugram, DLF Phase 2 ,  Greater Noida, Pari Chowk ,  Greater Noida, Alpha 1 ,  Delhi, Najafgarh ,  Delhi, Laxmi Nagar ,  Delhi, Connaught Place ,  Greater Noida, Alpha 1. This relationship type is a synthetic investigative-data label for demonstration."
REL00571,P0049,Mehak Kapoor,P0420,Mehak Pandey,0,,,0,2,2026-01-24 11:24 | 2026-06-16 22:26,19786.61 | 25686.33,45472.94,2,2026-01-13 03:12 | 2026-08-25 21:34,"Delhi, Mayur Vihar | Delhi, Rohini",0,0.2759,Associate,"Relationship type: Associate. Transaction records show 2 transaction(s) totaling ₹45,473. Meeting records show 2 meeting(s) at Delhi, Mayur Vihar ,  Delhi, Rohini. This relationship type is a synthetic investigative-data label for demonstration."
REL00483,P0096,Preeti Sharma,P0113,Ananya Aggarwal,1,2026-05-09 09:28,160,160,0,,,0.0,0,,,0,0.0772,Colleague,Relationship type: Colleague. Phone records show 1 call(s). This relationship type is a synthetic investigative-data label for demonstration.
REL00061,P0156,Rahul Verma,P0342,Ananya Bhardwaj,15,2026-01-10 20:13 | 2026-01-11 04:40 | 2026-01-23 18:00 | 2026-01-27 22:06 | 2026-02-16 17:10 | 2026-02-28 11:17 | 2026-05-12 07:25 | 2026-06-05 01:56 | 2026-06-19 00:04 | 2026-06-20 14:13 | 2026-07-03 06:07 | 2026-07-05 08:39 | 2026-07-19 23:45 | 2026-07-24 02:40 | 2026-07-27 03:53,220 | 1459 | 679 | 966 | 1244 | 803 | 1727 | 153 | 1378 | 942 | 815 | 1435 | 410 | 839 | 870,13940,5,2026-03-16 03:55 | 2026-03-23 20:59 | 2026-04-07 06:25 | 2026-04-22 20:39 | 2026-07-17 16:26,70150.34 | 118994.33 | 57177.77 | 60048.05 | 143247.69,449618.18,5,2026-06-01 14:48 | 2026-06-15 09:42 | 2026-06-20 07:31 | 2026-07-12 23:49 | 2026-08-02 02:49,"Gurugram, Sohna Road | Delhi, Mayur Vihar | Faridabad, Sector 37 | Gurugram, DLF Phase 2 | Noida, Sector 15",1,0.99,Neighbour,"Relationship type: Neighbour. Phone records show 15 call(s). Transaction records show 5 transaction(s) totaling ₹449,618. Meeting records show 5 meeting(s) at Gurugram, Sohna Road ,  Delhi, Mayur Vihar ,  Faridabad, Sector 37 ,  Gurugram, DLF Phase 2 ,  Noida, Sector 15. This relationship type is a synthetic investigative-data label for demonstration."
REL00640,P0047,Harsh Bhardwaj,P0148,Priya Bhati,2,2026-05-29 07:48 | 2026-06-27 01:02,601 | 688,1289,0,,,0.0,1,2026-04-13 01:46,"Delhi, Shahdara",0,0.0684,Colleague,"Relationship type: Colleague. Phone records show 2 call(s). Meeting records show 1 meeting(s) at Delhi, Shahdara. This relationship type is a synthetic investigative-data label for demonstration."
REL00463,P0510,Ravi Ahuja,P0547,Pooja Malik,1,2026-03-12 10:13,137,137,1,2026-05-03 00:54,12292.65,12292.65,0,,,0,0.2381,Neighbour,"Relationship type: Neighbour. Phone records show 1 call(s). Transaction records show 1 transaction(s) totaling ₹12,293. This relationship type is a synthetic investigative-data label for demonstration."
REL00408,P0201,Rahul Bansal,P0513,Priya Bhati,1,2026-05-22 12:01,646,646,1,2026-06-27 15:10,16897.84,16897.84,0,,,0,0.0405,Neighbour,"Relationship type: Neighbour. Phone records show 1 call(s). Transaction records show 1 transaction(s) totaling ₹16,898. This relationship type is a synthetic investigative-data label for demonstration."
REL00049,P0576,Karan Narang,P0590,Varun Saini,13,2026-02-01 03:38 | 2026-02-09 01:20 | 2026-03-11 02:52 | 2026-03-17 17:59 | 2026-03-27 12:20 | 2026-04-08 09:40 | 2026-04-23 05:37 | 2026-05-26 20:36 | 2026-07-07 07:27 | 2026-07-12 02:02 | 2026-08-01 03:22 | 2026-08-07 01:49 | 2026-08-17 14:58,25 | 1407 | 1245 | 1458 | 345 | 833 | 1347 | 604 | 175 | 813 | 705 | 841 | 955,10753,4,2026-02-02 07:44 | 2026-04-26 02:09 | 2026-05-26 04:57 | 2026-07-10 12:15,119807.15 | 93639.34 | 173438.33 | 88359.59,475244.41,1,2026-04-23 06:35,"Delhi, Pitampura",1,0.8833,Brother,"Relationship type: Brother. Phone records show 13 call(s). Transaction records show 4 transaction(s) totaling ₹475,244. Meeting records show 1 meeting(s) at Delhi, Pitampura. This relationship type is a synthetic investigative-data label for demonstration."
REL00381,P0127,Naina Mishra,P0262,Ravi Gupta,0,,,0,0,,,0.0,1,2026-04-05 22:21,"Ghaziabad, Vaishali",0,0.2615,Associate,"Relationship type: Associate. Meeting records show 1 meeting(s) at Ghaziabad, Vaishali. This relationship type is a synthetic investigative-data label for demonstration."
REL00473,P0168,Mehak Bhati,P0397,Karan Aggarwal,1,2026-07-26 10:41,313,313,0,,,0.0,0,,,0,0.1069,Former Partner,Relationship type: Former Partner. Phone records show 1 call(s). This relationship type is a synthetic investigative-data label for demonstration.
REL00331,P0082,Sonam Singh,P0108,Harsh Bhardwaj,0,,,0,0,,,0.0,1,2026-08-16 19:53,"Noida, Sector 27",0,0.196,Neighbour,"Relationship type: Neighbour. Meeting records show 1 meeting(s) at Noida, Sector 27. This relationship type is a synthetic investigative-data label for demonstration."
REL00469,P0140,Riya Narang,P0590,Varun Saini,1,2026-06-20 04:22,480,480,1,2026-02-23 21:01,2143.59,2143.59,0,,,0,0.1206,Former Partner,"Relationship type: Former Partner. Phone records show 1 call(s). Transaction records show 1 transaction(s) totaling ₹2,144. This relationship type is a synthetic investigative-data label for demonstration."
REL00515,P0327,Vikas Verma,P0465,Karan Mishra,4,2026-02-19 08:23 | 2026-03-08 23:25 | 2026-06-02 12:12 | 2026-08-01 08:14,376 | 435 | 286 | 477,1574,1,2026-07-10 14:12,12805.81,12805.81,1,2026-08-03 00:07,"Gurugram, Sector 18",0,0.0522,Neighbour,"Relationship type: Neighbour. Phone records show 4 call(s). Transaction records show 1 transaction(s) totaling ₹12,806. Meeting records show 1 meeting(s) at Gurugram, Sector 18. This relationship type is a synthetic investigative-data label for demonstration."
REL00119,P0242,Aarav Sharma,P0246,Mehak Bhati,25,2026-01-08 09:42 | 2026-01-12 15:21 | 2026-01-18 15:26 | 2026-01-29 04:23 | 2026-01-29 08:20 | 2026-02-03 22:11 | 2026-02-06 22:41 | 2026-02-17 17:24 | 2026-03-07 20:22 | 2026-03-25 22:20 | 2026-04-05 15:19 | 2026-04-08 15:15 | 2026-04-23 18:11 | 2026-05-13 21:37 | 2026-05-15 23:58 | 2026-05-18 13:04 | 2026-05-30 00:22 | 2026-06-11 20:01 | 2026-06-12 00:21 | 2026-07-16 00:50 | 2026-07-16 17:05 | 2026-07-25 22:36 | 2026-08-04 23:02 | 2026-08-17 02:40 | 2026-08-19 15:12,1630 | 1259 | 1214 | 431 | 127 | 1091 | 548 | 1522 | 1056 | 1021 | 225 | 1492 | 703 | 1461 | 939 | 1007 | 997 | 1091 | 1000 | 1784 | 419 | 682 | 713 | 395 | 789,23596,3,2026-01-26 19:48 | 2026-02-27 08:27 | 2026-07-03 18:05,70267.90 | 72564.93 | 101189.07,244021.9,7,2026-01-11 10:32 | 2026-01-16 01:45 | 2026-03-07 18:12 | 2026-05-01 02:51 | 2026-05-26 19:00 | 2026-06-22 03:19 | 2026-08-05 14:54,"Faridabad, NIT | Delhi, Saket | Delhi, Karol Bagh | Delhi, Saket | Delhi, Mayur Vihar | Gurugram, DLF Phase 2 | Faridabad, Sector 15",1,0.9656,Former Partner,"Relationship type: Former Partner. Phone records show 25 call(s). Transaction records show 3 transaction(s) totaling ₹244,022. Meeting records show 7 meeting(s) at Faridabad, NIT ,  Delhi, Saket ,  Delhi, Karol Bagh ,  Delhi, Saket ,  Delhi, Mayur Vihar ,  Gurugram, DLF Phase 2 ,  Faridabad, Sector 15. This relationship type is a synthetic investigative-data label for demonstration."
REL00658,P0441,Aditi Dahiya,P0590,Varun Saini,0,,,0,0,,,0.0,2,2026-01-11 08:00 | 2026-07-26 15:24,"Ghaziabad, Crossings Republik | Delhi, Laxmi Nagar",0,0.0241,Former Partner,"Relationship type: Former Partner. Meeting records show 2 meeting(s) at Ghaziabad, Crossings Republik ,  Delhi, Laxmi Nagar. This relationship type is a synthetic investigative-data label for demonstration."
REL00200,P0319,Aditya Yadav,P0374,Aditi Ahuja,19,2026-01-08 10:42 | 2026-01-14 13:07 | 2026-01-17 18:36 | 2026-01-20 05:14 | 2026-02-21 02:51 | 2026-03-04 00:09 | 2026-04-15 12:01 | 2026-04-23 19:20 | 2026-04-24 11:21 | 2026-05-31 14:23 | 2026-06-04 01:38 | 2026-06-04 15:21 | 2026-06-16 03:51 | 2026-07-17 00:01 | 2026-07-24 07:58 | 2026-08-03 03:35 | 2026-08-08 03:38 | 2026-08-15 23:31 | 2026-08-20 00:44,1453 | 542 | 56 | 47 | 996 | 1517 | 181 | 329 | 691 | 1667 | 1107 | 812 | 504 | 1399 | 1364 | 989 | 413 | 1210 | 73,15350,1,2026-03-28 03:04,86364.13,86364.13,3,2026-01-24 11:56 | 2026-06-18 21:31 | 2026-08-24 21:21,"Noida, Sector 62 | Gurugram, Sector 14 | Gurugram, Sector 29",1,0.8695,Family,"Relationship type: Family. Phone records show 19 call(s). Transaction records show 1 transaction(s) totaling ₹86,364. Meeting records show 3 meeting(s) at Noida, Sector 62 ,  Gurugram, Sector 14 ,  Gurugram, Sector 29. This relationship type is a synthetic investigative-data label for demonstration."
REL00302,P0170,Simran Meena,P0530,Varun Bhati,0,,,0,0,,,0.0,1,2026-01-15 07:10,"Delhi, Connaught Place",0,0.3473,Neighbour,"Relationship type: Neighbour. Meeting records show 1 meeting(s) at Delhi, Connaught Place. This relationship type is a synthetic investigative-data label for demonstration."
REL00164,P0025,Aditya Jain,P0523,Mohit Sharma,24,2026-01-09 11:21 | 2026-01-26 11:21 | 2026-01-30 03:22 | 2026-02-01 21:35 | 2026-02-03 23:16 | 2026-02-16 20:17 | 2026-02-20 01:22 | 2026-03-15 01:48 | 2026-03-17 08:13 | 2026-03-17 13:07 | 2026-03-29 14:07 | 2026-04-05 03:09 | 2026-04-19 01:56 | 2026-05-26 01:09 | 2026-05-28 14:26 | 2026-06-02 05:34 | 2026-06-05 06:23 | 2026-07-03 18:51 | 2026-07-08 04:23 | 2026-07-23 00:32 | 2026-07-30 01:49 | 2026-08-04 22:30 | 2026-08-24 03:00 | 2026-08-24 14:53,1327 | 309 | 910 | 406 | 935 | 925 | 962 | 556 | 762 | 244 | 1111 | 1430 | 1099 | 988 | 229 | 754 | 493 | 689 | 37 | 1192 | 754 | 1345 | 143 | 643,18243,8,2026-01-31 23:24 | 2026-02-01 02:37 | 2026-02-20 07:52 | 2026-02-21 06:54 | 2026-03-11 20:57 | 2026-05-25 05:27 | 2026-06-27 17:29 | 2026-07-25 10:47,75283.07 | 116850.61 | 79235.92 | 5150.40 | 81610.41 | 116024.29 | 103950.23 | 18305.50,596410.43,4,2026-02-09 05:40 | 2026-04-28 13:32 | 2026-06-05 01:56 | 2026-06-22 17:39,"Faridabad, Sector 15 | Gurugram, Sector 18 | Gurugram, Sohna Road | Delhi, Narela",1,0.99,Father,"Relationship type: Father. Phone records show 24 call(s). Transaction records show 8 transaction(s) totaling ₹596,410. Meeting records show 4 meeting(s) at Faridabad, Sector 15 ,  Gurugram, Sector 18 ,  Gurugram, Sohna Road ,  Delhi, Narela. This relationship type is a synthetic investigative-data label for demonstration."
REL00109,P0045,Komal Singh,P0373,Sumit Rawat,19,2026-01-12 02:59 | 2026-01-25 15:30 | 2026-02-15 16:33 | 2026-02-20 10:39 | 2026-03-01 06:12 | 2026-03-12 02:41 | 2026-03-19 03:39 | 2026-03-20 01:57 | 2026-04-11 07:06 | 2026-04-16 07:06 | 2026-05-04 20:05 | 2026-05-08 20:23 | 2026-05-24 16:51 | 2026-05-29 13:51 | 2026-06-01 15:56 | 2026-06-19 16:17 | 2026-06-30 19:42 | 2026-07-23 07:04 | 2026-07-28 14:38,1071 | 1678 | 553 | 1734 | 343 | 686 | 1309 | 1547 | 694 | 1658 | 805 | 277 | 177 | 1000 | 155 | 251 | 409 | 800 | 1558,16705,1,2026-02-15 10:58,86442.29,86442.29,8,2026-02-09 05:16 | 2026-02-19 09:13 | 2026-02-28 17:37 | 2026-03-01 15:20 | 2026-04-14 13:52 | 2026-04-17 13:26 | 2026-05-28 14:25 | 2026-06-13 16:11,"Delhi, Shahdara | Noida, Sector 18 | Greater Noida, Alpha 1 | Ghaziabad, Raj Nagar | Noida, Sector 62 | Delhi, Rohini | Greater Noida, Pari Chowk | Delhi, Okhla",1,0.8645,Friend,"Relationship type: Friend. Phone records show 19 call(s). Transaction records show 1 transaction(s) totaling ₹86,442. Meeting records show 8 meeting(s) at Delhi, Shahdara ,  Noida, Sector 18 ,  Greater Noida, Alpha 1 ,  Ghaziabad, Raj Nagar ,  Noida, Sector 62 ,  Delhi, Rohini ,  Greater Noida, Pari Chowk ,  Delhi, Okhla. This relationship type is a synthetic investigative-data label for demonstration."
REL00298,P0094,Karan Kapoor,P0283,Shreya Goyal,1,2026-06-07 15:03,221,221,2,2026-05-07 04:45 | 2026-06-29 10:48,23343.73 | 25953.79,49297.52,0,,,0,0.3375,Acquaintance,"Relationship type: Acquaintance. Phone records show 1 call(s). Transaction records show 2 transaction(s) totaling ₹49,298. This relationship type is a synthetic investigative-data label for demonstration."
REL00318,P0357,Aditi Singh,P0370,Rohan Arora,0,,,0,0,,,0.0,0,,,0,0.3136,Associate,"Relationship type: Associate. No direct call, transaction, or meeting evidence is recorded in this dataset. This relationship type is a synthetic investigative-data label for demonstration."
REL00263,P0002,Harsh Narang,P0171,Rahul Khanna,1,2026-01-08 01:18,357,357,1,2026-03-24 01:20,9590.14,9590.14,0,,,0,0.0461,Colleague,"Relationship type: Colleague. Phone records show 1 call(s). Transaction records show 1 transaction(s) totaling ₹9,590. This relationship type is a synthetic investigative-data label for demonstration."
REL00089,P0179,Sonam Bhardwaj,P0555,Pooja Tyagi,7,2026-01-12 03:48 | 2026-02-11 21:54 | 2026-04-04 05:59 | 2026-04-20 08:52 | 2026-06-21 06:23 | 2026-07-31 13:04 | 2026-08-08 07:33,828 | 653 | 73 | 888 | 1762 | 994 | 203,5401,7,2026-03-24 08:41 | 2026-03-27 10:54 | 2026-06-19 11:56 | 2026-06-22 07:06 | 2026-07-19 21:35 | 2026-08-17 02:58 | 2026-08-24 21:50,74860.55 | 170926.67 | 110237.85 | 80587.05 | 46752.16 | 109677.66 | 123808.53,716850.47,8,2026-01-03 18:57 | 2026-01-28 12:46 | 2026-02-16 23:00 | 2026-03-07 21:30 | 2026-04-26 12:49 | 2026-07-04 12:58 | 2026-08-06 19:46 | 2026-08-16 21:19,"Gurugram, Sector 14 | Noida, Sector 18 | Delhi, Shahdara | Noida, Sector 18 | Gurugram, Sohna Road | Delhi, Shahdara | Delhi, Najafgarh | Gurugram, Udyog Vihar",1,0.9385,Business Associate,"Relationship type: Business Associate. Phone records show 7 call(s). Transaction records show 7 transaction(s) totaling ₹716,850. Meeting records show 8 meeting(s) at Gurugram, Sector 14 ,  Noida, Sector 18 ,  Delhi, Shahdara ,  Noida, Sector 18 ,  Gurugram, Sohna Road ,  Delhi, Shahdara ,  Delhi, Najafgarh ,  Gurugram, Udyog Vihar. This relationship type is a synthetic investigative-data label for demonstration."
REL00612,P0035,Vikas Tyagi,P0478,Vivaan Bhardwaj,0,,,0,1,2026-07-21 14:27,28278.57,28278.57,0,,,0,0.1448,Colleague,"Relationship type: Colleague. Transaction records show 1 transaction(s) totaling ₹28,279. This relationship type is a synthetic investigative-data label for demonstration."
REL00545,P0190,Simran Meena,P0352,Shreya Mishra,2,2026-01-01 04:47 | 2026-07-27 04:52,631 | 104,735,2,2026-04-12 04:55 | 2026-07-14 22:57,10485.87 | 6405.13,16891.0,2,2026-02-06 18:26 | 2026-04-26 23:05,"Noida, Sector 27 | Delhi, Pitampura",0,0.3497,Associate,"Relationship type: Associate. Phone records show 2 call(s). Transaction records show 2 transaction(s) totaling ₹16,891. Meeting records show 2 meeting(s) at Noida, Sector 27 ,  Delhi, Pitampura. This relationship type is a synthetic investigative-data label for demonstration."
REL00207,P0076,Yash Rawat,P0329,Amit Arora,4,2026-02-09 01:31 | 2026-03-10 20:35 | 2026-06-09 06:53 | 2026-08-07 10:04,378 | 514 | 1504 | 1628,4024,4,2026-04-17 21:23 | 2026-06-18 22:12 | 2026-06-20 03:36 | 2026-08-18 17:00,78107.39 | 10249.94 | 179880.92 | 3925.35,272163.6,2,2026-03-09 20:11 | 2026-05-16 01:13,"Ghaziabad, Indirapuram | Faridabad, Sector 37",1,0.7849,Colleague,"Relationship type: Colleague. Phone records show 4 call(s). Transaction records show 4 transaction(s) totaling ₹272,164. Meeting records show 2 meeting(s) at Ghaziabad, Indirapuram ,  Faridabad, Sector 37. This relationship type is a synthetic investigative-data label for demonstration."
REL00046,P0070,Harsh Mishra,P0220,Arjun Malik,18,2026-01-04 00:12 | 2026-01-28 06:28 | 2026-02-01 22:37 | 2026-02-11 22:22 | 2026-03-09 10:30 | 2026-03-16 14:53 | 2026-03-17 15:34 | 2026-03-20 16:57 | 2026-04-01 15:06 | 2026-05-15 12:56 | 2026-05-28 15:38 | 2026-06-09 18:17 | 2026-07-05 05:02 | 2026-07-08 09:17 | 2026-07-12 23:04 | 2026-08-06 22:13 | 2026-08-19 12:16 | 2026-08-23 16:59,1403 | 353 | 802 | 1302 | 141 | 825 | 1234 | 1729 | 1292 | 377 | 264 | 583 | 483 | 341 | 1249 | 1631 | 243 | 1080,15332,2,2026-04-25 11:24 | 2026-06-17 01:01,71169.24 | 154106.53,225275.77,1,2026-01-08 21:17,"Delhi, Dwarka",1,0.8501,Relative,"Relationship type: Relative. Phone records show 18 call(s). Transaction records show 2 transaction(s) totaling ₹225,276. Meeting records show 1 meeting(s) at Delhi, Dwarka. This relationship type is a synthetic investigative-data label for demonstration."
REL00388,P0307,Ravi Saini,P0383,Neha Bhardwaj,2,2026-02-24 22:01 | 2026-08-02 01:02,183 | 209,392,0,,,0.0,1,2026-02-23 20:38,"Delhi, Pitampura",0,0.0383,Colleague,"Relationship type: Colleague. Phone records show 2 call(s). Meeting records show 1 meeting(s) at Delhi, Pitampura. This relationship type is a synthetic investigative-data label for demonstration."
REL00338,P0190,Simran Meena,P0349,Vivaan Kumar,2,2026-05-06 08:03 | 2026-08-05 08:32,38 | 533,571,0,,,0.0,0,,,0,0.2386,Former Partner,Relationship type: Former Partner. Phone records show 2 call(s). This relationship type is a synthetic investigative-data label for demonstration.
REL00375,P0264,Nikhil Saini,P0592,Sumit Goyal,1,2026-02-25 07:25,301,301,0,,,0.0,1,2026-02-27 20:19,"Greater Noida, Knowledge Park",0,0.2171,Associate,"Relationship type: Associate. Phone records show 1 call(s). Meeting records show 1 meeting(s) at Greater Noida, Knowledge Park. This relationship type is a synthetic investigative-data label for demonstration."
REL00070,P0125,Rahul Chauhan,P0160,Pooja Yadav,7,2026-01-13 19:54 | 2026-04-23 21:11 | 2026-05-07 09:15 | 2026-05-09 03:27 | 2026-07-09 17:23 | 2026-07-23 05:10 | 2026-07-26 06:45,270 | 1321 | 501 | 503 | 745 | 685 | 353,4378,5,2026-03-20 01:53 | 2026-03-31 19:36 | 2026-04-19 06:48 | 2026-06-03 17:43 | 2026-07-24 04:01,61124.14 | 7747.03 | 144032.61 | 144616.19 | 111992.11,469512.08,3,2026-01-27 01:27 | 2026-01-30 08:04 | 2026-07-17 23:50,"Noida, Sector 63 | Gurugram, Sector 14 | Greater Noida, Alpha 1",1,0.9435,Business Associate,"Relationship type: Business Associate. Phone records show 7 call(s). Transaction records show 5 transaction(s) totaling ₹469,512. Meeting records show 3 meeting(s) at Noida, Sector 63 ,  Gurugram, Sector 14 ,  Greater Noida, Alpha 1. This relationship type is a synthetic investigative-data label for demonstration."
REL00003,P0048,Rahul Gupta,P0453,Aarav Saxena,7,2026-01-03 10:10 | 2026-01-24 15:16 | 2026-03-22 17:48 | 2026-05-21 10:30 | 2026-06-07 09:40 | 2026-06-22 07:22 | 2026-07-01 22:48,987 | 1762 | 1320 | 1781 | 253 | 381 | 1701,8185,6,2026-02-10 04:41 | 2026-04-14 02:26 | 2026-04-30 16:23 | 2026-05-05 11:44 | 2026-06-15 18:23 | 2026-06-23 03:48,105347.19 | 67725.28 | 127650.29 | 49141.45 | 84354.44 | 97032.24,531250.89,6,2026-01-17 13:23 | 2026-02-16 14:21 | 2026-05-19 15:49 | 2026-08-01 12:52 | 2026-08-12 15:55 | 2026-08-21 20:08,"Delhi, Laxmi Nagar | Delhi, Okhla | Ghaziabad, Crossings Republik | Noida, Sector 16 | Noida, Sector 16 | Delhi, Rohini",1,0.9223,Spouse,"Relationship type: Spouse. Phone records show 7 call(s). Transaction records show 6 transaction(s) totaling ₹531,251. Meeting records show 6 meeting(s) at Delhi, Laxmi Nagar ,  Delhi, Okhla ,  Ghaziabad, Crossings Republik ,  Noida, Sector 16 ,  Noida, Sector 16 ,  Delhi, Rohini. This relationship type is a synthetic investigative-data label for demonstration."
REL00481,P0300,Rohan Goyal,P0416,Komal Pandey,0,,,0,0,,,0.0,0,,,0,0.125,Neighbour,"Relationship type: Neighbour. No direct call, transaction, or meeting evidence is recorded in this dataset. This relationship type is a synthetic investigative-data label for demonstration."
REL00516,P0010,Vivaan Bansal,P0090,Vivaan Kumar,3,2026-01-16 16:53 | 2026-02-18 06:22 | 2026-08-11 14:58,321 | 560 | 601,1482,1,2026-03-27 22:19,601.27,601.27,0,,,0,0.1864,Colleague,Relationship type: Colleague. Phone records show 3 call(s). Transaction records show 1 transaction(s) totaling ₹601. This relationship type is a synthetic investigative-data label for demonstration.
REL00016,P0294,Saurabh Kapoor,P0457,Preeti Saxena,21,2026-01-10 03:08 | 2026-01-15 16:21 | 2026-02-15 05:20 | 2026-02-28 17:55 | 2026-03-12 10:15 | 2026-03-21 18:35 | 2026-04-03 13:18 | 2026-04-09 03:56 | 2026-04-19 01:53 | 2026-04-20 10:34 | 2026-05-04 20:21 | 2026-05-26 08:15 | 2026-06-13 16:03 | 2026-06-29 21:13 | 2026-07-08 02:20 | 2026-07-12 20:29 | 2026-07-15 02:52 | 2026-07-17 23:33 | 2026-07-21 20:27 | 2026-08-02 13:47 | 2026-08-19 04:54,875 | 107 | 22 | 1541 | 768 | 365 | 781 | 89 | 838 | 646 | 584 | 898 | 274 | 1235 | 998 | 503 | 529 | 1521 | 167 | 1397 | 1063,15201,3,2026-02-19 11:08 | 2026-04-15 21:38 | 2026-04-29 20:48,112673.53 | 21525.80 | 118739.66,252938.99,6,2026-05-08 08:22 | 2026-05-23 00:28 | 2026-06-08 16:18 | 2026-06-16 02:34 | 2026-08-29 08:49 | 2026-08-29 16:22,"Gurugram, Manesar | Delhi, Saket | Ghaziabad, Kaushambi | Delhi, Narela | Delhi, Mayur Vihar | Ghaziabad, Raj Nagar",1,0.9608,Friend,"Relationship type: Friend. Phone records show 21 call(s). Transaction records show 3 transaction(s) totaling ₹252,939. Meeting records show 6 meeting(s) at Gurugram, Manesar ,  Delhi, Saket ,  Ghaziabad, Kaushambi ,  Delhi, Narela ,  Delhi, Mayur Vihar ,  Ghaziabad, Raj Nagar. This relationship type is a synthetic investigative-data label for demonstration."
REL00104,P0052,Aditya Rawat,P0070,Harsh Mishra,22,2026-01-25 11:53 | 2026-01-30 21:59 | 2026-02-08 05:29 | 2026-02-13 16:12 | 2026-02-28 10:25 | 2026-03-01 04:00 | 2026-03-24 02:29 | 2026-03-25 12:13 | 2026-04-26 21:12 | 2026-04-28 15:42 | 2026-05-08 22:44 | 2026-05-11 16:58 | 2026-05-23 11:24 | 2026-06-12 16:58 | 2026-06-17 17:22 | 2026-06-24 23:49 | 2026-07-08 08:12 | 2026-07-25 06:18 | 2026-08-03 08:54 | 2026-08-13 21:03 | 2026-08-13 23:01 | 2026-08-25 23:47,540 | 922 | 1468 | 1119 | 33 | 1745 | 1591 | 1277 | 641 | 563 | 1783 | 859 | 1607 | 952 | 1011 | 1433 | 22 | 1245 | 1455 | 28 | 1555 | 1195,23044,5,2026-01-28 03:56 | 2026-04-30 19:44 | 2026-06-09 00:47 | 2026-08-12 02:40 | 2026-08-25 20:53,144166.23 | 155285.63 | 23162.19 | 167128.18 | 154829.21,644571.44,6,2026-02-14 03:38 | 2026-03-28 13:31 | 2026-04-04 00:48 | 2026-05-22 10:46 | 2026-06-10 14:38 | 2026-06-16 13:20,"Delhi, Najafgarh | Noida, Sector 63 | Delhi, Mayur Vihar | Delhi, Karol Bagh | Delhi, Rohini | Faridabad, Sector 15",1,0.99,Sister,"Relationship type: Sister. Phone records show 22 call(s). Transaction records show 5 transaction(s) totaling ₹644,571. Meeting records show 6 meeting(s) at Delhi, Najafgarh ,  Noida, Sector 63 ,  Delhi, Mayur Vihar ,  Delhi, Karol Bagh ,  Delhi, Rohini ,  Faridabad, Sector 15. This relationship type is a synthetic investigative-data label for demonstration."
REL00187,P0147,Naina Pandey,P0189,Manish Kapoor,10,2026-01-19 00:43 | 2026-01-22 21:22 | 2026-01-27 11:43 | 2026-03-14 03:29 | 2026-05-19 21:39 | 2026-05-30 03:24 | 2026-07-04 05:21 | 2026-07-19 11:34 | 2026-08-13 19:15 | 2026-08-26 03:18,298 | 97 | 1657 | 1302 | 523 | 988 | 1189 | 1338 | 1640 | 1498,10530,2,2026-01-20 18:52 | 2026-07-10 05:34,7180.02 | 169977.26,177157.28,8,2026-01-07 18:20 | 2026-02-07 20:17 | 2026-03-10 03:29 | 2026-03-14 09:51 | 2026-03-24 13:16 | 2026-05-04 00:18 | 2026-05-07 11:52 | 2026-07-08 18:38,"Delhi, Connaught Place | Faridabad, Sector 15 | Greater Noida, Alpha 1 | Greater Noida, Alpha 1 | Delhi, Karol Bagh | Faridabad, NIT | Delhi, Karol Bagh | Delhi, Okhla",1,0.9533,Associate,"Relationship type: Associate. Phone records show 10 call(s). Transaction records show 2 transaction(s) totaling ₹177,157. Meeting records show 8 meeting(s) at Delhi, Connaught Place ,  Faridabad, Sector 15 ,  Greater Noida, Alpha 1 ,  Greater Noida, Alpha 1 ,  Delhi, Karol Bagh ,  Faridabad, NIT ,  Delhi, Karol Bagh ,  Delhi, Okhla. This relationship type is a synthetic investigative-data label for demonstration."
REL00004,P0216,Muskan Malik,P0453,Aarav Saxena,18,2026-01-11 10:46 | 2026-01-14 16:11 | 2026-02-08 14:22 | 2026-02-08 20:06 | 2026-02-26 23:56 | 2026-03-01 10:40 | 2026-03-09 10:34 | 2026-04-08 22:56 | 2026-04-15 02:04 | 2026-04-15 17:01 | 2026-04-16 19:25 | 2026-04-22 02:31 | 2026-04-24 21:31 | 2026-04-25 22:43 | 2026-06-03 21:25 | 2026-06-28 16:55 | 2026-07-16 19:00 | 2026-08-07 17:34,977 | 1771 | 403 | 820 | 706 | 1219 | 1336 | 824 | 1531 | 143 | 82 | 1384 | 1304 | 78 | 1095 | 1281 | 1389 | 401,16744,1,2026-08-17 21:36,132756.70,132756.7,7,2026-01-11 15:08 | 2026-04-03 20:56 | 2026-04-28 11:58 | 2026-06-18 06:57 | 2026-07-03 17:03 | 2026-08-03 14:56 | 2026-08-20 06:58,"Gurugram, Sector 29 | Delhi, Rohini | Greater Noida, Alpha 1 | Delhi, Rohini | Delhi, Najafgarh | Faridabad, Sector 15 | Noida, Sector 15",1,0.8655,Spouse,"Relationship type: Spouse. Phone records show 18 call(s). Transaction records show 1 transaction(s) totaling ₹132,757. Meeting records show 7 meeting(s) at Gurugram, Sector 29 ,  Delhi, Rohini ,  Greater Noida, Alpha 1 ,  Delhi, Rohini ,  Delhi, Najafgarh ,  Faridabad, Sector 15 ,  Noida, Sector 15. This relationship type is a synthetic investigative-data label for demonstration."
REL00579,P0013,Simran Tiwari,P0532,Manish Dahiya,0,,,0,0,,,0.0,0,,,0,0.2398,Acquaintance,"Relationship type: Acquaintance. No direct call, transaction, or meeting evidence is recorded in this dataset. This relationship type is a synthetic investigative-data label for demonstration."
REL00146,P0002,Harsh Narang,P0235,Arjun Pandey,21,2026-01-17 02:08 | 2026-01-19 13:17 | 2026-01-20 17:55 | 2026-02-10 02:35 | 2026-03-04 19:59 | 2026-03-18 19:30 | 2026-04-12 12:42 | 2026-04-21 21:39 | 2026-04-28 23:17 | 2026-05-19 13:25 | 2026-06-10 20:01 | 2026-06-23 15:15 | 2026-06-24 16:33 | 2026-06-28 08:28 | 2026-08-01 21:05 | 2026-08-09 10:22 | 2026-08-14 03:49 | 2026-08-19 04:34 | 2026-08-20 22:14 | 2026-08-21 00:05 | 2026-08-26 19:40,1401 | 1156 | 1760 | 784 | 1289 | 1310 | 1274 | 54 | 1316 | 1026 | 1562 | 46 | 226 | 1257 | 1695 | 1589 | 993 | 564 | 736 | 327 | 1193,21558,5,2026-01-19 01:07 | 2026-01-21 16:23 | 2026-01-23 05:18 | 2026-06-04 09:09 | 2026-08-03 10:08,90374.39 | 129626.08 | 119320.86 | 15132.43 | 151338.67,505792.43,4,2026-01-26 21:44 | 2026-03-21 11:26 | 2026-06-19 13:47 | 2026-08-12 03:19,"Greater Noida, Knowledge Park | Gurugram, Sohna Road | Faridabad, NIT | Noida, Sector 63",1,0.9604,Associate,"Relationship type: Associate. Phone records show 21 call(s). Transaction records show 5 transaction(s) totaling ₹505,792. Meeting records show 4 meeting(s) at Greater Noida, Knowledge Park ,  Gurugram, Sohna Road ,  Faridabad, NIT ,  Noida, Sector 63. This relationship type is a synthetic investigative-data label for demonstration."
REL00605,P0226,Pooja Goyal,P0262,Ravi Gupta,1,2026-07-27 05:38,663,663,0,,,0.0,0,,,0,0.1362,Colleague,Relationship type: Colleague. Phone records show 1 call(s). This relationship type is a synthetic investigative-data label for demonstration.
REL00005,P0011,Kavya Sharma,P0259,Nikhil Kumar,20,2026-01-15 06:53 | 2026-01-18 04:08 | 2026-01-26 18:18 | 2026-02-02 01:21 | 2026-02-06 00:27 | 2026-03-07 03:08 | 2026-03-30 14:51 | 2026-04-16 08:42 | 2026-04-23 04:23 | 2026-04-29 06:08 | 2026-05-14 06:25 | 2026-05-21 22:24 | 2026-06-03 22:18 | 2026-06-04 21:22 | 2026-07-03 01:34 | 2026-07-13 02:58 | 2026-07-21 06:51 | 2026-08-02 08:20 | 2026-08-03 22:55 | 2026-08-09 09:44,914 | 1039 | 393 | 619 | 675 | 228 | 638 | 327 | 523 | 407 | 1303 | 208 | 618 | 995 | 765 | 1456 | 188 | 1216 | 1214 | 944,14670,9,2026-01-01 22:10 | 2026-02-28 11:16 | 2026-04-10 08:08 | 2026-05-29 23:02 | 2026-06-05 13:48 | 2026-06-23 04:25 | 2026-06-27 13:38 | 2026-07-17 01:12 | 2026-08-12 02:31,132803.94 | 59562.67 | 146062.67 | 176048.87 | 41279.48 | 5177.61 | 116778.13 | 137754.56 | 168134.03,983601.96,2,2026-04-24 15:50 | 2026-08-02 23:54,"Gurugram, DLF Phase 2 | Delhi, Narela",1,0.9883,Colleague,"Relationship type: Colleague. Phone records show 20 call(s). Transaction records show 9 transaction(s) totaling ₹983,602. Meeting records show 2 meeting(s) at Gurugram, DLF Phase 2 ,  Delhi, Narela. This relationship type is a synthetic investigative-data label for demonstration."
REL00432,P0221,Sumit Goyal,P0572,Riya Aggarwal,1,2026-02-15 04:16,62,62,0,,,0.0,0,,,0,0.3436,Former Partner,Relationship type: Former Partner. Phone records show 1 call(s). This relationship type is a synthetic investigative-data label for demonstration.
REL00213,P0537,Shreya Saini,P0581,Preeti Gupta,6,2026-01-05 02:46 | 2026-01-19 19:30 | 2026-03-16 02:18 | 2026-04-19 20:41 | 2026-08-04 22:31 | 2026-08-14 12:03,715 | 1507 | 549 | 1190 | 610 | 977,5548,6,2026-01-02 04:55 | 2026-01-03 11:55 | 2026-02-07 16:03 | 2026-03-24 05:51 | 2026-07-17 10:15 | 2026-08-28 00:20,120380.96 | 124650.61 | 4201.62 | 111549.37 | 127079.02 | 31784.25,519645.83,8,2026-01-10 16:43 | 2026-02-28 03:00 | 2026-03-01 03:42 | 2026-05-21 04:02 | 2026-07-05 15:34 | 2026-07-11 01:50 | 2026-07-27 08:44 | 2026-08-22 02:50,"Gurugram, DLF Phase 2 | Gurugram, Sector 18 | Noida, Sector 18 | Noida, Sector 63 | Ghaziabad, Vaishali | Delhi, Laxmi Nagar | Gurugram, DLF Phase 2 | Faridabad, Sector 37",1,0.8589,Partner,"Relationship type: Partner. Phone records show 6 call(s). Transaction records show 6 transaction(s) totaling ₹519,646. Meeting records show 8 meeting(s) at Gurugram, DLF Phase 2 ,  Gurugram, Sector 18 ,  Noida, Sector 18 ,  Noida, Sector 63 ,  Ghaziabad, Vaishali ,  Delhi, Laxmi Nagar ,  Gurugram, DLF Phase 2 ,  Faridabad, Sector 37. This relationship type is a synthetic investigative-data label for demonstration."
REL00299,P0059,Sumit Ahuja,P0231,Manish Dahiya,0,,,0,0,,,0.0,1,2026-05-16 13:36,"Noida, Sector 27",0,0.3151,Former Partner,"Relationship type: Former Partner. Meeting records show 1 meeting(s) at Noida, Sector 27. This relationship type is a synthetic investigative-data label for demonstration."
REL00641,P0250,Divya Narang,P0335,Mohit Chauhan,3,2026-03-27 01:42 | 2026-05-31 15:33 | 2026-06-30 04:16,149 | 286 | 242,677,0,,,0.0,2,2026-03-10 13:23 | 2026-08-03 19:12,"Delhi, Najafgarh | Ghaziabad, Kaushambi",0,0.1284,Neighbour,"Relationship type: Neighbour. Phone records show 3 call(s). Meeting records show 2 meeting(s) at Delhi, Najafgarh ,  Ghaziabad, Kaushambi. This relationship type is a synthetic investigative-data label for demonstration."
REL00386,P0183,Riya Singh,P0478,Vivaan Bhardwaj,0,,,0,1,2026-05-12 20:15,11414.80,11414.8,2,2026-07-25 02:54 | 2026-08-08 09:51,"Gurugram, Sector 14 | Gurugram, DLF Phase 3",0,0.1649,Acquaintance,"Relationship type: Acquaintance. Transaction records show 1 transaction(s) totaling ₹11,415. Meeting records show 2 meeting(s) at Gurugram, Sector 14 ,  Gurugram, DLF Phase 3. This relationship type is a synthetic investigative-data label for demonstration."
REL00051,P0206,Mohit Goyal,P0345,Shreya Chaudhary,24,2026-02-27 17:20 | 2026-02-28 00:25 | 2026-03-16 10:23 | 2026-03-23 05:44 | 2026-03-26 14:33 | 2026-03-28 20:09 | 2026-04-04 15:56 | 2026-04-08 11:09 | 2026-04-21 18:37 | 2026-05-05 23:04 | 2026-05-14 09:25 | 2026-05-14 17:37 | 2026-05-24 21:22 | 2026-06-03 18:46 | 2026-06-09 06:26 | 2026-06-12 23:36 | 2026-06-13 04:13 | 2026-07-02 10:39 | 2026-07-06 14:40 | 2026-07-11 02:47 | 2026-08-06 05:38 | 2026-08-10 11:34 | 2026-08-22 18:20 | 2026-08-28 15:31,1733 | 1147 | 1236 | 1761 | 562 | 205 | 1503 | 74 | 378 | 968 | 1726 | 1570 | 1394 | 137 | 425 | 1748 | 1115 | 961 | 1582 | 382 | 127 | 703 | 1718 | 1578,24733,9,2026-01-21 05:38 | 2026-02-04 23:39 | 2026-04-11 05:44 | 2026-05-13 16:48 | 2026-06-15 07:31 | 2026-06-17 08:55 | 2026-06-24 06:11 | 2026-07-17 02:49 | 2026-07-24 11:08,38163.21 | 173544.12 | 135455.78 | 68137.63 | 25550.28 | 100858.88 | 20787.05 | 40382.29 | 28596.21,631475.45,1,2026-07-25 05:28,"Noida, Sector 27",1,0.8807,Spouse,"Relationship type: Spouse. Phone records show 24 call(s). Transaction records show 9 transaction(s) totaling ₹631,475. Meeting records show 1 meeting(s) at Noida, Sector 27. This relationship type is a synthetic investigative-data label for demonstration."
REL00054,P0199,Preeti Singh,P0434,Amit Singh,13,2026-03-01 22:04 | 2026-03-31 23:31 | 2026-04-01 16:58 | 2026-04-04 04:32 | 2026-04-19 15:55 | 2026-04-21 03:59 | 2026-06-05 01:26 | 2026-07-05 22:10 | 2026-07-07 13:57 | 2026-07-14 15:00 | 2026-07-21 00:28 | 2026-07-31 19:47 | 2026-08-18 22:41,1609 | 1625 | 133 | 1756 | 219 | 383 | 414 | 1058 | 588 | 1683 | 1650 | 1223 | 1799,14140,8,2026-01-03 07:49 | 2026-02-14 00:19 | 2026-02-16 21:41 | 2026-02-23 02:52 | 2026-03-15 07:54 | 2026-04-25 03:13 | 2026-06-29 00:33 | 2026-07-20 00:23,99275.92 | 164689.05 | 30443.60 | 79133.01 | 131422.63 | 179751.66 | 11494.76 | 10406.23,706616.86,3,2026-03-10 06:25 | 2026-06-03 02:01 | 2026-07-08 09:43,"Noida, Greater Noida West | Greater Noida, Pari Chowk | Delhi, Saket",1,0.952,Sister,"Relationship type: Sister. Phone records show 13 call(s). Transaction records show 8 transaction(s) totaling ₹706,617. Meeting records show 3 meeting(s) at Noida, Greater Noida West ,  Greater Noida, Pari Chowk ,  Delhi, Saket. This relationship type is a synthetic investigative-data label for demonstration."
REL00407,P0190,Simran Meena,P0483,Harsh Mishra,0,,,0,0,,,0.0,2,2026-02-16 10:39 | 2026-07-03 04:43,"Delhi, Okhla | Delhi, Pitampura",0,0.0312,Associate,"Relationship type: Associate. Meeting records show 2 meeting(s) at Delhi, Okhla ,  Delhi, Pitampura. This relationship type is a synthetic investigative-data label for demonstration."
REL00471,P0447,Priya Malik,P0577,Muskan Tiwari,1,2026-01-24 04:18,250,250,0,,,0.0,0,,,0,0.1875,Colleague,Relationship type: Colleague. Phone records show 1 call(s). This relationship type is a synthetic investigative-data label for demonstration.
REL00270,P0023,Rohan Pandey,P0266,Aditya Singh,4,2026-01-25 17:53 | 2026-03-27 12:55 | 2026-03-28 10:16 | 2026-05-09 23:10,193 | 124 | 407 | 44,768,0,,,0.0,2,2026-04-16 14:18 | 2026-07-23 02:24,"Ghaziabad, Crossings Republik | Noida, Sector 62",0,0.1573,Associate,"Relationship type: Associate. Phone records show 4 call(s). Meeting records show 2 meeting(s) at Ghaziabad, Crossings Republik ,  Noida, Sector 62. This relationship type is a synthetic investigative-data label for demonstration."
REL00081,P0010,Vivaan Bansal,P0513,Priya Bhati,14,2026-01-13 08:44 | 2026-01-15 18:23 | 2026-01-17 09:57 | 2026-01-29 06:26 | 2026-01-30 12:01 | 2026-03-02 06:06 | 2026-03-13 07:39 | 2026-03-31 03:52 | 2026-05-02 15:55 | 2026-05-05 15:54 | 2026-05-11 10:27 | 2026-05-19 12:32 | 2026-05-22 17:27 | 2026-07-30 08:45,682 | 127 | 1538 | 804 | 1260 | 156 | 474 | 1310 | 1513 | 399 | 1520 | 883 | 572 | 560,11798,8,2026-01-28 08:45 | 2026-04-01 10:25 | 2026-04-18 19:17 | 2026-04-26 10:08 | 2026-04-29 03:49 | 2026-05-09 17:56 | 2026-07-07 21:41 | 2026-07-18 15:53,22368.39 | 124829.26 | 153454.68 | 154785.79 | 18111.58 | 79081.18 | 36531.72 | 154803.99,743966.59,8,2026-02-02 18:34 | 2026-02-17 04:49 | 2026-04-09 18:27 | 2026-05-07 12:41 | 2026-05-12 03:19 | 2026-07-12 03:52 | 2026-07-29 13:02 | 2026-08-10 00:00,"Noida, Sector 16 | Delhi, Okhla | Noida, Sector 15 | Noida, Sector 27 | Faridabad, Sector 37 | Noida, Sector 18 | Delhi, Saket | Ghaziabad, Indirapuram",1,0.9581,Colleague,"Relationship type: Colleague. Phone records show 14 call(s). Transaction records show 8 transaction(s) totaling ₹743,967. Meeting records show 8 meeting(s) at Noida, Sector 16 ,  Delhi, Okhla ,  Noida, Sector 15 ,  Noida, Sector 27 ,  Faridabad, Sector 37 ,  Noida, Sector 18 ,  Delhi, Saket ,  Ghaziabad, Indirapuram. This relationship type is a synthetic investigative-data label for demonstration."
REL00022,P0024,Nikhil Kumar,P0107,Isha Rawat,13,2026-01-09 21:16 | 2026-01-12 18:59 | 2026-01-17 19:54 | 2026-01-19 13:34 | 2026-03-01 19:37 | 2026-03-15 12:42 | 2026-04-13 12:39 | 2026-04-16 20:04 | 2026-04-21 17:35 | 2026-04-22 10:36 | 2026-05-08 10:40 | 2026-05-20 21:33 | 2026-08-16 16:40,1690 | 292 | 763 | 1562 | 933 | 1220 | 1190 | 994 | 1508 | 992 | 1646 | 1421 | 1106,15317,7,2026-02-20 23:10 | 2026-05-21 21:27 | 2026-05-24 20:36 | 2026-06-02 06:23 | 2026-06-22 05:12 | 2026-07-22 08:28 | 2026-07-29 10:18,58629.73 | 78351.55 | 132012.91 | 71512.05 | 98505.46 | 104125.63 | 155711.65,698848.98,2,2026-07-30 22:04 | 2026-08-26 03:40,"Gurugram, Sector 14 | Delhi, Mayur Vihar",1,0.99,Family,"Relationship type: Family. Phone records show 13 call(s). Transaction records show 7 transaction(s) totaling ₹698,849. Meeting records show 2 meeting(s) at Gurugram, Sector 14 ,  Delhi, Mayur Vihar. This relationship type is a synthetic investigative-data label for demonstration."
REL00259,P0496,Rohan Mishra,P0600,Karan Singh,1,2026-02-08 20:48,635,635,2,2026-01-21 11:29 | 2026-04-18 01:45,23745.73 | 9057.37,32803.1,0,,,0,0.3162,Associate,"Relationship type: Associate. Phone records show 1 call(s). Transaction records show 2 transaction(s) totaling ₹32,803. This relationship type is a synthetic investigative-data label for demonstration."
REL00357,P0267,Isha Verma,P0564,Mohit Rana,0,,,0,0,,,0.0,1,2026-01-03 21:56,"Delhi, Okhla",0,0.2302,Acquaintance,"Relationship type: Acquaintance. Meeting records show 1 meeting(s) at Delhi, Okhla. This relationship type is a synthetic investigative-data label for demonstration."
REL00281,P0401,Aditi Chauhan,P0590,Varun Saini,2,2026-02-05 21:27 | 2026-08-23 09:09,206 | 313,519,1,2026-03-05 05:38,29334.87,29334.87,0,,,0,0.2096,Acquaintance,"Relationship type: Acquaintance. Phone records show 2 call(s). Transaction records show 1 transaction(s) totaling ₹29,335. This relationship type is a synthetic investigative-data label for demonstration."
REL00123,P0037,Divya Narang,P0307,Ravi Saini,13,2026-02-01 09:10 | 2026-02-18 18:59 | 2026-02-20 05:11 | 2026-03-03 02:57 | 2026-03-09 20:02 | 2026-03-20 05:13 | 2026-05-11 14:42 | 2026-05-13 16:13 | 2026-05-17 18:21 | 2026-05-29 06:00 | 2026-06-19 13:19 | 2026-06-21 09:19 | 2026-07-18 06:33,1591 | 741 | 283 | 1139 | 919 | 71 | 1660 | 987 | 93 | 1503 | 486 | 766 | 495,10734,6,2026-01-12 08:32 | 2026-01-12 11:20 | 2026-01-21 01:34 | 2026-03-15 14:40 | 2026-08-04 12:06 | 2026-08-18 21:40,89698.63 | 168807.13 | 28918.36 | 171421.87 | 56372.17 | 25026.57,540244.73,4,2026-02-20 06:30 | 2026-06-13 14:13 | 2026-06-14 06:20 | 2026-06-19 07:49,"Ghaziabad, Indirapuram | Ghaziabad, Indirapuram | Ghaziabad, Crossings Republik | Ghaziabad, Crossings Republik",1,0.99,Business Associate,"Relationship type: Business Associate. Phone records show 13 call(s). Transaction records show 6 transaction(s) totaling ₹540,245. Meeting records show 4 meeting(s) at Ghaziabad, Indirapuram ,  Ghaziabad, Indirapuram ,  Ghaziabad, Crossings Republik ,  Ghaziabad, Crossings Republik. This relationship type is a synthetic investigative-data label for demonstration."
REL00524,P0471,Tanya Kapoor,P0585,Sonam Kumar,0,,,0,0,,,0.0,0,,,0,0.2979,Neighbour,"Relationship type: Neighbour. No direct call, transaction, or meeting evidence is recorded in this dataset. This relationship type is a synthetic investigative-data label for demonstration."
REL00532,P0170,Simran Meena,P0301,Rahul Saini,3,2026-01-12 06:57 | 2026-06-06 04:37 | 2026-06-10 00:01,434 | 426 | 237,1097,0,,,0.0,0,,,0,0.1945,Former Partner,Relationship type: Former Partner. Phone records show 3 call(s). This relationship type is a synthetic investigative-data label for demonstration.
REL00240,P0218,Tanya Aggarwal,P0533,Manish Bhati,2,2026-04-05 21:09 | 2026-07-19 12:48,184 | 124,308,1,2026-07-26 23:13,26856.52,26856.52,0,,,0,0.2376,Acquaintance,"Relationship type: Acquaintance. Phone records show 2 call(s). Transaction records show 1 transaction(s) totaling ₹26,857. This relationship type is a synthetic investigative-data label for demonstration."
REL00249,P0454,Nikhil Ahuja,P0465,Karan Mishra,1,2026-05-31 20:43,158,158,0,,,0.0,1,2026-06-08 18:59,"Delhi, Laxmi Nagar",0,0.2451,Colleague,"Relationship type: Colleague. Phone records show 1 call(s). Meeting records show 1 meeting(s) at Delhi, Laxmi Nagar. This relationship type is a synthetic investigative-data label for demonstration."
REL00027,P0044,Deepak Chaudhary,P0385,Aditi Ahuja,5,2026-01-07 06:09 | 2026-01-18 20:51 | 2026-03-18 11:54 | 2026-08-08 03:44 | 2026-08-23 05:34,37 | 455 | 588 | 666 | 1702,3448,1,2026-05-29 16:21,150972.32,150972.32,1,2026-08-02 17:55,"Noida, Sector 63",1,0.6134,Family,"Relationship type: Family. Phone records show 5 call(s). Transaction records show 1 transaction(s) totaling ₹150,972. Meeting records show 1 meeting(s) at Noida, Sector 63. This relationship type is a synthetic investigative-data label for demonstration."
REL00333,P0341,Deepak Saxena,P0546,Arjun Bansal,1,2026-04-16 18:57,665,665,0,,,0.0,2,2026-04-23 10:52 | 2026-06-27 22:07,"Gurugram, DLF Phase 2 | Greater Noida, Alpha 1",0,0.2576,Acquaintance,"Relationship type: Acquaintance. Phone records show 1 call(s). Meeting records show 2 meeting(s) at Gurugram, DLF Phase 2 ,  Greater Noida, Alpha 1. This relationship type is a synthetic investigative-data label for demonstration."
REL00019,P0087,Neha Kapoor,P0125,Rahul Chauhan,22,2026-01-04 23:15 | 2026-01-17 19:09 | 2026-02-02 15:55 | 2026-02-06 03:20 | 2026-03-08 17:21 | 2026-03-21 15:59 | 2026-03-22 23:04 | 2026-03-25 00:56 | 2026-04-08 21:15 | 2026-04-12 00:14 | 2026-04-13 04:11 | 2026-04-17 06:43 | 2026-04-28 14:32 | 2026-05-06 21:47 | 2026-05-23 11:05 | 2026-05-30 07:09 | 2026-06-08 14:16 | 2026-06-11 13:03 | 2026-07-01 13:32 | 2026-08-07 21:34 | 2026-08-15 01:56 | 2026-08-22 00:49,1797 | 742 | 785 | 431 | 717 | 214 | 24 | 1703 | 1657 | 576 | 423 | 1779 | 689 | 1614 | 674 | 1017 | 1398 | 1343 | 229 | 163 | 381 | 959,19315,8,2026-01-14 16:24 | 2026-01-29 18:17 | 2026-02-01 08:36 | 2026-03-08 12:40 | 2026-03-20 00:15 | 2026-04-15 16:35 | 2026-05-30 19:02 | 2026-08-21 14:06,56106.73 | 24556.12 | 162487.29 | 127010.94 | 9519.47 | 62603.34 | 140157.70 | 9817.85,592259.44,8,2026-01-27 10:30 | 2026-02-05 07:16 | 2026-02-14 19:26 | 2026-03-29 06:26 | 2026-05-13 21:13 | 2026-06-27 15:24 | 2026-07-15 13:20 | 2026-07-24 07:28,"Delhi, Mayur Vihar | Gurugram, Sector 18 | Gurugram, DLF Phase 3 | Noida, Sector 18 | Delhi, Connaught Place | Gurugram, Udyog Vihar | Delhi, Narela | Gurugram, Sector 14",1,0.9627,Father,"Relationship type: Father. Phone records show 22 call(s). Transaction records show 8 transaction(s) totaling ₹592,259. Meeting records show 8 meeting(s) at Delhi, Mayur Vihar ,  Gurugram, Sector 18 ,  Gurugram, DLF Phase 3 ,  Noida, Sector 18 ,  Delhi, Connaught Place ,  Gurugram, Udyog Vihar ,  Delhi, Narela ,  Gurugram, Sector 14. This relationship type is a synthetic investigative-data label for demonstration."
REL00059,P0034,Neha Jain,P0262,Ravi Gupta,8,2026-01-23 02:58 | 2026-02-23 10:32 | 2026-03-23 01:01 | 2026-04-10 14:08 | 2026-04-22 17:21 | 2026-05-06 04:32 | 2026-06-03 09:40 | 2026-07-20 07:48,1090 | 1445 | 55 | 244 | 625 | 218 | 683 | 1033,5393,6,2026-01-19 21:18 | 2026-02-09 05:55 | 2026-02-11 16:05 | 2026-06-13 05:17 | 2026-08-14 20:56 | 2026-08-15 07:31,59193.56 | 168565.74 | 176527.35 | 58260.11 | 21817.01 | 107793.78,592157.55,5,2026-01-14 23:12 | 2026-02-11 02:37 | 2026-03-25 03:39 | 2026-03-26 07:39 | 2026-06-27 13:27,"Noida, Greater Noida West | Delhi, Saket | Delhi, Najafgarh | Delhi, Connaught Place | Greater Noida, Alpha 1",1,0.9646,Friend,"Relationship type: Friend. Phone records show 8 call(s). Transaction records show 6 transaction(s) totaling ₹592,158. Meeting records show 5 meeting(s) at Noida, Greater Noida West ,  Delhi, Saket ,  Delhi, Najafgarh ,  Delhi, Connaught Place ,  Greater Noida, Alpha 1. This relationship type is a synthetic investigative-data label for demonstration."
REL00226,P0345,Shreya Chaudhary,P0486,Muskan Saini,1,2026-05-03 23:05,444,444,0,,,0.0,0,,,0,0.0846,Colleague,Relationship type: Colleague. Phone records show 1 call(s). This relationship type is a synthetic investigative-data label for demonstration.
REL00230,P0387,Ravi Sharma,P0545,Manish Ahuja,0,,,0,0,,,0.0,0,,,0,0.0982,Colleague,"Relationship type: Colleague. No direct call, transaction, or meeting evidence is recorded in this dataset. This relationship type is a synthetic investigative-data label for demonstration."
REL00383,P0126,Ananya Rana,P0477,Rahul Saini,1,2026-04-21 01:48,642,642,1,2026-06-04 10:22,21194.06,21194.06,0,,,0,0.2028,Colleague,"Relationship type: Colleague. Phone records show 1 call(s). Transaction records show 1 transaction(s) totaling ₹21,194. This relationship type is a synthetic investigative-data label for demonstration."
REL00527,P0168,Mehak Bhati,P0306,Rohan Goyal,4,2026-02-08 03:59 | 2026-05-23 19:15 | 2026-06-27 16:29 | 2026-08-08 14:38,319 | 474 | 646 | 476,1915,1,2026-06-14 10:37,5411.40,5411.4,0,,,0,0.1169,Associate,"Relationship type: Associate. Phone records show 4 call(s). Transaction records show 1 transaction(s) totaling ₹5,411. This relationship type is a synthetic investigative-data label for demonstration."
REL00113,P0088,Pooja Khanna,P0127,Naina Mishra,22,2026-01-02 16:18 | 2026-01-09 12:19 | 2026-01-29 04:46 | 2026-02-23 15:27 | 2026-03-23 15:55 | 2026-03-23 18:44 | 2026-04-02 05:48 | 2026-04-13 12:20 | 2026-04-21 17:52 | 2026-05-02 03:46 | 2026-05-06 00:22 | 2026-05-16 15:32 | 2026-05-17 02:35 | 2026-06-02 06:22 | 2026-06-18 21:41 | 2026-07-22 04:58 | 2026-07-23 06:29 | 2026-07-24 08:02 | 2026-07-31 23:33 | 2026-08-12 06:05 | 2026-08-12 15:30 | 2026-08-13 01:53,1201 | 101 | 1087 | 1279 | 1106 | 1612 | 818 | 1058 | 222 | 1125 | 383 | 1582 | 135 | 364 | 980 | 959 | 1116 | 1665 | 1673 | 1701 | 163 | 1594,21924,2,2026-01-20 18:33 | 2026-04-10 05:39,118717.75 | 118772.40,237490.15,3,2026-02-24 22:22 | 2026-06-05 07:28 | 2026-08-17 23:08,"Delhi, Connaught Place | Ghaziabad, Kaushambi | Gurugram, Udyog Vihar",1,0.9818,Former Partner,"Relationship type: Former Partner. Phone records show 22 call(s). Transaction records show 2 transaction(s) totaling ₹237,490. Meeting records show 3 meeting(s) at Delhi, Connaught Place ,  Ghaziabad, Kaushambi ,  Gurugram, Udyog Vihar. This relationship type is a synthetic investigative-data label for demonstration."
REL00445,P0218,Tanya Aggarwal,P0530,Varun Bhati,3,2026-01-02 05:38 | 2026-03-02 02:55 | 2026-07-09 19:18,350 | 565 | 132,1047,0,,,0.0,0,,,0,0.3409,Neighbour,Relationship type: Neighbour. Phone records show 3 call(s). This relationship type is a synthetic investigative-data label for demonstration.
REL00140,P0076,Yash Rawat,P0535,Vivaan Chaudhary,18,2026-01-26 12:38 | 2026-01-28 02:49 | 2026-02-13 17:33 | 2026-02-17 20:25 | 2026-02-21 13:47 | 2026-03-24 04:14 | 2026-04-25 03:44 | 2026-05-07 08:14 | 2026-05-11 00:35 | 2026-05-20 17:49 | 2026-06-05 03:59 | 2026-06-10 13:11 | 2026-06-16 18:50 | 2026-06-22 22:10 | 2026-06-30 02:27 | 2026-07-26 03:08 | 2026-08-03 10:20 | 2026-08-07 05:42,373 | 145 | 662 | 201 | 1179 | 556 | 1379 | 508 | 360 | 1505 | 1765 | 35 | 1359 | 681 | 581 | 1640 | 710 | 1637,15276,4,2026-04-11 09:17 | 2026-07-09 08:52 | 2026-08-06 20:59 | 2026-08-25 00:19,170107.86 | 29010.58 | 158133.26 | 72872.93,430124.63,5,2026-01-21 07:34 | 2026-03-02 11:26 | 2026-05-27 14:15 | 2026-07-19 13:49 | 2026-08-17 09:05,"Delhi, Karol Bagh | Noida, Sector 18 | Delhi, Najafgarh | Faridabad, NIT | Greater Noida, Pari Chowk",1,0.99,Mother,"Relationship type: Mother. Phone records show 18 call(s). Transaction records show 4 transaction(s) totaling ₹430,125. Meeting records show 5 meeting(s) at Delhi, Karol Bagh ,  Noida, Sector 18 ,  Delhi, Najafgarh ,  Faridabad, NIT ,  Greater Noida, Pari Chowk. This relationship type is a synthetic investigative-data label for demonstration."
REL00354,P0036,Simran Verma,P0576,Karan Narang,1,2026-06-03 19:16,529,529,0,,,0.0,0,,,0,0.2305,Colleague,Relationship type: Colleague. Phone records show 1 call(s). This relationship type is a synthetic investigative-data label for demonstration.
REL00417,P0028,Yash Chauhan,P0213,Pooja Tyagi,2,2026-05-03 08:33 | 2026-08-10 10:05,507 | 226,733,0,,,0.0,0,,,0,0.1478,Acquaintance,Relationship type: Acquaintance. Phone records show 2 call(s). This relationship type is a synthetic investigative-data label for demonstration.
REL00179,P0041,Arjun Sharma,P0136,Amit Bhati,20,2026-01-06 12:00 | 2026-01-07 21:19 | 2026-01-28 18:09 | 2026-02-21 18:41 | 2026-02-21 22:38 | 2026-02-22 00:44 | 2026-03-06 01:24 | 2026-03-17 13:10 | 2026-03-31 15:40 | 2026-04-06 08:58 | 2026-04-24 20:00 | 2026-04-28 09:50 | 2026-05-04 06:32 | 2026-05-10 11:57 | 2026-07-01 05:49 | 2026-07-02 00:41 | 2026-07-05 14:54 | 2026-08-12 17:13 | 2026-08-14 04:28 | 2026-08-27 12:55,1733 | 1576 | 833 | 755 | 257 | 345 | 906 | 519 | 910 | 302 | 515 | 1154 | 1139 | 598 | 1667 | 977 | 211 | 237 | 1318 | 1397,17349,3,2026-05-12 01:34 | 2026-06-30 23:05 | 2026-08-27 21:09,92674.64 | 15692.19 | 89676.53,198043.36,3,2026-01-19 06:29 | 2026-01-30 03:30 | 2026-03-14 07:26,"Gurugram, DLF Phase 2 | Gurugram, Sector 18 | Ghaziabad, Kaushambi",1,0.9589,Neighbour,"Relationship type: Neighbour. Phone records show 20 call(s). Transaction records show 3 transaction(s) totaling ₹198,043. Meeting records show 3 meeting(s) at Gurugram, DLF Phase 2 ,  Gurugram, Sector 18 ,  Ghaziabad, Kaushambi. This relationship type is a synthetic investigative-data label for demonstration."
REL00317,P0067,Yash Jain,P0175,Ravi Yadav,1,2026-01-21 14:52,608,608,0,,,0.0,1,2026-06-10 16:23,"Delhi, Saket",0,0.172,Colleague,"Relationship type: Colleague. Phone records show 1 call(s). Meeting records show 1 meeting(s) at Delhi, Saket. This relationship type is a synthetic investigative-data label for demonstration."
REL00610,P0236,Nikhil Khanna,P0487,Varun Gupta,2,2026-03-24 01:33 | 2026-07-17 04:44,164 | 214,378,1,2026-01-04 02:17,16729.44,16729.44,0,,,0,0.0346,Former Partner,"Relationship type: Former Partner. Phone records show 2 call(s). Transaction records show 1 transaction(s) totaling ₹16,729. This relationship type is a synthetic investigative-data label for demonstration."
REL00248,P0038,Jyoti Tyagi,P0370,Rohan Arora,2,2026-01-14 04:33 | 2026-04-22 22:19,462 | 562,1024,1,2026-02-23 22:27,29466.16,29466.16,0,,,0,0.2419,Former Partner,"Relationship type: Former Partner. Phone records show 2 call(s). Transaction records show 1 transaction(s) totaling ₹29,466. This relationship type is a synthetic investigative-data label for demonstration."
REL00342,P0579,Tanya Mishra,P0582,Sonam Kapoor,1,2026-05-12 08:53,231,231,1,2026-06-22 17:49,18938.41,18938.41,2,2026-08-04 00:18 | 2026-08-17 06:48,"Gurugram, Sector 29 | Gurugram, Sector 18",0,0.0175,Former Partner,"Relationship type: Former Partner. Phone records show 1 call(s). Transaction records show 1 transaction(s) totaling ₹18,938. Meeting records show 2 meeting(s) at Gurugram, Sector 29 ,  Gurugram, Sector 18. This relationship type is a synthetic investigative-data label for demonstration."
REL00161,P0038,Jyoti Tyagi,P0518,Tanya Saxena,6,2026-01-25 00:40 | 2026-03-21 06:11 | 2026-04-17 01:15 | 2026-06-25 21:08 | 2026-07-28 12:55 | 2026-08-16 13:03,956 | 584 | 135 | 1252 | 1747 | 1169,5843,8,2026-01-12 23:30 | 2026-01-14 03:50 | 2026-01-20 05:26 | 2026-02-25 17:50 | 2026-03-11 10:08 | 2026-05-14 04:29 | 2026-07-13 23:45 | 2026-07-22 00:59,127166.86 | 82086.46 | 38346.10 | 17755.59 | 8025.54 | 26209.36 | 138922.51 | 127167.38,565679.8,2,2026-05-29 21:20 | 2026-07-09 10:09,"Delhi, Okhla | Greater Noida, Alpha 1",1,0.9133,Business Associate,"Relationship type: Business Associate. Phone records show 6 call(s). Transaction records show 8 transaction(s) totaling ₹565,680. Meeting records show 2 meeting(s) at Delhi, Okhla ,  Greater Noida, Alpha 1. This relationship type is a synthetic investigative-data label for demonstration."
REL00091,P0062,Sumit Rana,P0478,Vivaan Bhardwaj,18,2026-01-26 04:14 | 2026-01-26 05:04 | 2026-02-03 22:12 | 2026-02-07 09:54 | 2026-02-16 02:05 | 2026-02-27 05:03 | 2026-03-02 01:41 | 2026-03-05 07:49 | 2026-04-13 07:01 | 2026-04-20 23:06 | 2026-05-09 18:46 | 2026-05-13 11:22 | 2026-05-15 07:27 | 2026-06-16 20:20 | 2026-06-21 12:27 | 2026-07-31 08:36 | 2026-08-03 14:24 | 2026-08-07 11:29,315 | 286 | 1400 | 1143 | 365 | 539 | 1782 | 1310 | 381 | 1661 | 1440 | 1103 | 981 | 476 | 1447 | 967 | 1696 | 1616,18908,7,2026-01-15 08:36 | 2026-03-31 00:06 | 2026-04-05 07:11 | 2026-04-18 00:49 | 2026-05-16 14:52 | 2026-06-06 19:01 | 2026-08-14 01:19,65618.59 | 59632.40 | 117857.01 | 163305.29 | 71613.18 | 67617.16 | 164197.56,709841.19,1,2026-04-05 18:09,"Gurugram, Sector 18",1,0.9042,Business Associate,"Relationship type: Business Associate. Phone records show 18 call(s). Transaction records show 7 transaction(s) totaling ₹709,841. Meeting records show 1 meeting(s) at Gurugram, Sector 18. This relationship type is a synthetic investigative-data label for demonstration."
REL00232,P0194,Ananya Dahiya,P0471,Tanya Kapoor,0,,,0,0,,,0.0,0,,,0,0.2891,Colleague,"Relationship type: Colleague. No direct call, transaction, or meeting evidence is recorded in this dataset. This relationship type is a synthetic investigative-data label for demonstration."
REL00211,P0310,Neha Arora,P0591,Komal Kumar,25,2026-02-07 03:53 | 2026-02-17 03:04 | 2026-02-28 12:08 | 2026-02-28 18:50 | 2026-03-11 12:44 | 2026-03-11 22:17 | 2026-03-15 17:26 | 2026-03-16 18:14 | 2026-03-19 04:56 | 2026-03-26 20:46 | 2026-03-27 18:07 | 2026-04-09 06:42 | 2026-04-16 03:59 | 2026-04-26 06:00 | 2026-04-26 12:28 | 2026-05-01 02:34 | 2026-05-02 06:00 | 2026-05-14 19:00 | 2026-06-25 22:42 | 2026-06-25 22:52 | 2026-07-05 20:34 | 2026-08-13 09:48 | 2026-08-19 03:04 | 2026-08-21 00:37 | 2026-08-26 11:15,66 | 1487 | 1688 | 1662 | 88 | 1207 | 191 | 823 | 520 | 1341 | 301 | 111 | 1319 | 1272 | 1180 | 421 | 592 | 665 | 1438 | 157 | 1486 | 424 | 185 | 1069 | 274,19967,1,2026-06-25 14:56,701.00,701.0,7,2026-01-22 19:03 | 2026-02-20 01:48 | 2026-03-31 00:50 | 2026-04-27 17:47 | 2026-05-06 18:02 | 2026-06-15 03:36 | 2026-08-04 09:06,"Gurugram, Sector 18 | Delhi, Mayur Vihar | Ghaziabad, Crossings Republik | Faridabad, NIT | Delhi, Dwarka | Noida, Sector 63 | Gurugram, Udyog Vihar",1,0.8858,Associate,"Relationship type: Associate. Phone records show 25 call(s). Transaction records show 1 transaction(s) totaling ₹701. Meeting records show 7 meeting(s) at Gurugram, Sector 18 ,  Delhi, Mayur Vihar ,  Ghaziabad, Crossings Republik ,  Faridabad, NIT ,  Delhi, Dwarka ,  Noida, Sector 63 ,  Gurugram, Udyog Vihar. This relationship type is a synthetic investigative-data label for demonstration."
REL00024,P0035,Vikas Tyagi,P0245,Harsh Bhati,11,2026-01-01 19:31 | 2026-01-01 22:34 | 2026-02-01 02:18 | 2026-03-04 03:03 | 2026-03-14 13:08 | 2026-03-14 22:27 | 2026-03-26 19:48 | 2026-04-08 03:36 | 2026-04-15 08:39 | 2026-05-08 10:00 | 2026-05-13 03:47,1360 | 311 | 1100 | 607 | 726 | 749 | 1737 | 285 | 1058 | 1762 | 1794,11489,4,2026-02-26 19:26 | 2026-04-12 20:27 | 2026-05-10 03:00 | 2026-07-20 22:15,153235.16 | 55151.19 | 165092.64 | 4737.83,378216.82,8,2026-01-11 02:20 | 2026-01-13 18:23 | 2026-02-10 02:56 | 2026-02-13 09:12 | 2026-02-26 19:35 | 2026-06-17 16:09 | 2026-06-27 10:41 | 2026-08-16 09:51,"Noida, Sector 63 | Greater Noida, Pari Chowk | Faridabad, Sector 15 | Delhi, Narela | Delhi, Saket | Delhi, Karol Bagh | Delhi, Karol Bagh | Noida, Sector 63",1,0.9587,Brother,"Relationship type: Brother. Phone records show 11 call(s). Transaction records show 4 transaction(s) totaling ₹378,217. Meeting records show 8 meeting(s) at Noida, Sector 63 ,  Greater Noida, Pari Chowk ,  Faridabad, Sector 15 ,  Delhi, Narela ,  Delhi, Saket ,  Delhi, Karol Bagh ,  Delhi, Karol Bagh ,  Noida, Sector 63. This relationship type is a synthetic investigative-data label for demonstration."
REL00339,P0137,Vivaan Aggarwal,P0230,Yash Ahuja,1,2026-04-04 20:32,261,261,1,2026-07-04 18:04,2340.67,2340.67,1,2026-06-23 05:08,"Faridabad, NIT",0,0.2982,Acquaintance,"Relationship type: Acquaintance. Phone records show 1 call(s). Transaction records show 1 transaction(s) totaling ₹2,341. Meeting records show 1 meeting(s) at Faridabad, NIT. This relationship type is a synthetic investigative-data label for demonstration."
REL00425,P0064,Shreya Verma,P0175,Ravi Yadav,1,2026-01-13 22:15,297,297,2,2026-01-17 19:01 | 2026-04-15 10:06,9225.12 | 16509.21,25734.33,1,2026-08-19 02:41,"Noida, Sector 63",0,0.0337,Former Partner,"Relationship type: Former Partner. Phone records show 1 call(s). Transaction records show 2 transaction(s) totaling ₹25,734. Meeting records show 1 meeting(s) at Noida, Sector 63. This relationship type is a synthetic investigative-data label for demonstration."
REL00201,P0030,Jyoti Saxena,P0217,Harsh Bansal,10,2026-01-11 07:28 | 2026-02-18 13:29 | 2026-02-23 13:04 | 2026-04-22 11:12 | 2026-05-11 10:59 | 2026-06-03 01:13 | 2026-07-13 16:04 | 2026-07-30 10:26 | 2026-08-09 03:37 | 2026-08-23 08:03,1599 | 853 | 39 | 1524 | 1342 | 1525 | 316 | 721 | 877 | 113,8909,4,2026-04-06 00:06 | 2026-05-06 19:04 | 2026-05-19 00:40 | 2026-06-09 17:21,31534.21 | 27077.65 | 120883.02 | 174794.75,354289.63,2,2026-05-24 13:18 | 2026-06-11 08:07,"Greater Noida, Knowledge Park | Ghaziabad, Indirapuram",1,0.985,Partner,"Relationship type: Partner. Phone records show 10 call(s). Transaction records show 4 transaction(s) totaling ₹354,290. Meeting records show 2 meeting(s) at Greater Noida, Knowledge Park ,  Ghaziabad, Indirapuram. This relationship type is a synthetic investigative-data label for demonstration."
REL00523,P0176,Rahul Mishra,P0475,Manish Narang,3,2026-01-08 01:54 | 2026-01-18 20:13 | 2026-06-12 15:18,408 | 485 | 682,1575,0,,,0.0,0,,,0,0.1247,Former Partner,Relationship type: Former Partner. Phone records show 3 call(s). This relationship type is a synthetic investigative-data label for demonstration.
REL00057,P0016,Ankit Dahiya,P0132,Rohan Arora,9,2026-01-22 02:42 | 2026-02-18 07:29 | 2026-03-31 12:44 | 2026-04-14 00:58 | 2026-04-22 05:40 | 2026-07-05 19:45 | 2026-07-31 05:52 | 2026-08-21 09:48 | 2026-08-24 21:04,338 | 1006 | 654 | 939 | 792 | 92 | 1459 | 98 | 126,5504,1,2026-06-26 21:06,146389.76,146389.76,4,2026-01-01 14:20 | 2026-01-09 04:27 | 2026-01-17 20:26 | 2026-04-03 10:18,"Delhi, Najafgarh | Delhi, Dwarka | Delhi, Mayur Vihar | Noida, Sector 16",1,0.8999,Business Associate,"Relationship type: Business Associate. Phone records show 9 call(s). Transaction records show 1 transaction(s) totaling ₹146,390. Meeting records show 4 meeting(s) at Delhi, Najafgarh ,  Delhi, Dwarka ,  Delhi, Mayur Vihar ,  Noida, Sector 16. This relationship type is a synthetic investigative-data label for demonstration."
REL00405,P0010,Vivaan Bansal,P0305,Rahul Bansal,0,,,0,0,,,0.0,0,,,0,0.3045,Associate,"Relationship type: Associate. No direct call, transaction, or meeting evidence is recorded in this dataset. This relationship type is a synthetic investigative-data label for demonstration."
REL00455,P0165,Deepak Kapoor,P0223,Aditi Bhati,2,2026-05-08 15:02 | 2026-07-23 20:39,61 | 22,83,1,2026-02-19 21:24,8035.60,8035.6,2,2026-05-29 12:57 | 2026-07-09 01:39,"Greater Noida, Pari Chowk | Delhi, Rohini",0,0.1814,Former Partner,"Relationship type: Former Partner. Phone records show 2 call(s). Transaction records show 1 transaction(s) totaling ₹8,036. Meeting records show 2 meeting(s) at Greater Noida, Pari Chowk ,  Delhi, Rohini. This relationship type is a synthetic investigative-data label for demonstration."
REL00567,P0074,Rohan Malik,P0206,Mohit Goyal,3,2026-02-16 00:28 | 2026-04-02 11:03 | 2026-07-28 04:28,621 | 523 | 399,1543,0,,,0.0,0,,,0,0.1235,Neighbour,Relationship type: Neighbour. Phone records show 3 call(s). This relationship type is a synthetic investigative-data label for demonstration.
REL00162,P0086,Nikhil Aggarwal,P0453,Aarav Saxena,5,2026-03-17 04:19 | 2026-04-17 17:49 | 2026-04-18 01:27 | 2026-06-13 08:34 | 2026-08-06 15:35,946 | 1082 | 1764 | 966 | 985,5743,9,2026-01-09 13:05 | 2026-02-18 09:44 | 2026-02-23 09:17 | 2026-02-28 13:06 | 2026-03-08 09:39 | 2026-07-03 06:54 | 2026-07-31 03:06 | 2026-08-04 11:24 | 2026-08-17 05:36,10707.34 | 56150.73 | 12025.40 | 66405.40 | 138893.76 | 49367.32 | 60214.79 | 165067.82 | 110814.84,669647.4,1,2026-08-12 03:27,"Noida, Greater Noida West",1,0.7188,Mother,"Relationship type: Mother. Phone records show 5 call(s). Transaction records show 9 transaction(s) totaling ₹669,647. Meeting records show 1 meeting(s) at Noida, Greater Noida West. This relationship type is a synthetic investigative-data label for demonstration."
REL00444,P0231,Manish Dahiya,P0403,Rohan Bhati,1,2026-01-10 13:33,202,202,1,2026-01-11 23:40,14949.45,14949.45,0,,,0,0.3157,Acquaintance,"Relationship type: Acquaintance. Phone records show 1 call(s). Transaction records show 1 transaction(s) totaling ₹14,949. This relationship type is a synthetic investigative-data label for demonstration."
REL00053,P0345,Shreya Chaudhary,P0394,Neha Tiwari,9,2026-01-14 10:31 | 2026-02-19 07:41 | 2026-03-13 00:38 | 2026-03-25 19:21 | 2026-03-28 00:42 | 2026-04-08 06:56 | 2026-06-04 16:16 | 2026-07-09 15:47 | 2026-08-02 17:41,209 | 1669 | 276 | 1597 | 908 | 1649 | 54 | 1758 | 836,8956,4,2026-01-11 00:04 | 2026-01-11 10:03 | 2026-04-06 19:36 | 2026-08-09 20:23,133814.54 | 124310.81 | 120663.29 | 149582.62,528371.26,3,2026-02-06 01:14 | 2026-02-06 02:20 | 2026-03-09 16:29,"Delhi, Dwarka | Gurugram, Manesar | Ghaziabad, Indirapuram",1,0.99,Mother,"Relationship type: Mother. Phone records show 9 call(s). Transaction records show 4 transaction(s) totaling ₹528,371. Meeting records show 3 meeting(s) at Delhi, Dwarka ,  Gurugram, Manesar ,  Ghaziabad, Indirapuram. This relationship type is a synthetic investigative-data label for demonstration."
REL00167,P0091,Naina Singh,P0262,Ravi Gupta,7,2026-01-13 21:23 | 2026-03-19 22:35 | 2026-04-15 10:00 | 2026-06-17 19:06 | 2026-07-14 18:31 | 2026-07-20 08:48 | 2026-07-27 07:38,1303 | 1008 | 581 | 522 | 790 | 1396 | 1768,7368,4,2026-01-22 14:35 | 2026-02-22 21:56 | 2026-04-25 11:25 | 2026-05-12 21:37,34922.18 | 115668.64 | 161300.77 | 127410.49,439302.08,4,2026-03-13 05:28 | 2026-03-26 21:23 | 2026-06-04 05:56 | 2026-07-09 00:49,"Ghaziabad, Indirapuram | Greater Noida, Knowledge Park | Greater Noida, Pari Chowk | Gurugram, Sector 29",1,0.921,Former Partner,"Relationship type: Former Partner. Phone records show 7 call(s). Transaction records show 4 transaction(s) totaling ₹439,302. Meeting records show 4 meeting(s) at Ghaziabad, Indirapuram ,  Greater Noida, Knowledge Park ,  Greater Noida, Pari Chowk ,  Gurugram, Sector 29. This relationship type is a synthetic investigative-data label for demonstration."
REL00555,P0042,Jyoti Rawat,P0509,Aditya Meena,1,2026-07-09 01:41,270,270,1,2026-06-08 10:23,26158.49,26158.49,0,,,0,0.2084,Associate,"Relationship type: Associate. Phone records show 1 call(s). Transaction records show 1 transaction(s) totaling ₹26,158. This relationship type is a synthetic investigative-data label for demonstration."
REL00117,P0355,Naina Ahuja,P0452,Naina Singh,7,2026-01-12 19:47 | 2026-05-05 02:47 | 2026-05-14 02:30 | 2026-06-22 20:16 | 2026-08-19 19:08 | 2026-08-21 00:29 | 2026-08-29 05:00,144 | 64 | 462 | 833 | 1190 | 1650 | 101,4444,8,2026-01-03 23:18 | 2026-01-28 20:30 | 2026-02-07 08:11 | 2026-04-15 17:27 | 2026-06-01 01:02 | 2026-07-03 10:19 | 2026-07-10 22:24 | 2026-08-29 19:34,25209.12 | 42679.72 | 14912.70 | 45766.74 | 164529.36 | 15485.62 | 153274.27 | 113511.91,575369.44,4,2026-06-18 23:07 | 2026-06-21 20:22 | 2026-07-15 23:26 | 2026-08-14 23:00,"Greater Noida, Pari Chowk | Gurugram, DLF Phase 3 | Faridabad, Sector 37 | Delhi, Dwarka",1,0.8845,Brother,"Relationship type: Brother. Phone records show 7 call(s). Transaction records show 8 transaction(s) totaling ₹575,369. Meeting records show 4 meeting(s) at Greater Noida, Pari Chowk ,  Gurugram, DLF Phase 3 ,  Faridabad, Sector 37 ,  Delhi, Dwarka. This relationship type is a synthetic investigative-data label for demonstration."
REL00413,P0037,Divya Narang,P0073,Tanya Arora,0,,,0,0,,,0.0,2,2026-02-19 10:35 | 2026-07-24 13:18,"Faridabad, Sector 15 | Faridabad, Sector 15",0,0.2106,Associate,"Relationship type: Associate. Meeting records show 2 meeting(s) at Faridabad, Sector 15 ,  Faridabad, Sector 15. This relationship type is a synthetic investigative-data label for demonstration."
REL00389,P0084,Divya Tyagi,P0217,Harsh Bansal,0,,,0,0,,,0.0,0,,,0,0.2881,Associate,"Relationship type: Associate. No direct call, transaction, or meeting evidence is recorded in this dataset. This relationship type is a synthetic investigative-data label for demonstration."
REL00264,P0015,Ravi Rana,P0304,Arjun Rana,0,,,0,0,,,0.0,1,2026-04-10 14:59,"Noida, Sector 16",0,0.3117,Associate,"Relationship type: Associate. Meeting records show 1 meeting(s) at Noida, Sector 16. This relationship type is a synthetic investigative-data label for demonstration."
REL00294,P0078,Komal Dahiya,P0200,Preeti Khanna,1,2026-06-15 23:59,628,628,0,,,0.0,0,,,0,0.3113,Acquaintance,Relationship type: Acquaintance. Phone records show 1 call(s). This relationship type is a synthetic investigative-data label for demonstration.
REL00465,P0089,Saurabh Bansal,P0523,Mohit Sharma,0,,,0,0,,,0.0,1,2026-05-25 08:26,"Gurugram, Udyog Vihar",0,0.1911,Neighbour,"Relationship type: Neighbour. Meeting records show 1 meeting(s) at Gurugram, Udyog Vihar. This relationship type is a synthetic investigative-data label for demonstration."
REL00028,P0113,Ananya Aggarwal,P0323,Pooja Kapoor,9,2026-02-09 01:09 | 2026-02-10 03:13 | 2026-02-23 02:03 | 2026-03-22 12:14 | 2026-03-31 18:37 | 2026-04-10 21:56 | 2026-07-07 04:08 | 2026-07-31 14:41 | 2026-08-24 00:26,1079 | 273 | 327 | 1286 | 1490 | 142 | 617 | 1725 | 432,7371,5,2026-01-14 21:26 | 2026-01-15 14:33 | 2026-02-17 22:13 | 2026-03-02 15:14 | 2026-04-14 20:20,151742.56 | 89446.20 | 78930.51 | 86678.65 | 15745.21,422543.13,3,2026-01-18 23:14 | 2026-06-09 02:44 | 2026-07-18 00:49,"Gurugram, Sector 18 | Delhi, Saket | Noida, Sector 63",1,0.9663,Brother,"Relationship type: Brother. Phone records show 9 call(s). Transaction records show 5 transaction(s) totaling ₹422,543. Meeting records show 3 meeting(s) at Gurugram, Sector 18 ,  Delhi, Saket ,  Noida, Sector 63. This relationship type is a synthetic investigative-data label for demonstration."
REL00586,P0212,Sonam Saxena,P0530,Varun Bhati,0,,,0,2,2026-02-16 00:35 | 2026-03-10 13:52,21293.97 | 10375.67,31669.64,0,,,0,0.0617,Colleague,"Relationship type: Colleague. Transaction records show 2 transaction(s) totaling ₹31,670. This relationship type is a synthetic investigative-data label for demonstration."
REL00518,P0292,Yash Mishra,P0466,Aditi Tiwari,2,2026-02-26 15:39 | 2026-06-27 10:20,64 | 163,227,1,2026-03-24 14:31,4264.96,4264.96,0,,,0,0.2076,Colleague,"Relationship type: Colleague. Phone records show 2 call(s). Transaction records show 1 transaction(s) totaling ₹4,265. This relationship type is a synthetic investigative-data label for demonstration."
REL00621,P0235,Arjun Pandey,P0338,Simran Sharma,1,2026-03-21 23:51,26,26,0,,,0.0,0,,,0,0.3062,Colleague,Relationship type: Colleague. Phone records show 1 call(s). This relationship type is a synthetic investigative-data label for demonstration.
REL00588,P0134,Sonam Pandey,P0202,Manish Gupta,1,2026-05-12 17:46,363,363,1,2026-03-04 02:59,5917.34,5917.34,0,,,0,0.1742,Colleague,"Relationship type: Colleague. Phone records show 1 call(s). Transaction records show 1 transaction(s) totaling ₹5,917. This relationship type is a synthetic investigative-data label for demonstration."
REL00134,P0219,Amit Khanna,P0352,Shreya Mishra,12,2026-01-02 20:27 | 2026-01-22 03:22 | 2026-01-29 03:49 | 2026-03-08 12:18 | 2026-03-08 23:03 | 2026-05-26 06:58 | 2026-06-01 21:35 | 2026-06-06 14:37 | 2026-06-11 08:42 | 2026-06-21 15:59 | 2026-08-07 00:58 | 2026-08-07 23:09,1691 | 1125 | 482 | 142 | 571 | 1665 | 496 | 372 | 1642 | 635 | 504 | 1097,10422,8,2026-01-04 09:35 | 2026-02-27 08:21 | 2026-04-16 16:41 | 2026-05-10 14:31 | 2026-05-23 15:21 | 2026-06-09 23:58 | 2026-06-25 09:21 | 2026-06-27 14:52,138219.90 | 81911.39 | 12232.93 | 44851.11 | 26501.81 | 84188.50 | 133189.29 | 158936.51,680031.44,3,2026-02-19 17:23 | 2026-07-28 21:06 | 2026-08-22 11:39,"Delhi, Mayur Vihar | Gurugram, DLF Phase 3 | Gurugram, Udyog Vihar",1,0.974,Partner,"Relationship type: Partner. Phone records show 12 call(s). Transaction records show 8 transaction(s) totaling ₹680,031. Meeting records show 3 meeting(s) at Delhi, Mayur Vihar ,  Gurugram, DLF Phase 3 ,  Gurugram, Udyog Vihar. This relationship type is a synthetic investigative-data label for demonstration."
REL00541,P0111,Jyoti Narang,P0224,Simran Yadav,2,2026-01-19 20:18 | 2026-05-18 06:08,612 | 355,967,1,2026-05-04 09:35,11380.96,11380.96,0,,,0,0.2759,Associate,"Relationship type: Associate. Phone records show 2 call(s). Transaction records show 1 transaction(s) totaling ₹11,381. This relationship type is a synthetic investigative-data label for demonstration."
REL00118,P0046,Aditya Mishra,P0175,Ravi Yadav,24,2026-01-03 05:20 | 2026-01-04 22:20 | 2026-02-15 13:20 | 2026-02-18 17:16 | 2026-03-13 22:16 | 2026-03-20 18:17 | 2026-03-23 12:13 | 2026-03-26 01:44 | 2026-03-28 04:24 | 2026-04-03 15:12 | 2026-04-13 18:39 | 2026-04-20 00:02 | 2026-04-25 14:08 | 2026-05-08 23:31 | 2026-05-31 08:38 | 2026-06-17 03:58 | 2026-06-27 08:35 | 2026-06-30 06:08 | 2026-07-09 21:10 | 2026-07-31 08:27 | 2026-08-06 07:22 | 2026-08-20 02:38 | 2026-08-23 12:41 | 2026-08-26 23:45,1238 | 645 | 612 | 849 | 441 | 1685 | 533 | 1302 | 827 | 719 | 706 | 1726 | 614 | 1503 | 919 | 1244 | 1562 | 427 | 532 | 1261 | 481 | 996 | 312 | 1164,22298,2,2026-02-18 00:42 | 2026-05-27 16:25,76783.86 | 35758.22,112542.08,6,2026-01-01 06:39 | 2026-01-26 14:56 | 2026-02-25 18:44 | 2026-04-27 10:21 | 2026-06-13 01:52 | 2026-08-08 03:31,"Ghaziabad, Kaushambi | Delhi, Rohini | Delhi, Karol Bagh | Ghaziabad, Raj Nagar | Noida, Sector 62 | Gurugram, Manesar",1,0.9428,Family,"Relationship type: Family. Phone records show 24 call(s). Transaction records show 2 transaction(s) totaling ₹112,542. Meeting records show 6 meeting(s) at Ghaziabad, Kaushambi ,  Delhi, Rohini ,  Delhi, Karol Bagh ,  Ghaziabad, Raj Nagar ,  Noida, Sector 62 ,  Gurugram, Manesar. This relationship type is a synthetic investigative-data label for demonstration."
REL00222,P0068,Amit Dahiya,P0232,Sakshi Meena,1,2026-06-08 01:27,24,24,2,2026-04-07 13:59 | 2026-05-25 15:21,19427.66 | 7505.18,26932.84,0,,,0,0.0705,Former Partner,"Relationship type: Former Partner. Phone records show 1 call(s). Transaction records show 2 transaction(s) totaling ₹26,933. This relationship type is a synthetic investigative-data label for demonstration."
REL00355,P0086,Nikhil Aggarwal,P0215,Muskan Gupta,4,2026-02-01 15:48 | 2026-05-22 03:03 | 2026-06-07 15:16 | 2026-07-18 19:11,686 | 111 | 513 | 324,1634,1,2026-02-19 16:41,24610.82,24610.82,0,,,0,0.0406,Former Partner,"Relationship type: Former Partner. Phone records show 4 call(s). Transaction records show 1 transaction(s) totaling ₹24,611. This relationship type is a synthetic investigative-data label for demonstration."
REL00464,P0114,Aditi Mishra,P0264,Nikhil Saini,0,,,0,0,,,0.0,0,,,0,0.0529,Acquaintance,"Relationship type: Acquaintance. No direct call, transaction, or meeting evidence is recorded in this dataset. This relationship type is a synthetic investigative-data label for demonstration."
REL00181,P0196,Nikhil Bhardwaj,P0434,Amit Singh,5,2026-01-10 23:51 | 2026-04-24 14:19 | 2026-05-13 08:32 | 2026-06-10 22:23 | 2026-07-14 08:55,1547 | 474 | 1334 | 884 | 118,4357,1,2026-04-02 12:29,35412.19,35412.19,4,2026-02-17 03:29 | 2026-05-06 10:06 | 2026-07-03 02:00 | 2026-08-17 18:09,"Gurugram, Udyog Vihar | Gurugram, Sector 29 | Noida, Sector 15 | Delhi, Pitampura",1,0.7515,Relative,"Relationship type: Relative. Phone records show 5 call(s). Transaction records show 1 transaction(s) totaling ₹35,412. Meeting records show 4 meeting(s) at Gurugram, Udyog Vihar ,  Gurugram, Sector 29 ,  Noida, Sector 15 ,  Delhi, Pitampura. This relationship type is a synthetic investigative-data label for demonstration."
REL00149,P0023,Rohan Pandey,P0131,Rahul Rawat,9,2026-01-13 23:59 | 2026-01-26 17:09 | 2026-02-19 20:20 | 2026-04-22 01:18 | 2026-04-25 11:55 | 2026-06-12 20:05 | 2026-06-28 03:35 | 2026-07-20 16:28 | 2026-08-12 21:56,1415 | 564 | 1141 | 733 | 1457 | 1461 | 360 | 1689 | 1591,10411,4,2026-01-18 09:21 | 2026-02-14 15:15 | 2026-03-07 11:27 | 2026-05-06 02:46,150441.49 | 47861.08 | 118405.89 | 176026.61,492735.07,2,2026-03-11 00:45 | 2026-08-28 15:16,"Delhi, Dwarka | Gurugram, Udyog Vihar",1,0.99,Mother,"Relationship type: Mother. Phone records show 9 call(s). Transaction records show 4 transaction(s) totaling ₹492,735. Meeting records show 2 meeting(s) at Delhi, Dwarka ,  Gurugram, Udyog Vihar. This relationship type is a synthetic investigative-data label for demonstration."
REL00617,P0248,Varun Chauhan,P0260,Sonam Tiwari,2,2026-03-09 10:09 | 2026-08-19 08:08,232 | 52,284,0,,,0.0,0,,,0,0.1938,Colleague,Relationship type: Colleague. Phone records show 2 call(s). This relationship type is a synthetic investigative-data label for demonstration.
REL00600,P0235,Arjun Pandey,P0402,Aarav Bhati,0,,,0,0,,,0.0,0,,,0,0.0728,Associate,"Relationship type: Associate. No direct call, transaction, or meeting evidence is recorded in this dataset. This relationship type is a synthetic investigative-data label for demonstration."
REL00202,P0256,Vikas Arora,P0323,Pooja Kapoor,9,2026-04-07 16:43 | 2026-04-14 06:09 | 2026-05-09 16:47 | 2026-05-15 22:20 | 2026-06-09 15:33 | 2026-06-23 16:05 | 2026-07-22 19:55 | 2026-07-25 14:28 | 2026-08-25 15:15,121 | 839 | 1627 | 860 | 502 | 1488 | 436 | 501 | 655,7029,2,2026-03-01 09:39 | 2026-03-20 20:04,125176.91 | 105445.82,230622.73,1,2026-02-07 20:30,"Gurugram, Manesar",1,0.8435,Sister,"Relationship type: Sister. Phone records show 9 call(s). Transaction records show 2 transaction(s) totaling ₹230,623. Meeting records show 1 meeting(s) at Gurugram, Manesar. This relationship type is a synthetic investigative-data label for demonstration."
REL00073,P0362,Saurabh Chaudhary,P0418,Muskan Saini,25,2026-01-11 10:52 | 2026-01-16 06:03 | 2026-01-28 07:38 | 2026-02-02 05:11 | 2026-02-05 16:22 | 2026-02-08 12:21 | 2026-02-16 23:39 | 2026-02-20 14:03 | 2026-02-27 16:13 | 2026-03-29 20:09 | 2026-04-08 16:22 | 2026-04-12 02:42 | 2026-05-04 04:47 | 2026-05-16 13:40 | 2026-05-29 15:17 | 2026-05-30 14:40 | 2026-06-02 14:04 | 2026-06-28 08:26 | 2026-07-13 03:26 | 2026-07-20 05:25 | 2026-07-25 00:57 | 2026-07-26 10:11 | 2026-07-29 21:43 | 2026-07-31 23:07 | 2026-08-25 04:18,313 | 1648 | 342 | 1465 | 1119 | 1751 | 555 | 294 | 296 | 1105 | 465 | 1235 | 471 | 459 | 1470 | 1276 | 1333 | 128 | 642 | 1303 | 1209 | 1200 | 1153 | 1795 | 629,23656,5,2026-01-31 05:57 | 2026-04-08 11:11 | 2026-04-13 12:06 | 2026-04-26 00:05 | 2026-07-18 06:26,30347.06 | 96141.60 | 86436.59 | 129433.98 | 23486.87,365846.1,8,2026-02-09 21:36 | 2026-03-01 09:29 | 2026-04-04 06:33 | 2026-05-12 07:28 | 2026-06-01 16:29 | 2026-06-28 08:51 | 2026-07-29 12:16 | 2026-08-07 07:31,"Gurugram, Sector 14 | Gurugram, Sector 14 | Gurugram, Sector 29 | Greater Noida, Knowledge Park | Gurugram, Sector 14 | Greater Noida, Pari Chowk | Delhi, Narela | Greater Noida, Knowledge Park",1,0.99,Family,"Relationship type: Family. Phone records show 25 call(s). Transaction records show 5 transaction(s) totaling ₹365,846. Meeting records show 8 meeting(s) at Gurugram, Sector 14 ,  Gurugram, Sector 14 ,  Gurugram, Sector 29 ,  Greater Noida, Knowledge Park ,  Gurugram, Sector 14 ,  Greater Noida, Pari Chowk ,  Delhi, Narela ,  Greater Noida, Knowledge Park. This relationship type is a synthetic investigative-data label for demonstration."
REL00174,P0380,Ravi Khanna,P0489,Ananya Khanna,7,2026-02-13 08:58 | 2026-03-08 23:25 | 2026-05-14 21:44 | 2026-05-18 09:47 | 2026-05-24 15:12 | 2026-07-24 01:48 | 2026-08-14 23:52,694 | 98 | 162 | 1074 | 795 | 1078 | 974,4875,6,2026-01-23 06:20 | 2026-02-28 05:30 | 2026-03-21 14:25 | 2026-03-25 04:41 | 2026-04-22 07:41 | 2026-06-03 12:55,151251.63 | 128200.24 | 128673.33 | 86422.26 | 109560.11 | 2222.29,606329.86,8,2026-01-26 11:27 | 2026-02-25 07:11 | 2026-04-15 17:37 | 2026-06-04 22:15 | 2026-07-24 01:15 | 2026-07-27 15:11 | 2026-08-21 00:34 | 2026-08-27 22:43,"Gurugram, DLF Phase 3 | Noida, Sector 18 | Noida, Sector 16 | Delhi, Mayur Vihar | Noida, Greater Noida West | Greater Noida, Alpha 1 | Greater Noida, Pari Chowk | Gurugram, Udyog Vihar",1,0.8904,Spouse,"Relationship type: Spouse. Phone records show 7 call(s). Transaction records show 6 transaction(s) totaling ₹606,330. Meeting records show 8 meeting(s) at Gurugram, DLF Phase 3 ,  Noida, Sector 18 ,  Noida, Sector 16 ,  Delhi, Mayur Vihar ,  Noida, Greater Noida West ,  Greater Noida, Alpha 1 ,  Greater Noida, Pari Chowk ,  Gurugram, Udyog Vihar. This relationship type is a synthetic investigative-data label for demonstration."
REL00623,P0514,Deepak Kapoor,P0576,Karan Narang,0,,,0,0,,,0.0,0,,,0,0.0874,Associate,"Relationship type: Associate. No direct call, transaction, or meeting evidence is recorded in this dataset. This relationship type is a synthetic investigative-data label for demonstration."
REL00574,P0271,Amit Sharma,P0398,Ravi Tyagi,1,2026-02-13 05:19,74,74,0,,,0.0,1,2026-05-06 16:50,"Gurugram, Manesar",0,0.2861,Former Partner,"Relationship type: Former Partner. Phone records show 1 call(s). Meeting records show 1 meeting(s) at Gurugram, Manesar. This relationship type is a synthetic investigative-data label for demonstration."
REL00508,P0280,Saurabh Arora,P0288,Arjun Singh,0,,,0,0,,,0.0,1,2026-07-31 08:12,"Ghaziabad, Indirapuram",0,0.0699,Neighbour,"Relationship type: Neighbour. Meeting records show 1 meeting(s) at Ghaziabad, Indirapuram. This relationship type is a synthetic investigative-data label for demonstration."
REL00002,P0249,Shreya Sharma,P0419,Karan Goyal,16,2026-01-26 21:12 | 2026-02-01 10:52 | 2026-02-26 07:21 | 2026-03-05 06:58 | 2026-03-23 04:52 | 2026-03-27 03:39 | 2026-05-09 17:28 | 2026-05-23 20:32 | 2026-06-18 05:00 | 2026-06-18 08:28 | 2026-06-19 01:18 | 2026-06-26 22:57 | 2026-07-13 00:53 | 2026-07-22 23:19 | 2026-08-07 00:14 | 2026-08-21 21:31,392 | 336 | 1060 | 1274 | 163 | 64 | 721 | 1271 | 1173 | 1245 | 1442 | 1098 | 1066 | 225 | 197 | 1379,13106,9,2026-01-10 10:44 | 2026-01-18 02:12 | 2026-01-22 20:50 | 2026-02-25 11:37 | 2026-02-27 11:48 | 2026-03-05 13:48 | 2026-04-01 04:34 | 2026-07-17 13:14 | 2026-07-21 04:24,36746.93 | 153481.51 | 124498.33 | 71718.63 | 119944.41 | 69659.91 | 141219.15 | 112298.72 | 11155.35,840722.94,4,2026-03-17 09:12 | 2026-06-19 21:06 | 2026-07-26 07:51 | 2026-07-30 22:46,"Delhi, Karol Bagh | Noida, Sector 15 | Noida, Sector 15 | Gurugram, Sector 18",1,0.9594,Spouse,"Relationship type: Spouse. Phone records show 16 call(s). Transaction records show 9 transaction(s) totaling ₹840,723. Meeting records show 4 meeting(s) at Delhi, Karol Bagh ,  Noida, Sector 15 ,  Noida, Sector 15 ,  Gurugram, Sector 18. This relationship type is a synthetic investigative-data label for demonstration."
REL00502,P0040,Ananya Malik,P0582,Sonam Kapoor,0,,,0,0,,,0.0,2,2026-05-17 10:58 | 2026-07-31 13:54,"Delhi, Shahdara | Delhi, Saket",0,0.128,Colleague,"Relationship type: Colleague. Meeting records show 2 meeting(s) at Delhi, Shahdara ,  Delhi, Saket. This relationship type is a synthetic investigative-data label for demonstration."
REL00457,P0307,Ravi Saini,P0545,Manish Ahuja,2,2026-01-14 05:42 | 2026-05-01 23:22,70 | 68,138,0,,,0.0,0,,,0,0.1735,Former Partner,Relationship type: Former Partner. Phone records show 2 call(s). This relationship type is a synthetic investigative-data label for demonstration.
REL00099,P0159,Preeti Tiwari,P0557,Simran Meena,24,2026-01-14 07:06 | 2026-01-18 21:25 | 2026-01-20 12:10 | 2026-01-25 11:28 | 2026-02-15 12:29 | 2026-02-27 02:52 | 2026-03-07 11:57 | 2026-04-09 06:45 | 2026-04-23 15:28 | 2026-04-23 22:40 | 2026-04-24 12:54 | 2026-04-28 17:27 | 2026-05-01 10:43 | 2026-05-08 22:38 | 2026-05-16 19:31 | 2026-05-17 00:28 | 2026-05-18 06:04 | 2026-06-04 07:41 | 2026-07-03 02:58 | 2026-07-08 06:58 | 2026-08-08 20:13 | 2026-08-15 20:52 | 2026-08-16 17:05 | 2026-08-23 22:33,1363 | 123 | 323 | 1470 | 565 | 205 | 1663 | 1671 | 1184 | 1218 | 829 | 150 | 1666 | 603 | 837 | 1442 | 819 | 1411 | 390 | 1161 | 1426 | 1692 | 864 | 969,24044,4,2026-02-27 01:21 | 2026-03-15 18:39 | 2026-03-23 02:21 | 2026-06-22 22:31,121434.80 | 131308.36 | 80349.60 | 106240.64,439333.4,4,2026-03-13 09:23 | 2026-04-28 06:31 | 2026-07-02 00:30 | 2026-07-15 09:09,"Ghaziabad, Crossings Republik | Greater Noida, Knowledge Park | Delhi, Okhla | Delhi, Okhla",1,0.9738,Associate,"Relationship type: Associate. Phone records show 24 call(s). Transaction records show 4 transaction(s) totaling ₹439,333. Meeting records show 4 meeting(s) at Ghaziabad, Crossings Republik ,  Greater Noida, Knowledge Park ,  Delhi, Okhla ,  Delhi, Okhla. This relationship type is a synthetic investigative-data label for demonstration."
REL00632,P0448,Rohan Ahuja,P0551,Shreya Pandey,1,2026-04-12 09:54,23,23,0,,,0.0,0,,,0,0.0895,Former Partner,Relationship type: Former Partner. Phone records show 1 call(s). This relationship type is a synthetic investigative-data label for demonstration.
REL00349,P0030,Jyoti Saxena,P0589,Amit Jain,0,,,0,0,,,0.0,0,,,0,0.1243,Associate,"Relationship type: Associate. No direct call, transaction, or meeting evidence is recorded in this dataset. This relationship type is a synthetic investigative-data label for demonstration."
REL00648,P0016,Ankit Dahiya,P0355,Naina Ahuja,1,2026-05-06 12:04,451,451,0,,,0.0,1,2026-04-09 11:05,"Gurugram, Sector 29",0,0.0794,Former Partner,"Relationship type: Former Partner. Phone records show 1 call(s). Meeting records show 1 meeting(s) at Gurugram, Sector 29. This relationship type is a synthetic investigative-data label for demonstration."
REL00377,P0149,Vivaan Narang,P0590,Varun Saini,3,2026-01-12 11:35 | 2026-05-19 00:46 | 2026-08-08 16:57,405 | 302 | 274,981,0,,,0.0,0,,,0,0.3349,Associate,Relationship type: Associate. Phone records show 3 call(s). This relationship type is a synthetic investigative-data label for demonstration.
REL00312,P0132,Rohan Arora,P0512,Shreya Ahuja,0,,,0,0,,,0.0,1,2026-01-16 05:52,"Ghaziabad, Crossings Republik",0,0.3397,Associate,"Relationship type: Associate. Meeting records show 1 meeting(s) at Ghaziabad, Crossings Republik. This relationship type is a synthetic investigative-data label for demonstration."
REL00180,P0334,Sumit Yadav,P0506,Mohit Gupta,11,2026-01-20 18:13 | 2026-01-28 11:03 | 2026-02-17 07:46 | 2026-02-17 11:08 | 2026-03-06 01:41 | 2026-03-29 06:01 | 2026-04-27 21:10 | 2026-05-03 05:18 | 2026-08-02 20:19 | 2026-08-24 00:30 | 2026-08-29 09:17,1537 | 156 | 655 | 1731 | 1334 | 997 | 867 | 1733 | 574 | 530 | 1712,11826,4,2026-02-08 02:25 | 2026-02-28 07:23 | 2026-03-05 20:31 | 2026-05-05 11:54,30995.13 | 133155.25 | 94330.87 | 152435.57,410916.82,6,2026-01-04 11:54 | 2026-02-14 06:27 | 2026-03-03 13:30 | 2026-04-13 17:49 | 2026-05-07 20:52 | 2026-06-22 00:25,"Gurugram, DLF Phase 3 | Noida, Sector 63 | Greater Noida, Pari Chowk | Delhi, Okhla | Noida, Sector 15 | Gurugram, DLF Phase 2",1,0.99,Partner,"Relationship type: Partner. Phone records show 11 call(s). Transaction records show 4 transaction(s) totaling ₹410,917. Meeting records show 6 meeting(s) at Gurugram, DLF Phase 3 ,  Noida, Sector 63 ,  Greater Noida, Pari Chowk ,  Delhi, Okhla ,  Noida, Sector 15 ,  Gurugram, DLF Phase 2. This relationship type is a synthetic investigative-data label for demonstration."
REL00182,P0008,Tanya Dahiya,P0153,Preeti Bhati,17,2026-01-14 10:12 | 2026-02-07 07:11 | 2026-02-26 11:40 | 2026-04-14 18:24 | 2026-04-16 18:06 | 2026-05-02 05:38 | 2026-05-20 02:56 | 2026-05-22 10:18 | 2026-05-25 16:26 | 2026-06-05 11:18 | 2026-06-07 08:03 | 2026-06-09 11:29 | 2026-06-28 11:36 | 2026-07-08 00:02 | 2026-07-24 02:53 | 2026-07-30 04:11 | 2026-08-23 02:47,79 | 828 | 1730 | 1371 | 110 | 1794 | 228 | 1219 | 1648 | 680 | 1272 | 39 | 1555 | 645 | 1517 | 1298 | 105,16118,8,2026-04-11 20:25 | 2026-04-13 14:32 | 2026-04-29 10:30 | 2026-05-07 07:40 | 2026-05-18 20:20 | 2026-06-18 14:20 | 2026-06-19 18:17 | 2026-08-18 09:07,70307.39 | 94522.07 | 112297.03 | 19511.56 | 132672.91 | 38537.31 | 142822.63 | 57266.93,667937.83,5,2026-04-10 00:52 | 2026-05-12 18:02 | 2026-05-27 17:11 | 2026-07-13 09:48 | 2026-07-17 13:59,"Gurugram, Udyog Vihar | Greater Noida, Alpha 1 | Delhi, Pitampura | Delhi, Shahdara | Delhi, Connaught Place",1,0.9867,Colleague,"Relationship type: Colleague. Phone records show 17 call(s). Transaction records show 8 transaction(s) totaling ₹667,938. Meeting records show 5 meeting(s) at Gurugram, Udyog Vihar ,  Greater Noida, Alpha 1 ,  Delhi, Pitampura ,  Delhi, Shahdara ,  Delhi, Connaught Place. This relationship type is a synthetic investigative-data label for demonstration."
REL00169,P0255,Karan Arora,P0275,Saurabh Malik,11,2026-02-03 10:35 | 2026-02-20 14:49 | 2026-02-28 21:50 | 2026-03-17 01:43 | 2026-04-03 15:12 | 2026-05-13 18:22 | 2026-05-21 13:14 | 2026-06-20 00:10 | 2026-07-07 08:44 | 2026-07-18 01:29 | 2026-08-06 12:36,178 | 90 | 1574 | 1543 | 938 | 733 | 186 | 1043 | 1677 | 404 | 790,9156,4,2026-02-16 09:34 | 2026-02-27 01:52 | 2026-04-02 19:08 | 2026-05-16 06:10,79540.04 | 170009.00 | 39454.15 | 87795.30,376798.49,2,2026-03-10 14:37 | 2026-08-03 12:08,"Delhi, Narela | Gurugram, DLF Phase 2",1,0.99,Associate,"Relationship type: Associate. Phone records show 11 call(s). Transaction records show 4 transaction(s) totaling ₹376,798. Meeting records show 2 meeting(s) at Delhi, Narela ,  Gurugram, DLF Phase 2. This relationship type is a synthetic investigative-data label for demonstration."
REL00204,P0107,Isha Rawat,P0327,Vikas Verma,8,2026-01-29 18:57 | 2026-03-07 00:58 | 2026-05-26 22:10 | 2026-06-06 04:52 | 2026-06-13 07:25 | 2026-06-24 21:55 | 2026-07-22 20:14 | 2026-07-23 21:38,1695 | 1463 | 609 | 1479 | 1237 | 1107 | 746 | 1495,9831,8,2026-01-30 17:18 | 2026-02-09 08:00 | 2026-03-17 01:59 | 2026-03-17 21:30 | 2026-03-25 15:15 | 2026-07-01 03:57 | 2026-08-10 01:36 | 2026-08-17 00:23,93438.18 | 128003.88 | 149003.93 | 117329.95 | 94019.94 | 125321.39 | 50566.95 | 116728.92,874413.14,7,2026-01-19 03:37 | 2026-01-30 05:55 | 2026-05-03 05:19 | 2026-06-11 04:05 | 2026-06-13 22:52 | 2026-08-06 07:10 | 2026-08-14 00:05,"Gurugram, DLF Phase 3 | Delhi, Narela | Greater Noida, Pari Chowk | Gurugram, DLF Phase 2 | Ghaziabad, Kaushambi | Gurugram, Sector 14 | Delhi, Narela",1,0.9632,Relative,"Relationship type: Relative. Phone records show 8 call(s). Transaction records show 8 transaction(s) totaling ₹874,413. Meeting records show 7 meeting(s) at Gurugram, DLF Phase 3 ,  Delhi, Narela ,  Greater Noida, Pari Chowk ,  Gurugram, DLF Phase 2 ,  Ghaziabad, Kaushambi ,  Gurugram, Sector 14 ,  Delhi, Narela. This relationship type is a synthetic investigative-data label for demonstration."
REL00627,P0080,Sonam Bansal,P0574,Varun Pandey,0,,,0,0,,,0.0,0,,,0,0.1947,Acquaintance,"Relationship type: Acquaintance. No direct call, transaction, or meeting evidence is recorded in this dataset. This relationship type is a synthetic investigative-data label for demonstration."
REL00619,P0363,Simran Aggarwal,P0598,Yash Sharma,1,2026-01-28 18:47,395,395,0,,,0.0,1,2026-01-01 13:24,"Faridabad, Sector 37",0,0.131,Acquaintance,"Relationship type: Acquaintance. Phone records show 1 call(s). Meeting records show 1 meeting(s) at Faridabad, Sector 37. This relationship type is a synthetic investigative-data label for demonstration."
REL00153,P0144,Ravi Saini,P0331,Manish Meena,17,2026-01-25 03:15 | 2026-01-28 21:50 | 2026-01-29 03:38 | 2026-02-07 18:59 | 2026-02-25 23:11 | 2026-03-28 03:45 | 2026-05-01 02:14 | 2026-05-06 07:30 | 2026-05-26 07:10 | 2026-06-04 13:36 | 2026-07-10 11:48 | 2026-07-11 19:03 | 2026-07-15 15:46 | 2026-07-19 07:24 | 2026-08-19 05:05 | 2026-08-25 11:54 | 2026-08-29 09:44,1165 | 1497 | 1123 | 864 | 1006 | 461 | 1663 | 28 | 395 | 1086 | 776 | 373 | 433 | 1648 | 1712 | 209 | 1417,15856,1,2026-07-20 01:40,146384.35,146384.35,6,2026-01-09 10:27 | 2026-01-31 07:04 | 2026-03-26 21:25 | 2026-06-05 15:30 | 2026-06-16 21:58 | 2026-08-28 02:19,"Greater Noida, Knowledge Park | Faridabad, NIT | Gurugram, Sector 14 | Delhi, Pitampura | Noida, Sector 18 | Delhi, Karol Bagh",1,0.8583,Partner,"Relationship type: Partner. Phone records show 17 call(s). Transaction records show 1 transaction(s) totaling ₹146,384. Meeting records show 6 meeting(s) at Greater Noida, Knowledge Park ,  Faridabad, NIT ,  Gurugram, Sector 14 ,  Delhi, Pitampura ,  Noida, Sector 18 ,  Delhi, Karol Bagh. This relationship type is a synthetic investigative-data label for demonstration."
REL00243,P0036,Simran Verma,P0196,Nikhil Bhardwaj,1,2026-05-16 21:28,580,580,0,,,0.0,1,2026-04-16 18:31,"Delhi, Pitampura",0,0.0267,Former Partner,"Relationship type: Former Partner. Phone records show 1 call(s). Meeting records show 1 meeting(s) at Delhi, Pitampura. This relationship type is a synthetic investigative-data label for demonstration."
REL00395,P0045,Komal Singh,P0199,Preeti Singh,3,2026-01-12 05:58 | 2026-01-26 23:40 | 2026-02-23 02:31,673 | 600 | 543,1816,0,,,0.0,0,,,0,0.1211,Neighbour,Relationship type: Neighbour. Phone records show 3 call(s). This relationship type is a synthetic investigative-data label for demonstration.
REL00591,P0441,Aditi Dahiya,P0460,Tanya Ahuja,0,,,0,1,2026-01-24 16:52,13764.88,13764.88,0,,,0,0.1702,Neighbour,"Relationship type: Neighbour. Transaction records show 1 transaction(s) totaling ₹13,765. This relationship type is a synthetic investigative-data label for demonstration."
REL00145,P0096,Preeti Sharma,P0172,Aditi Gupta,17,2026-01-02 21:16 | 2026-02-20 19:23 | 2026-03-11 22:33 | 2026-03-27 09:31 | 2026-03-27 16:59 | 2026-04-15 22:34 | 2026-05-03 16:14 | 2026-05-14 02:40 | 2026-06-02 02:07 | 2026-06-03 13:48 | 2026-06-07 19:27 | 2026-06-10 06:25 | 2026-06-24 06:16 | 2026-07-08 05:23 | 2026-08-06 06:27 | 2026-08-07 08:33 | 2026-08-24 13:05,700 | 1700 | 780 | 1486 | 1504 | 237 | 1602 | 129 | 983 | 774 | 1538 | 522 | 560 | 1492 | 1348 | 349 | 1273,16977,6,2026-02-15 23:44 | 2026-02-21 18:58 | 2026-03-10 23:14 | 2026-03-17 13:27 | 2026-06-01 04:07 | 2026-06-16 07:38,61203.86 | 69050.09 | 122218.96 | 47297.28 | 93810.00 | 119935.81,513516.0,5,2026-01-20 10:09 | 2026-01-21 07:42 | 2026-04-21 02:03 | 2026-05-26 12:15 | 2026-06-28 07:56,"Gurugram, Sector 14 | Gurugram, Udyog Vihar | Delhi, Connaught Place | Delhi, Narela | Faridabad, Sector 37",1,0.9507,Friend,"Relationship type: Friend. Phone records show 17 call(s). Transaction records show 6 transaction(s) totaling ₹513,516. Meeting records show 5 meeting(s) at Gurugram, Sector 14 ,  Gurugram, Udyog Vihar ,  Delhi, Connaught Place ,  Delhi, Narela ,  Faridabad, Sector 37. This relationship type is a synthetic investigative-data label for demonstration."
REL00499,P0173,Divya Aggarwal,P0417,Komal Ahuja,3,2026-02-02 05:06 | 2026-03-15 00:02 | 2026-06-13 11:09,142 | 300 | 581,1023,1,2026-01-21 16:52,14991.53,14991.53,0,,,0,0.1009,Neighbour,"Relationship type: Neighbour. Phone records show 3 call(s). Transaction records show 1 transaction(s) totaling ₹14,992. This relationship type is a synthetic investigative-data label for demonstration."
REL00368,P0401,Aditi Chauhan,P0521,Aditya Pandey,2,2026-01-03 03:48 | 2026-08-04 18:29,580 | 697,1277,0,,,0.0,0,,,0,0.2635,Neighbour,Relationship type: Neighbour. Phone records show 2 call(s). This relationship type is a synthetic investigative-data label for demonstration.
REL00300,P0337,Arjun Tiwari,P0474,Preeti Bhardwaj,1,2026-01-04 11:23,639,639,2,2026-04-24 21:55 | 2026-05-09 16:01,10305.17 | 17861.78,28166.95,1,2026-02-27 08:47,"Faridabad, Sector 15",0,0.3106,Neighbour,"Relationship type: Neighbour. Phone records show 1 call(s). Transaction records show 2 transaction(s) totaling ₹28,167. Meeting records show 1 meeting(s) at Faridabad, Sector 15. This relationship type is a synthetic investigative-data label for demonstration."
REL00435,P0104,Vikas Singh,P0110,Divya Rana,3,2026-02-22 07:19 | 2026-04-11 13:40 | 2026-04-18 00:33,648 | 402 | 294,1344,0,,,0.0,0,,,0,0.1882,Colleague,Relationship type: Colleague. Phone records show 3 call(s). This relationship type is a synthetic investigative-data label for demonstration.
REL00310,P0126,Ananya Rana,P0208,Naina Meena,2,2026-05-07 00:03 | 2026-07-27 23:32,168 | 82,250,0,,,0.0,0,,,0,0.0937,Former Partner,Relationship type: Former Partner. Phone records show 2 call(s). This relationship type is a synthetic investigative-data label for demonstration.
REL00266,P0021,Riya Verma,P0053,Mohit Saxena,0,,,0,0,,,0.0,0,,,0,0.0257,Neighbour,"Relationship type: Neighbour. No direct call, transaction, or meeting evidence is recorded in this dataset. This relationship type is a synthetic investigative-data label for demonstration."
REL00307,P0183,Riya Singh,P0434,Amit Singh,0,,,0,1,2026-05-27 13:55,26857.75,26857.75,1,2026-06-17 18:43,"Faridabad, NIT",0,0.0485,Former Partner,"Relationship type: Former Partner. Transaction records show 1 transaction(s) totaling ₹26,858. Meeting records show 1 meeting(s) at Faridabad, NIT. This relationship type is a synthetic investigative-data label for demonstration."
REL00350,P0347,Aditya Bhati,P0354,Sumit Dahiya,2,2026-01-08 10:59 | 2026-05-24 01:11,663 | 651,1314,1,2026-08-06 06:33,6468.09,6468.09,2,2026-01-01 21:22 | 2026-04-11 14:02,"Faridabad, Sector 37 | Delhi, Rohini",0,0.2226,Acquaintance,"Relationship type: Acquaintance. Phone records show 2 call(s). Transaction records show 1 transaction(s) totaling ₹6,468. Meeting records show 2 meeting(s) at Faridabad, Sector 37 ,  Delhi, Rohini. This relationship type is a synthetic investigative-data label for demonstration."
REL00614,P0011,Kavya Sharma,P0530,Varun Bhati,0,,,0,0,,,0.0,0,,,0,0.2856,Former Partner,"Relationship type: Former Partner. No direct call, transaction, or meeting evidence is recorded in this dataset. This relationship type is a synthetic investigative-data label for demonstration."
REL00283,P0117,Rohan Rawat,P0496,Rohan Mishra,0,,,0,1,2026-01-02 05:50,5850.82,5850.82,0,,,0,0.0877,Former Partner,"Relationship type: Former Partner. Transaction records show 1 transaction(s) totaling ₹5,851. This relationship type is a synthetic investigative-data label for demonstration."
REL00251,P0139,Yash Singh,P0433,Isha Sharma,1,2026-07-14 12:24,562,562,1,2026-03-29 11:01,18327.49,18327.49,0,,,0,0.1952,Neighbour,"Relationship type: Neighbour. Phone records show 1 call(s). Transaction records show 1 transaction(s) totaling ₹18,327. This relationship type is a synthetic investigative-data label for demonstration."
REL00509,P0459,Priya Bhardwaj,P0552,Pooja Saxena,3,2026-01-29 03:02 | 2026-03-10 03:36 | 2026-05-05 08:39,463 | 286 | 164,913,0,,,0.0,1,2026-08-27 15:19,"Delhi, Narela",0,0.06,Neighbour,"Relationship type: Neighbour. Phone records show 3 call(s). Meeting records show 1 meeting(s) at Delhi, Narela. This relationship type is a synthetic investigative-data label for demonstration."
REL00447,P0093,Kavya Sharma,P0130,Saurabh Bhati,2,2026-08-14 08:55 | 2026-08-26 00:27,642 | 43,685,1,2026-01-07 23:56,2324.77,2324.77,2,2026-07-01 01:14 | 2026-07-20 03:28,"Noida, Sector 15 | Delhi, Rohini",0,0.0605,Former Partner,"Relationship type: Former Partner. Phone records show 2 call(s). Transaction records show 1 transaction(s) totaling ₹2,325. Meeting records show 2 meeting(s) at Noida, Sector 15 ,  Delhi, Rohini. This relationship type is a synthetic investigative-data label for demonstration."
REL00190,P0151,Divya Rawat,P0413,Shreya Dahiya,13,2026-01-11 11:29 | 2026-03-11 01:24 | 2026-03-11 21:09 | 2026-03-15 13:20 | 2026-04-02 23:52 | 2026-04-21 19:36 | 2026-04-27 00:41 | 2026-04-27 07:51 | 2026-04-28 00:16 | 2026-04-30 09:47 | 2026-05-14 04:28 | 2026-07-03 12:56 | 2026-07-27 02:39,787 | 75 | 1536 | 808 | 1208 | 1043 | 1245 | 666 | 1587 | 34 | 172 | 986 | 1564,11711,4,2026-03-18 22:10 | 2026-03-30 00:36 | 2026-06-03 05:11 | 2026-06-11 23:13,162471.21 | 47960.73 | 46153.43 | 109467.47,366052.84,4,2026-02-04 00:13 | 2026-02-19 17:03 | 2026-05-16 07:03 | 2026-07-27 02:06,"Faridabad, Sector 37 | Ghaziabad, Indirapuram | Ghaziabad, Raj Nagar | Delhi, Saket",1,0.99,Family,"Relationship type: Family. Phone records show 13 call(s). Transaction records show 4 transaction(s) totaling ₹366,053. Meeting records show 4 meeting(s) at Faridabad, Sector 37 ,  Ghaziabad, Indirapuram ,  Ghaziabad, Raj Nagar ,  Delhi, Saket. This relationship type is a synthetic investigative-data label for demonstration."
REL00486,P0403,Rohan Bhati,P0541,Sumit Ahuja,2,2026-03-08 03:42 | 2026-08-27 21:30,430 | 59,489,1,2026-06-01 11:13,18473.71,18473.71,1,2026-01-20 06:46,"Noida, Greater Noida West",0,0.3319,Colleague,"Relationship type: Colleague. Phone records show 2 call(s). Transaction records show 1 transaction(s) totaling ₹18,474. Meeting records show 1 meeting(s) at Noida, Greater Noida West. This relationship type is a synthetic investigative-data label for demonstration."
REL00148,P0068,Amit Dahiya,P0590,Varun Saini,22,2026-01-04 08:48 | 2026-01-15 08:51 | 2026-01-16 09:59 | 2026-02-03 21:49 | 2026-02-05 16:04 | 2026-02-11 17:32 | 2026-02-18 03:47 | 2026-03-08 14:55 | 2026-03-16 04:15 | 2026-03-22 08:05 | 2026-03-30 07:19 | 2026-04-12 17:03 | 2026-04-12 18:36 | 2026-04-15 03:21 | 2026-05-18 02:12 | 2026-06-01 11:28 | 2026-06-13 06:34 | 2026-06-18 14:59 | 2026-06-21 03:48 | 2026-06-24 11:33 | 2026-07-31 16:33 | 2026-08-26 01:22,116 | 1709 | 85 | 1621 | 1114 | 392 | 775 | 626 | 1224 | 1656 | 651 | 1159 | 1766 | 1782 | 369 | 529 | 650 | 716 | 643 | 1306 | 677 | 147,19713,1,2026-02-20 22:08,169334.34,169334.34,8,2026-01-04 01:48 | 2026-02-09 19:31 | 2026-04-30 12:54 | 2026-06-03 00:57 | 2026-06-27 21:59 | 2026-07-13 06:39 | 2026-07-20 10:32 | 2026-08-18 17:42,"Gurugram, Manesar | Noida, Sector 15 | Delhi, Shahdara | Delhi, Okhla | Faridabad, NIT | Ghaziabad, Raj Nagar | Gurugram, DLF Phase 3 | Gurugram, Manesar",1,0.8749,Former Partner,"Relationship type: Former Partner. Phone records show 22 call(s). Transaction records show 1 transaction(s) totaling ₹169,334. Meeting records show 8 meeting(s) at Gurugram, Manesar ,  Noida, Sector 15 ,  Delhi, Shahdara ,  Delhi, Okhla ,  Faridabad, NIT ,  Ghaziabad, Raj Nagar ,  Gurugram, DLF Phase 3 ,  Gurugram, Manesar. This relationship type is a synthetic investigative-data label for demonstration."
REL00526,P0243,Vivaan Arora,P0368,Sonam Dahiya,1,2026-07-09 18:08,305,305,1,2026-07-20 00:19,29544.04,29544.04,0,,,0,0.0366,Neighbour,"Relationship type: Neighbour. Phone records show 1 call(s). Transaction records show 1 transaction(s) totaling ₹29,544. This relationship type is a synthetic investigative-data label for demonstration."
REL00323,P0011,Kavya Sharma,P0193,Rohan Yadav,4,2026-02-08 00:58 | 2026-02-22 14:50 | 2026-05-21 08:21 | 2026-07-08 17:23,181 | 37 | 612 | 576,1406,1,2026-07-05 11:58,12380.00,12380.0,0,,,0,0.2808,Former Partner,"Relationship type: Former Partner. Phone records show 4 call(s). Transaction records show 1 transaction(s) totaling ₹12,380. This relationship type is a synthetic investigative-data label for demonstration."
REL00608,P0085,Saurabh Malik,P0561,Preeti Mishra,2,2026-06-08 18:41 | 2026-07-07 06:20,545 | 562,1107,0,,,0.0,2,2026-03-26 04:54 | 2026-06-23 05:08,"Noida, Sector 15 | Gurugram, Sohna Road",0,0.0397,Acquaintance,"Relationship type: Acquaintance. Phone records show 2 call(s). Meeting records show 2 meeting(s) at Noida, Sector 15 ,  Gurugram, Sohna Road. This relationship type is a synthetic investigative-data label for demonstration."
REL00041,P0408,Shreya Kapoor,P0419,Karan Goyal,14,2026-01-06 14:54 | 2026-01-29 04:06 | 2026-01-29 10:47 | 2026-01-30 22:11 | 2026-02-01 16:03 | 2026-02-02 15:08 | 2026-03-27 15:55 | 2026-05-28 22:32 | 2026-05-31 15:17 | 2026-07-01 09:32 | 2026-07-10 19:43 | 2026-07-31 04:27 | 2026-08-03 05:08 | 2026-08-25 10:06,301 | 439 | 316 | 1283 | 1161 | 1419 | 1563 | 707 | 1261 | 605 | 431 | 59 | 958 | 948,11451,1,2026-08-18 13:53,83604.37,83604.37,5,2026-02-15 19:46 | 2026-03-27 12:59 | 2026-05-13 21:54 | 2026-07-03 13:42 | 2026-08-11 17:46,"Gurugram, Sohna Road | Gurugram, DLF Phase 3 | Delhi, Connaught Place | Delhi, Najafgarh | Delhi, Karol Bagh",1,0.8429,Relative,"Relationship type: Relative. Phone records show 14 call(s). Transaction records show 1 transaction(s) totaling ₹83,604. Meeting records show 5 meeting(s) at Gurugram, Sohna Road ,  Gurugram, DLF Phase 3 ,  Delhi, Connaught Place ,  Delhi, Najafgarh ,  Delhi, Karol Bagh. This relationship type is a synthetic investigative-data label for demonstration."
REL00594,P0047,Harsh Bhardwaj,P0346,Jyoti Kumar,0,,,0,2,2026-01-10 07:44 | 2026-03-11 20:03,2036.10 | 5409.29,7445.39,0,,,0,0.1841,Acquaintance,"Relationship type: Acquaintance. Transaction records show 2 transaction(s) totaling ₹7,445. This relationship type is a synthetic investigative-data label for demonstration."
REL00048,P0321,Preeti Chauhan,P0325,Preeti Singh,7,2026-01-12 20:58 | 2026-01-17 19:21 | 2026-05-02 16:06 | 2026-06-03 05:43 | 2026-08-08 13:38 | 2026-08-11 10:41 | 2026-08-21 08:18,1171 | 553 | 148 | 1704 | 273 | 1676 | 656,6181,3,2026-01-12 11:56 | 2026-04-09 07:42 | 2026-05-06 11:21,2327.08 | 56832.09 | 18106.72,77265.89,5,2026-01-02 14:39 | 2026-01-10 09:00 | 2026-01-18 05:55 | 2026-04-25 05:36 | 2026-06-17 00:59,"Noida, Sector 62 | Faridabad, NIT | Delhi, Dwarka | Greater Noida, Pari Chowk | Gurugram, DLF Phase 2",1,0.9149,Colleague,"Relationship type: Colleague. Phone records show 7 call(s). Transaction records show 3 transaction(s) totaling ₹77,266. Meeting records show 5 meeting(s) at Noida, Sector 62 ,  Faridabad, NIT ,  Delhi, Dwarka ,  Greater Noida, Pari Chowk ,  Gurugram, DLF Phase 2. This relationship type is a synthetic investigative-data label for demonstration."
REL00062,P0411,Muskan Saxena,P0462,Riya Khanna,4,2026-02-07 06:36 | 2026-03-15 16:51 | 2026-06-10 03:54 | 2026-08-05 13:47,1193 | 154 | 530 | 797,2674,5,2026-04-04 21:00 | 2026-05-02 08:26 | 2026-05-14 23:09 | 2026-06-15 01:02 | 2026-07-18 11:44,107958.21 | 19750.48 | 174362.02 | 152839.35 | 84105.36,539015.42,1,2026-08-13 08:12,"Faridabad, Sector 37",1,0.7526,Neighbour,"Relationship type: Neighbour. Phone records show 4 call(s). Transaction records show 5 transaction(s) totaling ₹539,015. Meeting records show 1 meeting(s) at Faridabad, Sector 37. This relationship type is a synthetic investigative-data label for demonstration."
REL00128,P0008,Tanya Dahiya,P0181,Pooja Pandey,15,2026-01-08 18:04 | 2026-01-15 20:50 | 2026-01-19 19:41 | 2026-03-13 20:40 | 2026-04-23 19:17 | 2026-06-08 17:47 | 2026-06-19 06:19 | 2026-06-21 22:05 | 2026-06-22 17:14 | 2026-07-04 13:43 | 2026-07-05 18:58 | 2026-07-27 02:05 | 2026-07-28 08:46 | 2026-07-31 04:32 | 2026-08-29 02:48,1519 | 1629 | 873 | 1256 | 1296 | 1300 | 1194 | 69 | 263 | 337 | 1481 | 1374 | 433 | 1690 | 739,15453,9,2026-01-04 18:25 | 2026-01-29 09:35 | 2026-03-09 05:26 | 2026-03-14 05:58 | 2026-04-20 02:18 | 2026-04-29 21:48 | 2026-06-29 05:32 | 2026-07-19 03:31 | 2026-08-17 22:22,176219.70 | 39705.39 | 101728.55 | 91316.54 | 43568.43 | 175514.78 | 35178.49 | 46858.58 | 166815.20,876905.66,1,2026-07-10 05:08,"Noida, Sector 62",1,0.856,Brother,"Relationship type: Brother. Phone records show 15 call(s). Transaction records show 9 transaction(s) totaling ₹876,906. Meeting records show 1 meeting(s) at Noida, Sector 62. This relationship type is a synthetic investigative-data label for demonstration."
REL00430,P0338,Simran Sharma,P0518,Tanya Saxena,2,2026-01-15 19:30 | 2026-04-07 22:25,632 | 210,842,0,,,0.0,0,,,0,0.0204,Former Partner,Relationship type: Former Partner. Phone records show 2 call(s). This relationship type is a synthetic investigative-data label for demonstration.
REL00205,P0426,Aditya Kumar,P0542,Aditi Rawat,22,2026-01-08 19:48 | 2026-01-12 08:22 | 2026-02-01 05:30 | 2026-02-05 03:16 | 2026-02-09 15:01 | 2026-02-09 18:41 | 2026-02-15 05:55 | 2026-02-18 02:12 | 2026-03-13 14:10 | 2026-03-14 06:50 | 2026-04-02 14:42 | 2026-04-09 13:40 | 2026-05-09 22:36 | 2026-05-10 00:05 | 2026-05-27 11:26 | 2026-06-03 00:10 | 2026-06-28 23:11 | 2026-07-03 21:29 | 2026-07-05 22:00 | 2026-07-29 08:22 | 2026-08-16 14:34 | 2026-08-29 22:53,81 | 1364 | 125 | 1183 | 1485 | 141 | 1055 | 145 | 536 | 491 | 1715 | 564 | 1134 | 1164 | 858 | 1231 | 454 | 1132 | 681 | 1527 | 204 | 1197,18467,3,2026-01-10 15:51 | 2026-01-31 02:45 | 2026-03-14 21:40,18609.27 | 172077.87 | 26953.08,217640.22,1,2026-03-15 01:07,"Gurugram, Sector 29",1,0.871,Business Associate,"Relationship type: Business Associate. Phone records show 22 call(s). Transaction records show 3 transaction(s) totaling ₹217,640. Meeting records show 1 meeting(s) at Gurugram, Sector 29. This relationship type is a synthetic investigative-data label for demonstration."
REL00330,P0038,Jyoti Tyagi,P0308,Sakshi Bansal,0,,,0,0,,,0.0,0,,,0,0.2389,Colleague,"Relationship type: Colleague. No direct call, transaction, or meeting evidence is recorded in this dataset. This relationship type is a synthetic investigative-data label for demonstration."
REL00277,P0273,Amit Tiwari,P0295,Varun Ahuja,0,,,0,2,2026-01-19 11:52 | 2026-08-20 02:28,11804.77 | 21080.51,32885.28,1,2026-01-31 07:24,"Delhi, Karol Bagh",0,0.1808,Acquaintance,"Relationship type: Acquaintance. Transaction records show 2 transaction(s) totaling ₹32,885. Meeting records show 1 meeting(s) at Delhi, Karol Bagh. This relationship type is a synthetic investigative-data label for demonstration."
REL00274,P0083,Rohan Arora,P0409,Aditi Sharma,0,,,0,0,,,0.0,0,,,0,0.0333,Neighbour,"Relationship type: Neighbour. No direct call, transaction, or meeting evidence is recorded in this dataset. This relationship type is a synthetic investigative-data label for demonstration."
REL00448,P0148,Priya Bhati,P0240,Saurabh Rana,0,,,0,0,,,0.0,2,2026-02-09 16:34 | 2026-06-25 07:06,"Delhi, Saket | Noida, Sector 27",0,0.2938,Colleague,"Relationship type: Colleague. Meeting records show 2 meeting(s) at Delhi, Saket ,  Noida, Sector 27. This relationship type is a synthetic investigative-data label for demonstration."
REL00543,P0261,Aditya Dahiya,P0327,Vikas Verma,0,,,0,0,,,0.0,0,,,0,0.0976,Associate,"Relationship type: Associate. No direct call, transaction, or meeting evidence is recorded in this dataset. This relationship type is a synthetic investigative-data label for demonstration."
REL00343,P0179,Sonam Bhardwaj,P0482,Harsh Yadav,0,,,0,1,2026-04-14 10:54,26941.98,26941.98,0,,,0,0.3272,Former Partner,"Relationship type: Former Partner. Transaction records show 1 transaction(s) totaling ₹26,942. This relationship type is a synthetic investigative-data label for demonstration."
REL00433,P0088,Pooja Khanna,P0175,Ravi Yadav,0,,,0,0,,,0.0,0,,,0,0.0438,Former Partner,"Relationship type: Former Partner. No direct call, transaction, or meeting evidence is recorded in this dataset. This relationship type is a synthetic investigative-data label for demonstration."
REL00560,P0143,Aditya Kumar,P0287,Ravi Malik,3,2026-01-19 17:33 | 2026-02-21 02:39 | 2026-05-14 18:32,22 | 390 | 264,676,1,2026-06-14 13:42,14809.35,14809.35,0,,,0,0.1947,Neighbour,"Relationship type: Neighbour. Phone records show 3 call(s). Transaction records show 1 transaction(s) totaling ₹14,809. This relationship type is a synthetic investigative-data label for demonstration."
REL00462,P0071,Shreya Bhati,P0404,Shreya Saini,0,,,0,2,2026-01-14 13:17 | 2026-05-15 06:09,21489.26 | 22793.67,44282.93,1,2026-01-01 18:59,"Noida, Sector 18",0,0.0607,Colleague,"Relationship type: Colleague. Transaction records show 2 transaction(s) totaling ₹44,283. Meeting records show 1 meeting(s) at Noida, Sector 18. This relationship type is a synthetic investigative-data label for demonstration."
REL00467,P0009,Tanya Chaudhary,P0484,Komal Aggarwal,4,2026-02-19 06:06 | 2026-03-15 10:57 | 2026-07-07 14:28 | 2026-07-15 17:15,560 | 150 | 620 | 106,1436,2,2026-08-01 09:58 | 2026-08-23 14:33,5107.43 | 17831.04,22938.47,0,,,0,0.3253,Acquaintance,"Relationship type: Acquaintance. Phone records show 4 call(s). Transaction records show 2 transaction(s) totaling ₹22,938. This relationship type is a synthetic investigative-data label for demonstration."
REL00344,P0185,Varun Mishra,P0517,Isha Verma,1,2026-06-29 17:56,656,656,0,,,0.0,0,,,0,0.1735,Associate,Relationship type: Associate. Phone records show 1 call(s). This relationship type is a synthetic investigative-data label for demonstration.
REL00583,P0021,Riya Verma,P0098,Jyoti Bhati,4,2026-03-11 01:17 | 2026-03-26 19:43 | 2026-07-03 00:55 | 2026-08-17 03:46,431 | 375 | 176 | 53,1035,0,,,0.0,1,2026-05-31 16:23,"Gurugram, Sector 29",0,0.1599,Neighbour,"Relationship type: Neighbour. Phone records show 4 call(s). Meeting records show 1 meeting(s) at Gurugram, Sector 29. This relationship type is a synthetic investigative-data label for demonstration."
REL00503,P0263,Ananya Kumar,P0323,Pooja Kapoor,1,2026-02-04 02:42,519,519,0,,,0.0,1,2026-03-08 23:42,"Noida, Sector 62",0,0.1111,Neighbour,"Relationship type: Neighbour. Phone records show 1 call(s). Meeting records show 1 meeting(s) at Noida, Sector 62. This relationship type is a synthetic investigative-data label for demonstration."
REL00275,P0398,Ravi Tyagi,P0586,Deepak Gupta,0,,,0,0,,,0.0,1,2026-04-21 09:24,"Delhi, Najafgarh",0,0.2524,Colleague,"Relationship type: Colleague. Meeting records show 1 meeting(s) at Delhi, Najafgarh. This relationship type is a synthetic investigative-data label for demonstration."
REL00391,P0240,Saurabh Rana,P0283,Shreya Goyal,2,2026-01-21 03:33 | 2026-07-19 18:20,69 | 113,182,0,,,0.0,0,,,0,0.3394,Associate,Relationship type: Associate. Phone records show 2 call(s). This relationship type is a synthetic investigative-data label for demonstration.
REL00360,P0215,Muskan Gupta,P0358,Simran Saini,0,,,0,1,2026-05-24 18:11,20582.41,20582.41,0,,,0,0.1947,Former Partner,"Relationship type: Former Partner. Transaction records show 1 transaction(s) totaling ₹20,582. This relationship type is a synthetic investigative-data label for demonstration."
REL00111,P0063,Deepak Bhardwaj,P0481,Komal Bhati,18,2026-02-06 03:02 | 2026-02-28 09:47 | 2026-03-09 03:56 | 2026-03-12 15:04 | 2026-03-18 16:57 | 2026-03-26 13:20 | 2026-04-24 14:21 | 2026-04-27 20:51 | 2026-05-22 12:44 | 2026-06-17 10:24 | 2026-06-25 21:06 | 2026-07-11 18:52 | 2026-07-19 17:54 | 2026-07-24 04:58 | 2026-07-27 16:15 | 2026-07-31 06:05 | 2026-08-07 03:56 | 2026-08-08 02:56,415 | 1374 | 787 | 1486 | 517 | 1250 | 1114 | 998 | 963 | 1461 | 1347 | 516 | 819 | 1026 | 737 | 34 | 224 | 1043,16111,7,2026-01-10 06:29 | 2026-01-14 09:46 | 2026-02-20 12:37 | 2026-03-22 23:58 | 2026-04-01 16:21 | 2026-04-05 09:05 | 2026-05-10 09:07,28498.82 | 22223.83 | 74753.16 | 95833.49 | 119216.35 | 30151.41 | 109073.94,479751.0,5,2026-01-31 20:48 | 2026-04-18 18:26 | 2026-04-26 12:46 | 2026-05-18 07:18 | 2026-05-28 17:27,"Greater Noida, Alpha 1 | Greater Noida, Pari Chowk | Gurugram, Udyog Vihar | Delhi, Saket | Gurugram, Sector 14",1,0.9779,Mother,"Relationship type: Mother. Phone records show 18 call(s). Transaction records show 7 transaction(s) totaling ₹479,751. Meeting records show 5 meeting(s) at Greater Noida, Alpha 1 ,  Greater Noida, Pari Chowk ,  Gurugram, Udyog Vihar ,  Delhi, Saket ,  Gurugram, Sector 14. This relationship type is a synthetic investigative-data label for demonstration."
REL00404,P0098,Jyoti Bhati,P0125,Rahul Chauhan,2,2026-02-11 04:50 | 2026-04-04 13:33,113 | 91,204,0,,,0.0,0,,,0,0.2005,Associate,Relationship type: Associate. Phone records show 2 call(s). This relationship type is a synthetic investigative-data label for demonstration.
REL00065,P0296,Aditya Tiwari,P0551,Shreya Pandey,13,2026-01-02 21:29 | 2026-01-20 17:40 | 2026-03-19 17:59 | 2026-03-31 07:43 | 2026-04-15 04:24 | 2026-04-22 14:59 | 2026-04-26 07:16 | 2026-06-02 12:04 | 2026-06-21 15:41 | 2026-07-20 06:54 | 2026-07-30 03:08 | 2026-08-13 09:45 | 2026-08-14 20:24,1063 | 200 | 1767 | 1529 | 347 | 1084 | 880 | 519 | 1128 | 1505 | 181 | 102 | 349,10654,4,2026-03-23 00:32 | 2026-08-11 03:16 | 2026-08-21 05:36 | 2026-08-28 16:06,18785.54 | 46840.84 | 165833.71 | 148277.91,379738.0,3,2026-02-25 14:27 | 2026-03-03 04:16 | 2026-07-17 20:06,"Noida, Sector 18 | Delhi, Shahdara | Ghaziabad, Raj Nagar",1,0.99,Colleague,"Relationship type: Colleague. Phone records show 13 call(s). Transaction records show 4 transaction(s) totaling ₹379,738. Meeting records show 3 meeting(s) at Noida, Sector 18 ,  Delhi, Shahdara ,  Ghaziabad, Raj Nagar. This relationship type is a synthetic investigative-data label for demonstration."
REL00097,P0057,Sonam Saini,P0562,Ananya Rawat,23,2026-01-06 15:20 | 2026-01-23 15:13 | 2026-02-18 22:45 | 2026-03-05 01:15 | 2026-04-08 22:28 | 2026-04-22 02:49 | 2026-05-05 01:51 | 2026-05-07 15:52 | 2026-05-17 11:25 | 2026-05-23 15:53 | 2026-05-28 06:53 | 2026-06-21 11:00 | 2026-06-21 21:58 | 2026-06-22 19:14 | 2026-07-02 20:47 | 2026-07-12 23:51 | 2026-07-30 07:18 | 2026-07-31 16:59 | 2026-08-05 02:55 | 2026-08-06 18:13 | 2026-08-08 11:05 | 2026-08-11 17:40 | 2026-08-14 06:42,166 | 433 | 1414 | 292 | 1089 | 1392 | 81 | 24 | 375 | 1785 | 1391 | 1158 | 1199 | 548 | 1385 | 1211 | 1683 | 489 | 1393 | 1529 | 847 | 618 | 303,20805,1,2026-03-19 04:05,43914.25,43914.25,1,2026-07-09 12:50,"Faridabad, Sector 37",1,0.8002,Sister,"Relationship type: Sister. Phone records show 23 call(s). Transaction records show 1 transaction(s) totaling ₹43,914. Meeting records show 1 meeting(s) at Faridabad, Sector 37. This relationship type is a synthetic investigative-data label for demonstration."
REL00561,P0267,Isha Verma,P0537,Shreya Saini,1,2026-06-15 18:59,625,625,0,,,0.0,1,2026-03-14 18:40,"Greater Noida, Pari Chowk",0,0.1693,Colleague,"Relationship type: Colleague. Phone records show 1 call(s). Meeting records show 1 meeting(s) at Greater Noida, Pari Chowk. This relationship type is a synthetic investigative-data label for demonstration."
REL00137,P0131,Rahul Rawat,P0176,Rahul Mishra,13,2026-01-12 13:33 | 2026-01-30 04:25 | 2026-02-03 03:10 | 2026-04-09 01:14 | 2026-04-12 23:26 | 2026-05-06 13:53 | 2026-05-09 19:16 | 2026-05-26 14:32 | 2026-05-29 09:48 | 2026-06-05 12:27 | 2026-07-10 07:55 | 2026-07-15 05:51 | 2026-08-11 07:35,598 | 493 | 1623 | 1060 | 1045 | 1500 | 397 | 1461 | 1124 | 1613 | 1745 | 1212 | 333,14204,2,2026-02-14 09:28 | 2026-05-12 01:23,163005.46 | 151793.49,314798.95,8,2026-02-27 17:10 | 2026-02-27 21:11 | 2026-04-12 11:38 | 2026-04-18 14:50 | 2026-05-20 13:57 | 2026-06-21 15:13 | 2026-07-03 02:35 | 2026-07-25 02:00,"Delhi, Rohini | Gurugram, Manesar | Ghaziabad, Vaishali | Ghaziabad, Vaishali | Gurugram, Sector 29 | Delhi, Pitampura | Gurugram, Sector 18 | Delhi, Mayur Vihar",1,0.9841,Associate,"Relationship type: Associate. Phone records show 13 call(s). Transaction records show 2 transaction(s) totaling ₹314,799. Meeting records show 8 meeting(s) at Delhi, Rohini ,  Gurugram, Manesar ,  Ghaziabad, Vaishali ,  Ghaziabad, Vaishali ,  Gurugram, Sector 29 ,  Delhi, Pitampura ,  Gurugram, Sector 18 ,  Delhi, Mayur Vihar. This relationship type is a synthetic investigative-data label for demonstration."
REL00178,P0071,Shreya Bhati,P0378,Aditi Sharma,4,2026-02-15 16:41 | 2026-04-16 20:58 | 2026-06-26 08:10 | 2026-07-21 03:12,410 | 536 | 365 | 639,1950,2,2026-01-17 21:55 | 2026-05-19 08:37,68614.42 | 110223.72,178838.14,2,2026-02-16 17:57 | 2026-04-01 01:58,"Delhi, Najafgarh | Delhi, Saket",1,0.7772,Sister,"Relationship type: Sister. Phone records show 4 call(s). Transaction records show 2 transaction(s) totaling ₹178,838. Meeting records show 2 meeting(s) at Delhi, Najafgarh ,  Delhi, Saket. This relationship type is a synthetic investigative-data label for demonstration."
REL00482,P0537,Shreya Saini,P0549,Vikas Bhati,2,2026-04-01 21:15 | 2026-08-13 16:43,560 | 40,600,0,,,0.0,0,,,0,0.0743,Former Partner,Relationship type: Former Partner. Phone records show 2 call(s). This relationship type is a synthetic investigative-data label for demonstration.
REL00506,P0265,Kavya Rana,P0480,Neha Bansal,2,2026-03-17 06:09 | 2026-04-16 21:11,312 | 116,428,0,,,0.0,2,2026-01-06 06:03 | 2026-06-18 06:48,"Ghaziabad, Raj Nagar | Greater Noida, Alpha 1",0,0.2663,Neighbour,"Relationship type: Neighbour. Phone records show 2 call(s). Meeting records show 2 meeting(s) at Ghaziabad, Raj Nagar ,  Greater Noida, Alpha 1. This relationship type is a synthetic investigative-data label for demonstration."
REL00414,P0117,Rohan Rawat,P0362,Saurabh Chaudhary,0,,,0,0,,,0.0,1,2026-05-24 07:16,"Delhi, Karol Bagh",0,0.075,Former Partner,"Relationship type: Former Partner. Meeting records show 1 meeting(s) at Delhi, Karol Bagh. This relationship type is a synthetic investigative-data label for demonstration."
REL00479,P0499,Muskan Kumar,P0587,Vikas Jain,0,,,0,1,2026-06-03 23:10,17742.75,17742.75,1,2026-05-31 10:10,"Noida, Sector 15",0,0.1232,Colleague,"Relationship type: Colleague. Transaction records show 1 transaction(s) totaling ₹17,743. Meeting records show 1 meeting(s) at Noida, Sector 15. This relationship type is a synthetic investigative-data label for demonstration."
REL00423,P0193,Rohan Yadav,P0475,Manish Narang,2,2026-01-28 09:47 | 2026-05-15 22:25,288 | 420,708,2,2026-01-24 22:52 | 2026-04-27 10:32,13693.46 | 29575.43,43268.89,2,2026-01-10 02:33 | 2026-02-22 09:00,"Gurugram, Sector 29 | Gurugram, DLF Phase 3",0,0.0462,Associate,"Relationship type: Associate. Phone records show 2 call(s). Transaction records show 2 transaction(s) totaling ₹43,269. Meeting records show 2 meeting(s) at Gurugram, Sector 29 ,  Gurugram, DLF Phase 3. This relationship type is a synthetic investigative-data label for demonstration."
REL00576,P0505,Simran Dahiya,P0586,Deepak Gupta,0,,,0,1,2026-07-28 08:40,22015.75,22015.75,0,,,0,0.1485,Neighbour,"Relationship type: Neighbour. Transaction records show 1 transaction(s) totaling ₹22,016. This relationship type is a synthetic investigative-data label for demonstration."
REL00570,P0126,Ananya Rana,P0449,Riya Verma,1,2026-01-03 19:11,316,316,0,,,0.0,1,2026-05-07 21:23,"Faridabad, NIT",0,0.197,Former Partner,"Relationship type: Former Partner. Phone records show 1 call(s). Meeting records show 1 meeting(s) at Faridabad, NIT. This relationship type is a synthetic investigative-data label for demonstration."
REL00172,P0096,Preeti Sharma,P0154,Muskan Yadav,9,2026-01-07 03:19 | 2026-01-11 06:03 | 2026-02-10 11:15 | 2026-03-01 21:27 | 2026-04-15 00:03 | 2026-04-17 12:01 | 2026-06-29 15:43 | 2026-07-22 05:09 | 2026-07-25 05:23,1472 | 1519 | 346 | 64 | 163 | 1568 | 1305 | 253 | 1188,7878,6,2026-01-08 09:25 | 2026-01-23 07:42 | 2026-03-12 02:58 | 2026-07-11 15:28 | 2026-07-28 11:43 | 2026-08-17 16:14,37254.07 | 60854.86 | 94079.81 | 138587.28 | 40998.60 | 15110.32,386884.94,1,2026-03-20 03:00,"Gurugram, Sohna Road",1,0.8599,Business Associate,"Relationship type: Business Associate. Phone records show 9 call(s). Transaction records show 6 transaction(s) totaling ₹386,885. Meeting records show 1 meeting(s) at Gurugram, Sohna Road. This relationship type is a synthetic investigative-data label for demonstration."
REL00026,P0343,Amit Goyal,P0591,Komal Kumar,8,2026-01-03 10:10 | 2026-01-15 04:59 | 2026-02-16 18:21 | 2026-02-26 20:43 | 2026-04-14 07:34 | 2026-04-14 09:50 | 2026-05-25 22:11 | 2026-07-02 05:18,453 | 904 | 1164 | 1145 | 384 | 457 | 1076 | 263,5846,3,2026-03-22 22:40 | 2026-04-14 16:18 | 2026-04-20 05:47,114178.44 | 98695.21 | 38293.69,251167.34,1,2026-07-22 13:52,"Delhi, Shahdara",1,0.8334,Business Associate,"Relationship type: Business Associate. Phone records show 8 call(s). Transaction records show 3 transaction(s) totaling ₹251,167. Meeting records show 1 meeting(s) at Delhi, Shahdara. This relationship type is a synthetic investigative-data label for demonstration."
REL00411,P0077,Sumit Rawat,P0082,Sonam Singh,0,,,0,1,2026-03-14 10:09,6539.28,6539.28,0,,,0,0.1319,Acquaintance,"Relationship type: Acquaintance. Transaction records show 1 transaction(s) totaling ₹6,539. This relationship type is a synthetic investigative-data label for demonstration."
REL00276,P0198,Jyoti Bansal,P0222,Karan Jain,2,2026-01-12 15:59 | 2026-03-12 18:40,479 | 78,557,2,2026-02-21 10:52 | 2026-08-08 06:43,14471.79 | 15815.16,30286.95,1,2026-06-25 14:14,"Faridabad, Sector 37",0,0.299,Neighbour,"Relationship type: Neighbour. Phone records show 2 call(s). Transaction records show 2 transaction(s) totaling ₹30,287. Meeting records show 1 meeting(s) at Faridabad, Sector 37. This relationship type is a synthetic investigative-data label for demonstration."
REL00568,P0234,Divya Sharma,P0435,Sakshi Yadav,1,2026-04-23 06:10,25,25,1,2026-07-09 18:06,11645.65,11645.65,2,2026-03-23 11:39 | 2026-05-06 20:58,"Noida, Sector 18 | Delhi, Connaught Place",0,0.2582,Acquaintance,"Relationship type: Acquaintance. Phone records show 1 call(s). Transaction records show 1 transaction(s) totaling ₹11,646. Meeting records show 2 meeting(s) at Noida, Sector 18 ,  Delhi, Connaught Place. This relationship type is a synthetic investigative-data label for demonstration."
REL00184,P0127,Naina Mishra,P0192,Isha Jain,19,2026-02-13 07:53 | 2026-02-27 16:22 | 2026-03-03 18:53 | 2026-04-07 23:05 | 2026-04-25 10:11 | 2026-04-29 08:15 | 2026-04-29 10:29 | 2026-05-11 09:38 | 2026-05-14 15:55 | 2026-05-31 11:38 | 2026-06-01 14:53 | 2026-06-25 13:19 | 2026-06-29 15:54 | 2026-07-01 17:49 | 2026-07-11 15:03 | 2026-07-17 12:14 | 2026-07-20 08:48 | 2026-08-05 15:51 | 2026-08-27 19:33,813 | 1130 | 338 | 1106 | 390 | 1787 | 776 | 1739 | 1129 | 400 | 789 | 1373 | 1739 | 696 | 177 | 1642 | 1319 | 55 | 404,17802,9,2026-01-19 15:07 | 2026-02-07 00:00 | 2026-03-10 03:55 | 2026-03-14 21:57 | 2026-03-19 06:54 | 2026-06-29 17:29 | 2026-07-03 20:23 | 2026-07-27 09:03 | 2026-07-28 10:02,111156.28 | 28497.40 | 159116.55 | 136422.90 | 64047.10 | 83527.79 | 159204.46 | 157265.15 | 117911.49,1017149.12,7,2026-01-21 21:25 | 2026-01-25 18:07 | 2026-03-02 18:34 | 2026-03-18 20:26 | 2026-05-04 23:23 | 2026-05-25 18:36 | 2026-08-24 05:25,"Noida, Sector 27 | Gurugram, Manesar | Noida, Sector 27 | Noida, Sector 27 | Delhi, Rohini | Ghaziabad, Vaishali | Delhi, Saket",1,0.99,Brother,"Relationship type: Brother. Phone records show 19 call(s). Transaction records show 9 transaction(s) totaling ₹1,017,149. Meeting records show 7 meeting(s) at Noida, Sector 27 ,  Gurugram, Manesar ,  Noida, Sector 27 ,  Noida, Sector 27 ,  Delhi, Rohini ,  Ghaziabad, Vaishali ,  Delhi, Saket. This relationship type is a synthetic investigative-data label for demonstration."
REL00511,P0056,Saurabh Verma,P0575,Saurabh Ahuja,1,2026-04-24 20:31,124,124,0,,,0.0,0,,,0,0.3061,Acquaintance,Relationship type: Acquaintance. Phone records show 1 call(s). This relationship type is a synthetic investigative-data label for demonstration.
REL00452,P0310,Neha Arora,P0564,Mohit Rana,3,2026-01-15 19:05 | 2026-02-12 07:55 | 2026-05-04 10:42,22 | 261 | 475,758,1,2026-05-31 21:05,23802.15,23802.15,0,,,0,0.3184,Acquaintance,"Relationship type: Acquaintance. Phone records show 3 call(s). Transaction records show 1 transaction(s) totaling ₹23,802. This relationship type is a synthetic investigative-data label for demonstration."
REL00340,P0283,Shreya Goyal,P0375,Manish Sharma,4,2026-04-08 04:58 | 2026-05-13 05:22 | 2026-06-28 21:46 | 2026-08-17 11:45,660 | 558 | 570 | 239,2027,0,,,0.0,0,,,0,0.2405,Neighbour,Relationship type: Neighbour. Phone records show 4 call(s). This relationship type is a synthetic investigative-data label for demonstration.
REL00472,P0392,Deepak Dahiya,P0504,Ankit Tyagi,1,2026-01-07 16:44,682,682,1,2026-02-21 17:33,3549.34,3549.34,0,,,0,0.0446,Associate,"Relationship type: Associate. Phone records show 1 call(s). Transaction records show 1 transaction(s) totaling ₹3,549. This relationship type is a synthetic investigative-data label for demonstration."
REL00285,P0473,Sonam Aggarwal,P0512,Shreya Ahuja,1,2026-01-02 18:15,81,81,1,2026-02-21 22:26,26422.04,26422.04,0,,,0,0.0605,Colleague,"Relationship type: Colleague. Phone records show 1 call(s). Transaction records show 1 transaction(s) totaling ₹26,422. This relationship type is a synthetic investigative-data label for demonstration."
REL00166,P0354,Sumit Dahiya,P0596,Amit Kumar,15,2026-01-07 12:53 | 2026-01-21 20:18 | 2026-02-08 21:24 | 2026-02-13 17:23 | 2026-02-27 03:16 | 2026-03-15 18:17 | 2026-03-16 20:13 | 2026-04-29 18:25 | 2026-05-17 21:33 | 2026-05-31 17:48 | 2026-07-05 14:16 | 2026-07-07 12:43 | 2026-07-29 10:11 | 2026-08-05 08:55 | 2026-08-28 22:49,730 | 1125 | 1235 | 302 | 487 | 432 | 639 | 503 | 1606 | 69 | 1102 | 1639 | 1665 | 1379 | 1141,14054,5,2026-01-26 17:47 | 2026-03-07 06:35 | 2026-04-23 02:27 | 2026-06-01 20:12 | 2026-06-11 22:47,121225.89 | 95697.25 | 65823.15 | 67166.52 | 179631.94,529544.75,2,2026-07-13 22:42 | 2026-07-17 00:19,"Ghaziabad, Kaushambi | Delhi, Okhla",1,0.979,Family,"Relationship type: Family. Phone records show 15 call(s). Transaction records show 5 transaction(s) totaling ₹529,545. Meeting records show 2 meeting(s) at Ghaziabad, Kaushambi ,  Delhi, Okhla. This relationship type is a synthetic investigative-data label for demonstration."
REL00346,P0320,Ravi Pandey,P0338,Simran Sharma,0,,,0,1,2026-04-17 03:33,11595.60,11595.6,1,2026-04-26 14:11,"Gurugram, DLF Phase 3",0,0.3194,Neighbour,"Relationship type: Neighbour. Transaction records show 1 transaction(s) totaling ₹11,596. Meeting records show 1 meeting(s) at Gurugram, DLF Phase 3. This relationship type is a synthetic investigative-data label for demonstration."
REL00100,P0048,Rahul Gupta,P0392,Deepak Dahiya,7,2026-01-17 01:44 | 2026-01-30 01:20 | 2026-02-08 12:51 | 2026-02-15 02:35 | 2026-03-14 08:57 | 2026-04-04 23:59 | 2026-05-28 06:57,1174 | 853 | 394 | 1152 | 22 | 1492 | 847,5934,6,2026-02-06 19:11 | 2026-02-16 19:27 | 2026-03-03 23:22 | 2026-07-18 15:51 | 2026-08-18 01:17 | 2026-08-18 02:51,50202.43 | 120048.02 | 16367.62 | 139815.04 | 51454.52 | 41028.62,418916.25,8,2026-01-09 11:00 | 2026-01-12 23:42 | 2026-01-21 18:28 | 2026-02-02 02:27 | 2026-02-17 10:14 | 2026-05-23 13:12 | 2026-06-01 13:29 | 2026-07-24 18:53,"Delhi, Karol Bagh | Delhi, Mayur Vihar | Delhi, Shahdara | Delhi, Shahdara | Gurugram, DLF Phase 3 | Delhi, Okhla | Delhi, Connaught Place | Gurugram, Sohna Road",1,0.8931,Partner,"Relationship type: Partner. Phone records show 7 call(s). Transaction records show 6 transaction(s) totaling ₹418,916. Meeting records show 8 meeting(s) at Delhi, Karol Bagh ,  Delhi, Mayur Vihar ,  Delhi, Shahdara ,  Delhi, Shahdara ,  Gurugram, DLF Phase 3 ,  Delhi, Okhla ,  Delhi, Connaught Place ,  Gurugram, Sohna Road. This relationship type is a synthetic investigative-data label for demonstration."
REL00303,P0035,Vikas Tyagi,P0407,Kavya Tiwari,0,,,0,2,2026-03-12 09:07 | 2026-04-05 03:23,4935.06 | 15454.17,20389.23,0,,,0,0.2017,Neighbour,"Relationship type: Neighbour. Transaction records show 2 transaction(s) totaling ₹20,389. This relationship type is a synthetic investigative-data label for demonstration."
REL00437,P0341,Deepak Saxena,P0365,Priya Mishra,2,2026-03-18 00:15 | 2026-04-18 14:52,161 | 375,536,1,2026-07-07 12:39,27812.07,27812.07,2,2026-03-18 04:01 | 2026-08-15 16:58,"Delhi, Shahdara | Ghaziabad, Vaishali",0,0.2097,Colleague,"Relationship type: Colleague. Phone records show 2 call(s). Transaction records show 1 transaction(s) totaling ₹27,812. Meeting records show 2 meeting(s) at Delhi, Shahdara ,  Ghaziabad, Vaishali. This relationship type is a synthetic investigative-data label for demonstration."
REL00635,P0306,Rohan Goyal,P0433,Isha Sharma,0,,,0,0,,,0.0,0,,,0,0.0547,Acquaintance,"Relationship type: Acquaintance. No direct call, transaction, or meeting evidence is recorded in this dataset. This relationship type is a synthetic investigative-data label for demonstration."
REL00371,P0136,Amit Bhati,P0310,Neha Arora,1,2026-08-26 03:50,116,116,0,,,0.0,1,2026-03-05 11:12,"Gurugram, Sector 14",0,0.2637,Acquaintance,"Relationship type: Acquaintance. Phone records show 1 call(s). Meeting records show 1 meeting(s) at Gurugram, Sector 14. This relationship type is a synthetic investigative-data label for demonstration."
REL00074,P0057,Sonam Saini,P0593,Mohit Ahuja,7,2026-02-06 06:37 | 2026-02-12 14:10 | 2026-04-03 03:12 | 2026-05-02 20:27 | 2026-05-17 05:48 | 2026-08-03 20:40 | 2026-08-17 04:13,902 | 1171 | 575 | 626 | 1415 | 29 | 1388,6106,1,2026-07-04 07:52,155646.50,155646.5,6,2026-01-26 11:46 | 2026-04-03 23:33 | 2026-05-14 02:26 | 2026-05-25 21:09 | 2026-06-14 15:37 | 2026-07-08 07:49,"Gurugram, Sector 14 | Gurugram, Sector 14 | Gurugram, Sohna Road | Noida, Sector 62 | Noida, Sector 18 | Noida, Sector 63",1,0.7779,Neighbour,"Relationship type: Neighbour. Phone records show 7 call(s). Transaction records show 1 transaction(s) totaling ₹155,646. Meeting records show 6 meeting(s) at Gurugram, Sector 14 ,  Gurugram, Sector 14 ,  Gurugram, Sohna Road ,  Noida, Sector 62 ,  Noida, Sector 18 ,  Noida, Sector 63. This relationship type is a synthetic investigative-data label for demonstration."
REL00147,P0292,Yash Mishra,P0445,Manish Verma,10,2026-01-26 07:38 | 2026-02-18 20:20 | 2026-03-10 13:27 | 2026-04-14 13:45 | 2026-05-25 09:06 | 2026-06-30 07:54 | 2026-07-05 02:10 | 2026-07-12 02:55 | 2026-07-29 20:54 | 2026-08-13 03:39,175 | 702 | 1204 | 1247 | 1113 | 1452 | 751 | 1053 | 1018 | 1647,10362,1,2026-01-10 06:46,151933.37,151933.37,6,2026-02-15 18:00 | 2026-03-03 19:19 | 2026-03-18 21:11 | 2026-03-21 10:42 | 2026-04-29 09:26 | 2026-07-10 15:10,"Ghaziabad, Raj Nagar | Noida, Sector 18 | Delhi, Dwarka | Gurugram, Sector 29 | Gurugram, Sector 18 | Ghaziabad, Raj Nagar",1,0.8904,Colleague,"Relationship type: Colleague. Phone records show 10 call(s). Transaction records show 1 transaction(s) totaling ₹151,933. Meeting records show 6 meeting(s) at Ghaziabad, Raj Nagar ,  Noida, Sector 18 ,  Delhi, Dwarka ,  Gurugram, Sector 29 ,  Gurugram, Sector 18 ,  Ghaziabad, Raj Nagar. This relationship type is a synthetic investigative-data label for demonstration."
REL00460,P0259,Nikhil Kumar,P0441,Aditi Dahiya,2,2026-01-07 05:59 | 2026-06-03 14:29,42 | 639,681,0,,,0.0,1,2026-04-18 05:13,"Gurugram, DLF Phase 2",0,0.0374,Associate,"Relationship type: Associate. Phone records show 2 call(s). Meeting records show 1 meeting(s) at Gurugram, DLF Phase 2. This relationship type is a synthetic investigative-data label for demonstration."
REL00132,P0248,Varun Chauhan,P0378,Aditi Sharma,6,2026-01-15 12:04 | 2026-03-18 14:14 | 2026-03-26 10:41 | 2026-04-04 14:12 | 2026-08-01 01:49 | 2026-08-18 11:29,1214 | 285 | 1068 | 875 | 1077 | 771,5290,1,2026-01-18 09:23,48556.53,48556.53,7,2026-02-10 22:47 | 2026-04-12 21:11 | 2026-04-18 17:07 | 2026-04-21 12:09 | 2026-04-26 17:06 | 2026-04-28 20:52 | 2026-05-11 01:49,"Ghaziabad, Kaushambi | Gurugram, Sector 29 | Ghaziabad, Kaushambi | Noida, Sector 15 | Gurugram, Sector 14 | Gurugram, DLF Phase 2 | Ghaziabad, Indirapuram",1,0.7672,Business Associate,"Relationship type: Business Associate. Phone records show 6 call(s). Transaction records show 1 transaction(s) totaling ₹48,557. Meeting records show 7 meeting(s) at Ghaziabad, Kaushambi ,  Gurugram, Sector 29 ,  Ghaziabad, Kaushambi ,  Noida, Sector 15 ,  Gurugram, Sector 14 ,  Gurugram, DLF Phase 2 ,  Ghaziabad, Indirapuram. This relationship type is a synthetic investigative-data label for demonstration."
REL00218,P0477,Rahul Saini,P0490,Yash Aggarwal,8,2026-02-02 18:34 | 2026-02-06 03:55 | 2026-04-17 17:10 | 2026-04-19 01:00 | 2026-05-26 23:26 | 2026-06-13 13:31 | 2026-07-09 14:30 | 2026-07-26 21:13,1636 | 344 | 306 | 900 | 1104 | 1607 | 848 | 287,7032,7,2026-01-02 18:15 | 2026-03-05 00:19 | 2026-05-07 02:41 | 2026-05-25 01:02 | 2026-06-01 07:18 | 2026-07-26 09:51 | 2026-08-10 09:38,71306.40 | 52013.24 | 74857.46 | 149923.09 | 51984.36 | 154029.30 | 96752.73,650866.58,3,2026-01-30 11:55 | 2026-08-05 00:50 | 2026-08-13 13:25,"Faridabad, Sector 15 | Noida, Sector 16 | Noida, Sector 62",1,0.9372,Partner,"Relationship type: Partner. Phone records show 8 call(s). Transaction records show 7 transaction(s) totaling ₹650,867. Meeting records show 3 meeting(s) at Faridabad, Sector 15 ,  Noida, Sector 16 ,  Noida, Sector 62. This relationship type is a synthetic investigative-data label for demonstration."
REL00157,P0011,Kavya Sharma,P0250,Divya Narang,13,2026-01-14 04:20 | 2026-01-15 20:51 | 2026-01-30 06:04 | 2026-02-06 07:32 | 2026-03-22 02:56 | 2026-03-26 03:10 | 2026-05-14 12:49 | 2026-06-01 21:06 | 2026-06-04 12:36 | 2026-07-09 02:48 | 2026-07-17 23:30 | 2026-07-30 05:33 | 2026-08-27 23:50,1638 | 1314 | 1420 | 1045 | 308 | 21 | 1184 | 1626 | 1464 | 488 | 360 | 1548 | 603,13019,1,2026-01-07 04:43,1714.68,1714.68,7,2026-02-12 05:44 | 2026-02-21 21:26 | 2026-03-11 07:30 | 2026-04-05 22:16 | 2026-05-24 18:27 | 2026-06-09 03:54 | 2026-06-15 04:04,"Delhi, Mayur Vihar | Gurugram, DLF Phase 2 | Noida, Sector 16 | Ghaziabad, Indirapuram | Ghaziabad, Kaushambi | Greater Noida, Knowledge Park | Ghaziabad, Raj Nagar",1,0.8733,Sister,"Relationship type: Sister. Phone records show 13 call(s). Transaction records show 1 transaction(s) totaling ₹1,715. Meeting records show 7 meeting(s) at Delhi, Mayur Vihar ,  Gurugram, DLF Phase 2 ,  Noida, Sector 16 ,  Ghaziabad, Indirapuram ,  Ghaziabad, Kaushambi ,  Greater Noida, Knowledge Park ,  Ghaziabad, Raj Nagar. This relationship type is a synthetic investigative-data label for demonstration."
REL00406,P0136,Amit Bhati,P0325,Preeti Singh,0,,,0,0,,,0.0,0,,,0,0.2082,Colleague,"Relationship type: Colleague. No direct call, transaction, or meeting evidence is recorded in this dataset. This relationship type is a synthetic investigative-data label for demonstration."
REL00440,P0008,Tanya Dahiya,P0123,Ankit Mishra,0,,,0,0,,,0.0,0,,,0,0.0173,Acquaintance,"Relationship type: Acquaintance. No direct call, transaction, or meeting evidence is recorded in this dataset. This relationship type is a synthetic investigative-data label for demonstration."
REL00105,P0132,Rohan Arora,P0567,Priya Tyagi,14,2026-01-05 19:59 | 2026-01-24 02:14 | 2026-04-08 06:15 | 2026-04-17 12:47 | 2026-04-24 00:40 | 2026-05-03 05:28 | 2026-05-22 00:38 | 2026-06-01 12:28 | 2026-06-05 23:12 | 2026-06-10 14:50 | 2026-06-17 04:19 | 2026-07-08 14:27 | 2026-07-12 07:20 | 2026-08-02 18:57,1720 | 550 | 1674 | 1521 | 993 | 1660 | 25 | 694 | 423 | 1293 | 1457 | 34 | 729 | 94,12867,2,2026-04-17 00:14 | 2026-07-04 18:06,89338.99 | 161057.49,250396.48,6,2026-03-28 23:36 | 2026-04-30 03:43 | 2026-06-13 15:17 | 2026-06-13 20:30 | 2026-07-16 09:15 | 2026-07-27 03:48,"Ghaziabad, Raj Nagar | Ghaziabad, Raj Nagar | Delhi, Najafgarh | Gurugram, Sector 18 | Noida, Sector 15 | Gurugram, DLF Phase 3",1,0.9255,Spouse,"Relationship type: Spouse. Phone records show 14 call(s). Transaction records show 2 transaction(s) totaling ₹250,396. Meeting records show 6 meeting(s) at Ghaziabad, Raj Nagar ,  Ghaziabad, Raj Nagar ,  Delhi, Najafgarh ,  Gurugram, Sector 18 ,  Noida, Sector 15 ,  Gurugram, DLF Phase 3. This relationship type is a synthetic investigative-data label for demonstration."
REL00141,P0066,Mehak Ahuja,P0408,Shreya Kapoor,9,2026-01-04 06:42 | 2026-01-28 18:04 | 2026-01-28 20:06 | 2026-02-20 02:20 | 2026-03-02 13:05 | 2026-03-10 08:48 | 2026-03-30 08:52 | 2026-03-31 13:55 | 2026-05-27 22:20,927 | 119 | 1752 | 1014 | 1245 | 1411 | 136 | 459 | 1709,8772,1,2026-06-10 17:47,15909.13,15909.13,4,2026-01-16 02:34 | 2026-05-05 10:51 | 2026-05-12 04:57 | 2026-07-21 10:43,"Noida, Sector 18 | Delhi, Dwarka | Delhi, Pitampura | Greater Noida, Pari Chowk",1,0.8564,Former Partner,"Relationship type: Former Partner. Phone records show 9 call(s). Transaction records show 1 transaction(s) totaling ₹15,909. Meeting records show 4 meeting(s) at Noida, Sector 18 ,  Delhi, Dwarka ,  Delhi, Pitampura ,  Greater Noida, Pari Chowk. This relationship type is a synthetic investigative-data label for demonstration."
REL00261,P0022,Karan Mishra,P0591,Komal Kumar,1,2026-03-15 17:16,122,122,0,,,0.0,0,,,0,0.0103,Colleague,Relationship type: Colleague. Phone records show 1 call(s). This relationship type is a synthetic investigative-data label for demonstration.
REL00459,P0554,Deepak Yadav,P0584,Manish Chauhan,1,2026-07-08 06:41,437,437,0,,,0.0,2,2026-04-26 08:27 | 2026-05-25 10:30,"Delhi, Laxmi Nagar | Delhi, Okhla",0,0.054,Acquaintance,"Relationship type: Acquaintance. Phone records show 1 call(s). Meeting records show 2 meeting(s) at Delhi, Laxmi Nagar ,  Delhi, Okhla. This relationship type is a synthetic investigative-data label for demonstration."
REL00159,P0077,Sumit Rawat,P0431,Riya Tyagi,8,2026-01-10 20:39 | 2026-01-18 05:59 | 2026-04-12 05:21 | 2026-07-18 08:37 | 2026-07-18 17:42 | 2026-07-24 07:49 | 2026-08-21 06:27 | 2026-08-27 06:34,1693 | 32 | 1575 | 1074 | 336 | 1048 | 716 | 1164,7638,8,2026-01-18 00:26 | 2026-02-23 17:21 | 2026-04-21 01:12 | 2026-04-22 23:07 | 2026-05-27 02:31 | 2026-07-21 00:24 | 2026-07-28 21:34 | 2026-08-28 02:20,123531.55 | 93546.16 | 52233.73 | 174976.25 | 156784.96 | 89685.59 | 163319.63 | 90240.41,944318.28,5,2026-01-12 16:04 | 2026-02-15 20:35 | 2026-06-03 14:19 | 2026-06-11 02:41 | 2026-06-14 05:35,"Ghaziabad, Indirapuram | Gurugram, DLF Phase 2 | Gurugram, DLF Phase 3 | Gurugram, Sector 18 | Ghaziabad, Vaishali",1,0.9696,Neighbour,"Relationship type: Neighbour. Phone records show 8 call(s). Transaction records show 8 transaction(s) totaling ₹944,318. Meeting records show 5 meeting(s) at Ghaziabad, Indirapuram ,  Gurugram, DLF Phase 2 ,  Gurugram, DLF Phase 3 ,  Gurugram, Sector 18 ,  Ghaziabad, Vaishali. This relationship type is a synthetic investigative-data label for demonstration."
REL00125,P0093,Kavya Sharma,P0211,Mehak Rana,9,2026-03-12 10:29 | 2026-03-21 02:29 | 2026-04-30 13:46 | 2026-05-24 19:57 | 2026-05-27 17:37 | 2026-06-07 23:46 | 2026-07-31 05:14 | 2026-08-08 08:30 | 2026-08-19 11:26,589 | 163 | 1077 | 1625 | 689 | 1356 | 451 | 1631 | 1023,8604,2,2026-03-17 01:06 | 2026-04-21 09:30,25264.15 | 141409.04,166673.19,1,2026-05-22 12:24,"Noida, Sector 18",1,0.8546,Spouse,"Relationship type: Spouse. Phone records show 9 call(s). Transaction records show 2 transaction(s) totaling ₹166,673. Meeting records show 1 meeting(s) at Noida, Sector 18. This relationship type is a synthetic investigative-data label for demonstration."
REL00611,P0322,Rahul Rawat,P0559,Rohan Goyal,2,2026-02-26 10:24 | 2026-05-02 17:33,210 | 196,406,1,2026-05-17 21:26,18591.04,18591.04,0,,,0,0.3398,Neighbour,"Relationship type: Neighbour. Phone records show 2 call(s). Transaction records show 1 transaction(s) totaling ₹18,591. This relationship type is a synthetic investigative-data label for demonstration."
REL00507,P0294,Saurabh Kapoor,P0508,Vikas Yadav,2,2026-05-28 21:04 | 2026-06-04 00:44,417 | 114,531,1,2026-04-27 20:03,25301.53,25301.53,1,2026-05-13 22:22,"Noida, Greater Noida West",0,0.2729,Neighbour,"Relationship type: Neighbour. Phone records show 2 call(s). Transaction records show 1 transaction(s) totaling ₹25,302. Meeting records show 1 meeting(s) at Noida, Greater Noida West. This relationship type is a synthetic investigative-data label for demonstration."
REL00130,P0153,Preeti Bhati,P0173,Divya Aggarwal,15,2026-01-06 12:51 | 2026-01-31 07:12 | 2026-03-10 21:50 | 2026-03-11 21:09 | 2026-04-25 03:08 | 2026-05-06 01:08 | 2026-05-13 02:29 | 2026-05-13 14:09 | 2026-05-22 15:54 | 2026-07-12 05:48 | 2026-07-15 21:16 | 2026-07-17 08:41 | 2026-07-27 23:00 | 2026-08-21 11:58 | 2026-08-28 16:41,1071 | 82 | 1464 | 602 | 224 | 1271 | 1289 | 1063 | 603 | 1375 | 33 | 154 | 989 | 1459 | 160,11839,7,2026-01-28 07:20 | 2026-06-15 01:12 | 2026-07-07 00:47 | 2026-07-21 18:35 | 2026-07-22 22:42 | 2026-08-23 04:58 | 2026-08-26 02:38,137853.87 | 158020.69 | 130004.63 | 10254.04 | 60659.01 | 50486.29 | 146468.09,693746.62,7,2026-01-04 19:20 | 2026-03-19 12:20 | 2026-03-20 04:09 | 2026-04-03 01:56 | 2026-06-22 21:34 | 2026-06-27 12:13 | 2026-08-03 18:25,"Delhi, Rohini | Delhi, Shahdara | Delhi, Saket | Gurugram, Sector 14 | Ghaziabad, Kaushambi | Noida, Sector 16 | Greater Noida, Pari Chowk",1,0.99,Father,"Relationship type: Father. Phone records show 15 call(s). Transaction records show 7 transaction(s) totaling ₹693,747. Meeting records show 7 meeting(s) at Delhi, Rohini ,  Delhi, Shahdara ,  Delhi, Saket ,  Gurugram, Sector 14 ,  Ghaziabad, Kaushambi ,  Noida, Sector 16 ,  Greater Noida, Pari Chowk. This relationship type is a synthetic investigative-data label for demonstration."
REL00628,P0359,Deepak Mishra,P0549,Vikas Bhati,2,2026-08-12 14:04 | 2026-08-22 00:41,202 | 480,682,2,2026-02-09 15:00 | 2026-05-21 22:24,6237.27 | 6325.14,12562.41,1,2026-04-28 10:07,"Gurugram, Sohna Road",0,0.2805,Former Partner,"Relationship type: Former Partner. Phone records show 2 call(s). Transaction records show 2 transaction(s) totaling ₹12,562. Meeting records show 1 meeting(s) at Gurugram, Sohna Road. This relationship type is a synthetic investigative-data label for demonstration."
REL00136,P0106,Kavya Sharma,P0378,Aditi Sharma,7,2026-02-27 00:04 | 2026-03-02 15:46 | 2026-04-04 03:29 | 2026-04-05 21:53 | 2026-04-17 19:04 | 2026-04-20 16:39 | 2026-05-11 03:49,816 | 229 | 1524 | 53 | 345 | 381 | 712,4060,1,2026-06-01 20:05,145630.18,145630.18,5,2026-02-11 09:46 | 2026-02-20 07:20 | 2026-03-19 18:49 | 2026-06-21 12:21 | 2026-07-19 03:21,"Faridabad, Sector 37 | Faridabad, Sector 15 | Noida, Sector 16 | Gurugram, Sohna Road | Noida, Greater Noida West",1,0.8109,Associate,"Relationship type: Associate. Phone records show 7 call(s). Transaction records show 1 transaction(s) totaling ₹145,630. Meeting records show 5 meeting(s) at Faridabad, Sector 37 ,  Faridabad, Sector 15 ,  Noida, Sector 16 ,  Gurugram, Sohna Road ,  Noida, Greater Noida West. This relationship type is a synthetic investigative-data label for demonstration."
REL00374,P0052,Aditya Rawat,P0239,Neha Chauhan,3,2026-01-08 02:06 | 2026-05-12 19:10 | 2026-08-14 22:13,669 | 468 | 373,1510,1,2026-08-02 08:07,7697.90,7697.9,2,2026-04-28 23:16 | 2026-07-11 16:01,"Noida, Sector 27 | Noida, Sector 63",0,0.2714,Neighbour,"Relationship type: Neighbour. Phone records show 3 call(s). Transaction records show 1 transaction(s) totaling ₹7,698. Meeting records show 2 meeting(s) at Noida, Sector 27 ,  Noida, Sector 63. This relationship type is a synthetic investigative-data label for demonstration."
REL00034,P0031,Priya Tiwari,P0544,Yash Chauhan,20,2026-01-08 12:49 | 2026-02-20 00:18 | 2026-02-24 19:02 | 2026-03-20 16:30 | 2026-03-29 20:06 | 2026-04-17 16:22 | 2026-04-30 02:59 | 2026-05-06 18:10 | 2026-05-23 13:57 | 2026-05-28 19:52 | 2026-06-03 01:23 | 2026-06-05 07:25 | 2026-06-11 13:34 | 2026-06-15 01:22 | 2026-06-16 14:07 | 2026-07-12 07:26 | 2026-07-21 07:01 | 2026-07-26 17:41 | 2026-07-31 09:24 | 2026-08-04 19:49,1345 | 1335 | 704 | 564 | 62 | 397 | 1408 | 525 | 1342 | 864 | 1788 | 248 | 1043 | 1479 | 1364 | 991 | 617 | 449 | 1612 | 1006,19143,1,2026-01-19 19:00,151959.45,151959.45,5,2026-01-05 05:35 | 2026-05-02 08:19 | 2026-06-16 10:08 | 2026-06-26 14:49 | 2026-08-09 18:43,"Gurugram, Sohna Road | Gurugram, Sector 29 | Delhi, Pitampura | Delhi, Karol Bagh | Delhi, Dwarka",1,0.8602,Sister,"Relationship type: Sister. Phone records show 20 call(s). Transaction records show 1 transaction(s) totaling ₹151,959. Meeting records show 5 meeting(s) at Gurugram, Sohna Road ,  Gurugram, Sector 29 ,  Delhi, Pitampura ,  Delhi, Karol Bagh ,  Delhi, Dwarka. This relationship type is a synthetic investigative-data label for demonstration."
REL00284,P0136,Amit Bhati,P0370,Rohan Arora,0,,,0,0,,,0.0,1,2026-05-12 04:25,"Gurugram, Manesar",0,0.3015,Colleague,"Relationship type: Colleague. Meeting records show 1 meeting(s) at Gurugram, Manesar. This relationship type is a synthetic investigative-data label for demonstration."
REL00372,P0310,Neha Arora,P0499,Muskan Kumar,1,2026-05-09 14:36,45,45,0,,,0.0,1,2026-07-23 04:52,"Faridabad, Sector 15",0,0.2467,Colleague,"Relationship type: Colleague. Phone records show 1 call(s). Meeting records show 1 meeting(s) at Faridabad, Sector 15. This relationship type is a synthetic investigative-data label for demonstration."
REL00461,P0316,Arjun Bhardwaj,P0474,Preeti Bhardwaj,4,2026-03-09 16:59 | 2026-06-02 17:46 | 2026-07-10 14:34 | 2026-07-31 01:22,239 | 324 | 325 | 277,1165,0,,,0.0,0,,,0,0.1494,Acquaintance,Relationship type: Acquaintance. Phone records show 4 call(s). This relationship type is a synthetic investigative-data label for demonstration.
REL00215,P0092,Komal Tyagi,P0216,Muskan Malik,19,2026-01-02 23:21 | 2026-01-06 02:15 | 2026-01-21 09:08 | 2026-01-27 01:03 | 2026-02-12 13:13 | 2026-03-03 09:37 | 2026-04-04 06:46 | 2026-04-15 09:14 | 2026-04-15 19:55 | 2026-04-22 09:45 | 2026-05-18 05:21 | 2026-05-28 10:03 | 2026-06-03 10:58 | 2026-06-17 14:44 | 2026-07-13 16:24 | 2026-07-24 02:23 | 2026-07-24 21:14 | 2026-07-29 09:01 | 2026-08-02 09:57,367 | 854 | 741 | 160 | 1664 | 1733 | 201 | 127 | 591 | 152 | 1619 | 1043 | 780 | 1457 | 1492 | 837 | 591 | 734 | 1394,16537,9,2026-02-21 19:24 | 2026-03-01 09:20 | 2026-04-11 12:08 | 2026-04-25 19:12 | 2026-05-31 20:44 | 2026-06-08 19:55 | 2026-06-11 02:12 | 2026-06-25 09:20 | 2026-06-28 14:03,27725.60 | 163019.68 | 172239.95 | 46573.11 | 80598.48 | 80430.46 | 161849.45 | 171043.52 | 15379.36,918859.61,8,2026-02-04 13:36 | 2026-02-09 14:11 | 2026-02-27 21:41 | 2026-06-12 03:41 | 2026-07-29 14:36 | 2026-08-19 13:48 | 2026-08-22 19:41 | 2026-08-24 21:24,"Ghaziabad, Kaushambi | Gurugram, Manesar | Delhi, Rohini | Delhi, Shahdara | Gurugram, Sector 14 | Noida, Sector 15 | Ghaziabad, Crossings Republik | Gurugram, Manesar",1,0.99,Brother,"Relationship type: Brother. Phone records show 19 call(s). Transaction records show 9 transaction(s) totaling ₹918,860. Meeting records show 8 meeting(s) at Ghaziabad, Kaushambi ,  Gurugram, Manesar ,  Delhi, Rohini ,  Delhi, Shahdara ,  Gurugram, Sector 14 ,  Noida, Sector 15 ,  Ghaziabad, Crossings Republik ,  Gurugram, Manesar. This relationship type is a synthetic investigative-data label for demonstration."
REL00564,P0277,Aditya Khanna,P0443,Isha Chaudhary,1,2026-02-21 15:22,132,132,0,,,0.0,0,,,0,0.0403,Associate,Relationship type: Associate. Phone records show 1 call(s). This relationship type is a synthetic investigative-data label for demonstration.
REL00210,P0035,Vikas Tyagi,P0060,Riya Gupta,8,2026-03-08 14:08 | 2026-04-10 07:27 | 2026-05-22 00:55 | 2026-07-02 15:38 | 2026-07-06 00:47 | 2026-07-17 04:09 | 2026-07-30 14:55 | 2026-08-21 11:19,1521 | 1795 | 1074 | 1534 | 1117 | 1495 | 515 | 1022,10073,8,2026-01-12 19:31 | 2026-01-18 20:03 | 2026-02-08 16:19 | 2026-03-10 21:27 | 2026-03-28 01:22 | 2026-04-24 06:26 | 2026-05-09 08:34 | 2026-06-27 16:58,130879.75 | 84477.83 | 160470.12 | 45093.13 | 139106.96 | 69366.93 | 98448.82 | 142991.07,870834.61,7,2026-03-05 01:34 | 2026-04-01 17:12 | 2026-04-07 21:00 | 2026-04-15 12:27 | 2026-05-18 20:04 | 2026-07-12 15:00 | 2026-07-21 14:53,"Gurugram, Sohna Road | Gurugram, Sector 18 | Noida, Sector 15 | Noida, Sector 16 | Delhi, Najafgarh | Noida, Sector 15 | Delhi, Shahdara",1,0.9609,Sister,"Relationship type: Sister. Phone records show 8 call(s). Transaction records show 8 transaction(s) totaling ₹870,835. Meeting records show 7 meeting(s) at Gurugram, Sohna Road ,  Gurugram, Sector 18 ,  Noida, Sector 15 ,  Noida, Sector 16 ,  Delhi, Najafgarh ,  Noida, Sector 15 ,  Delhi, Shahdara. This relationship type is a synthetic investigative-data label for demonstration."
REL00325,P0338,Simran Sharma,P0355,Naina Ahuja,0,,,0,1,2026-06-02 05:57,1350.26,1350.26,0,,,0,0.2433,Acquaintance,"Relationship type: Acquaintance. Transaction records show 1 transaction(s) totaling ₹1,350. This relationship type is a synthetic investigative-data label for demonstration."
REL00102,P0005,Divya Meena,P0309,Karan Yadav,13,2026-02-18 06:31 | 2026-02-18 18:15 | 2026-03-03 22:58 | 2026-03-08 23:45 | 2026-03-10 04:35 | 2026-05-02 09:00 | 2026-05-27 10:09 | 2026-06-08 21:51 | 2026-06-30 11:45 | 2026-07-11 08:22 | 2026-07-28 11:10 | 2026-08-05 02:28 | 2026-08-28 23:55,281 | 502 | 1277 | 342 | 1021 | 671 | 1559 | 683 | 1266 | 1614 | 996 | 1210 | 1621,13043,2,2026-04-05 11:00 | 2026-05-10 02:22,150465.91 | 162195.49,312661.4,5,2026-04-07 03:50 | 2026-04-09 02:10 | 2026-04-09 13:33 | 2026-04-17 09:34 | 2026-06-17 05:31,"Gurugram, Manesar | Greater Noida, Alpha 1 | Delhi, Saket | Delhi, Karol Bagh | Delhi, Mayur Vihar",1,0.952,Mother,"Relationship type: Mother. Phone records show 13 call(s). Transaction records show 2 transaction(s) totaling ₹312,661. Meeting records show 5 meeting(s) at Gurugram, Manesar ,  Greater Noida, Alpha 1 ,  Delhi, Saket ,  Delhi, Karol Bagh ,  Delhi, Mayur Vihar. This relationship type is a synthetic investigative-data label for demonstration."
REL00095,P0086,Nikhil Aggarwal,P0122,Kavya Narang,4,2026-03-07 21:53 | 2026-06-16 19:25 | 2026-07-11 01:32 | 2026-08-26 03:14,1753 | 114 | 1761 | 585,4213,7,2026-04-21 17:19 | 2026-04-29 00:34 | 2026-05-10 15:40 | 2026-06-13 14:23 | 2026-06-15 12:32 | 2026-07-09 13:24 | 2026-07-21 03:50,101264.42 | 87961.41 | 178116.98 | 34719.55 | 170203.00 | 128228.33 | 170958.49,871452.18,6,2026-03-17 19:55 | 2026-03-20 16:28 | 2026-03-31 05:47 | 2026-04-13 09:04 | 2026-07-02 13:48 | 2026-08-15 04:43,"Gurugram, Manesar | Ghaziabad, Kaushambi | Gurugram, Sector 29 | Noida, Sector 62 | Faridabad, Sector 37 | Noida, Greater Noida West",1,0.8448,Mother,"Relationship type: Mother. Phone records show 4 call(s). Transaction records show 7 transaction(s) totaling ₹871,452. Meeting records show 6 meeting(s) at Gurugram, Manesar ,  Ghaziabad, Kaushambi ,  Gurugram, Sector 29 ,  Noida, Sector 62 ,  Faridabad, Sector 37 ,  Noida, Greater Noida West. This relationship type is a synthetic investigative-data label for demonstration."
REL00529,P0231,Manish Dahiya,P0541,Sumit Ahuja,4,2026-04-06 10:46 | 2026-05-30 06:59 | 2026-08-01 08:34 | 2026-08-16 14:24,460 | 310 | 105 | 484,1359,0,,,0.0,2,2026-07-26 13:37 | 2026-08-23 17:21,"Ghaziabad, Raj Nagar | Delhi, Laxmi Nagar",0,0.2023,Associate,"Relationship type: Associate. Phone records show 4 call(s). Meeting records show 2 meeting(s) at Ghaziabad, Raj Nagar ,  Delhi, Laxmi Nagar. This relationship type is a synthetic investigative-data label for demonstration."
REL00475,P0107,Isha Rawat,P0154,Muskan Yadav,4,2026-01-22 20:24 | 2026-02-14 04:38 | 2026-04-16 19:34 | 2026-06-05 11:39,634 | 85 | 149 | 415,1283,1,2026-01-28 00:34,25805.20,25805.2,0,,,0,0.3109,Neighbour,"Relationship type: Neighbour. Phone records show 4 call(s). Transaction records show 1 transaction(s) totaling ₹25,805. This relationship type is a synthetic investigative-data label for demonstration."
REL00597,P0142,Manish Bhardwaj,P0541,Sumit Ahuja,1,2026-08-19 14:11,111,111,0,,,0.0,0,,,0,0.2054,Colleague,Relationship type: Colleague. Phone records show 1 call(s). This relationship type is a synthetic investigative-data label for demonstration.
REL00601,P0076,Yash Rawat,P0516,Ankit Rawat,1,2026-05-25 17:39,173,173,1,2026-07-31 12:51,9696.34,9696.34,1,2026-08-22 10:06,"Ghaziabad, Indirapuram",0,0.1296,Associate,"Relationship type: Associate. Phone records show 1 call(s). Transaction records show 1 transaction(s) totaling ₹9,696. Meeting records show 1 meeting(s) at Ghaziabad, Indirapuram. This relationship type is a synthetic investigative-data label for demonstration."
REL00478,P0242,Aarav Sharma,P0311,Komal Ahuja,1,2026-01-31 13:08,382,382,1,2026-06-26 04:02,21155.73,21155.73,0,,,0,0.2703,Acquaintance,"Relationship type: Acquaintance. Phone records show 1 call(s). Transaction records show 1 transaction(s) totaling ₹21,156. This relationship type is a synthetic investigative-data label for demonstration."
REL00116,P0422,Mehak Bhardwaj,P0548,Priya Saini,10,2026-01-07 09:06 | 2026-02-17 23:05 | 2026-02-23 22:16 | 2026-04-13 22:46 | 2026-04-16 00:28 | 2026-04-24 10:44 | 2026-05-23 09:34 | 2026-05-25 05:33 | 2026-06-15 05:32 | 2026-06-23 01:58,1785 | 819 | 1323 | 1180 | 346 | 304 | 1638 | 1230 | 305 | 1491,10421,8,2026-01-03 12:53 | 2026-01-23 02:42 | 2026-03-14 04:05 | 2026-03-28 02:50 | 2026-05-05 13:13 | 2026-06-22 20:32 | 2026-07-26 06:50 | 2026-08-02 07:52,134999.21 | 96684.80 | 149960.78 | 31719.13 | 44979.19 | 134791.53 | 135004.05 | 38664.70,766803.39,3,2026-02-23 08:58 | 2026-04-05 15:39 | 2026-05-28 18:40,"Greater Noida, Pari Chowk | Ghaziabad, Kaushambi | Gurugram, Udyog Vihar",1,0.99,Family,"Relationship type: Family. Phone records show 10 call(s). Transaction records show 8 transaction(s) totaling ₹766,803. Meeting records show 3 meeting(s) at Greater Noida, Pari Chowk ,  Ghaziabad, Kaushambi ,  Gurugram, Udyog Vihar. This relationship type is a synthetic investigative-data label for demonstration."
REL00387,P0309,Karan Yadav,P0544,Yash Chauhan,4,2026-03-01 04:36 | 2026-03-13 15:33 | 2026-05-22 12:26 | 2026-06-20 09:19,318 | 494 | 28 | 593,1433,0,,,0.0,0,,,0,0.192,Associate,Relationship type: Associate. Phone records show 4 call(s). This relationship type is a synthetic investigative-data label for demonstration.
REL00332,P0129,Komal Aggarwal,P0158,Muskan Gupta,3,2026-06-01 18:13 | 2026-06-17 19:18 | 2026-07-02 19:05,656 | 321 | 112,1089,0,,,0.0,0,,,0,0.3008,Acquaintance,Relationship type: Acquaintance. Phone records show 3 call(s). This relationship type is a synthetic investigative-data label for demonstration.
REL00289,P0339,Jyoti Singh,P0408,Shreya Kapoor,2,2026-01-12 14:49 | 2026-02-14 21:37,562 | 630,1192,0,,,0.0,0,,,0,0.2364,Acquaintance,Relationship type: Acquaintance. Phone records show 2 call(s). This relationship type is a synthetic investigative-data label for demonstration.
REL00533,P0262,Ravi Gupta,P0476,Muskan Malik,2,2026-04-19 00:36 | 2026-08-24 18:31,118 | 114,232,2,2026-03-08 06:54 | 2026-04-01 15:39,13672.13 | 9006.00,22678.13,0,,,0,0.1525,Associate,"Relationship type: Associate. Phone records show 2 call(s). Transaction records show 2 transaction(s) totaling ₹22,678. This relationship type is a synthetic investigative-data label for demonstration."
REL00103,P0505,Simran Dahiya,P0579,Tanya Mishra,23,2026-01-22 01:24 | 2026-02-09 22:58 | 2026-02-26 00:08 | 2026-03-07 09:30 | 2026-03-16 10:22 | 2026-03-24 14:17 | 2026-03-25 07:19 | 2026-03-27 05:51 | 2026-04-04 14:25 | 2026-04-14 18:46 | 2026-04-17 12:05 | 2026-04-21 19:07 | 2026-04-23 06:05 | 2026-05-02 13:53 | 2026-05-02 16:14 | 2026-05-28 01:38 | 2026-06-06 03:44 | 2026-06-07 11:17 | 2026-06-15 16:29 | 2026-07-03 22:18 | 2026-07-12 00:06 | 2026-08-23 11:31 | 2026-08-26 03:08,242 | 303 | 646 | 680 | 1007 | 1454 | 679 | 946 | 1060 | 1298 | 544 | 1579 | 766 | 1765 | 1609 | 466 | 666 | 320 | 1537 | 583 | 415 | 1561 | 827,20953,6,2026-01-23 10:22 | 2026-03-12 12:45 | 2026-05-19 21:59 | 2026-06-06 09:30 | 2026-06-28 20:06 | 2026-08-19 23:11,174155.47 | 35981.45 | 42916.15 | 669.14 | 45771.67 | 110816.92,410310.8,5,2026-03-14 04:41 | 2026-04-18 11:03 | 2026-04-21 11:52 | 2026-06-16 06:36 | 2026-07-25 17:28,"Ghaziabad, Raj Nagar | Noida, Greater Noida West | Ghaziabad, Crossings Republik | Noida, Sector 63 | Greater Noida, Pari Chowk",1,0.99,Father,"Relationship type: Father. Phone records show 23 call(s). Transaction records show 6 transaction(s) totaling ₹410,311. Meeting records show 5 meeting(s) at Ghaziabad, Raj Nagar ,  Noida, Greater Noida West ,  Ghaziabad, Crossings Republik ,  Noida, Sector 63 ,  Greater Noida, Pari Chowk. This relationship type is a synthetic investigative-data label for demonstration."
REL00126,P0463,Nikhil Dahiya,P0596,Amit Kumar,16,2026-01-03 09:03 | 2026-01-04 10:51 | 2026-01-13 07:18 | 2026-01-14 22:56 | 2026-01-24 03:38 | 2026-02-05 11:31 | 2026-02-21 19:58 | 2026-02-22 22:27 | 2026-04-09 13:56 | 2026-04-21 21:29 | 2026-04-25 07:35 | 2026-05-04 14:37 | 2026-06-12 09:59 | 2026-07-02 22:54 | 2026-07-31 04:21 | 2026-08-09 09:58,1047 | 266 | 226 | 1795 | 237 | 442 | 1014 | 1204 | 1632 | 216 | 1300 | 1215 | 768 | 264 | 1783 | 1343,14752,6,2026-03-08 04:36 | 2026-03-25 10:08 | 2026-04-30 01:48 | 2026-05-03 12:12 | 2026-06-25 00:08 | 2026-08-16 12:22,132367.22 | 36608.47 | 49978.30 | 11540.50 | 118586.39 | 18821.96,367902.84,4,2026-01-29 18:27 | 2026-03-08 10:53 | 2026-08-08 01:42 | 2026-08-26 20:44,"Greater Noida, Alpha 1 | Faridabad, Sector 37 | Ghaziabad, Crossings Republik | Ghaziabad, Vaishali",1,0.99,Business Associate,"Relationship type: Business Associate. Phone records show 16 call(s). Transaction records show 6 transaction(s) totaling ₹367,903. Meeting records show 4 meeting(s) at Greater Noida, Alpha 1 ,  Faridabad, Sector 37 ,  Ghaziabad, Crossings Republik ,  Ghaziabad, Vaishali. This relationship type is a synthetic investigative-data label for demonstration."
REL00151,P0159,Preeti Tiwari,P0258,Isha Rana,18,2026-01-04 03:49 | 2026-01-08 19:11 | 2026-01-17 12:08 | 2026-02-02 20:41 | 2026-02-08 21:43 | 2026-03-09 04:59 | 2026-04-05 07:55 | 2026-04-15 16:43 | 2026-04-23 20:08 | 2026-04-29 11:54 | 2026-05-15 06:35 | 2026-05-21 13:00 | 2026-06-02 07:08 | 2026-06-08 10:04 | 2026-06-09 08:14 | 2026-06-11 02:29 | 2026-08-16 20:46 | 2026-08-25 02:10,1409 | 1579 | 664 | 1270 | 242 | 54 | 916 | 1753 | 639 | 1600 | 425 | 1204 | 1595 | 1556 | 1235 | 645 | 1448 | 419,18653,3,2026-02-20 13:58 | 2026-04-09 02:51 | 2026-05-05 05:33,146444.75 | 173744.95 | 103255.41,423445.11,3,2026-02-03 06:25 | 2026-02-18 02:52 | 2026-05-22 15:13,"Gurugram, Sector 18 | Delhi, Pitampura | Delhi, Dwarka",1,0.9592,Father,"Relationship type: Father. Phone records show 18 call(s). Transaction records show 3 transaction(s) totaling ₹423,445. Meeting records show 3 meeting(s) at Gurugram, Sector 18 ,  Delhi, Pitampura ,  Delhi, Dwarka. This relationship type is a synthetic investigative-data label for demonstration."
REL00366,P0116,Komal Bansal,P0332,Aditi Malik,2,2026-05-16 00:32 | 2026-07-03 03:26,290 | 359,649,0,,,0.0,0,,,0,0.2922,Acquaintance,Relationship type: Acquaintance. Phone records show 2 call(s). This relationship type is a synthetic investigative-data label for demonstration.
REL00657,P0038,Jyoti Tyagi,P0596,Amit Kumar,1,2026-03-17 16:42,292,292,2,2026-03-11 18:39 | 2026-06-03 22:25,12417.66 | 20538.65,32956.31,0,,,0,0.0806,Neighbour,"Relationship type: Neighbour. Phone records show 1 call(s). Transaction records show 2 transaction(s) totaling ₹32,956. This relationship type is a synthetic investigative-data label for demonstration."
REL00038,P0382,Sonam Tyagi,P0406,Mehak Bhardwaj,12,2026-01-30 22:56 | 2026-01-30 23:00 | 2026-02-07 20:10 | 2026-02-20 23:46 | 2026-04-12 16:42 | 2026-04-14 20:40 | 2026-04-17 21:56 | 2026-05-09 06:51 | 2026-07-01 12:10 | 2026-07-10 04:55 | 2026-08-12 20:12 | 2026-08-28 23:53,950 | 1607 | 824 | 1505 | 215 | 373 | 1658 | 852 | 465 | 431 | 1256 | 522,10658,2,2026-07-26 06:21 | 2026-08-22 13:06,39925.03 | 72440.33,112365.36,4,2026-03-02 20:50 | 2026-04-16 17:00 | 2026-07-03 11:28 | 2026-08-19 17:51,"Gurugram, Sector 29 | Delhi, Mayur Vihar | Ghaziabad, Raj Nagar | Gurugram, DLF Phase 3",1,0.9284,Brother,"Relationship type: Brother. Phone records show 12 call(s). Transaction records show 2 transaction(s) totaling ₹112,365. Meeting records show 4 meeting(s) at Gurugram, Sector 29 ,  Delhi, Mayur Vihar ,  Ghaziabad, Raj Nagar ,  Gurugram, DLF Phase 3. This relationship type is a synthetic investigative-data label for demonstration."
REL00082,P0199,Preeti Singh,P0438,Sumit Arora,24,2026-01-03 19:44 | 2026-02-03 13:14 | 2026-02-05 17:02 | 2026-02-10 02:43 | 2026-02-18 17:16 | 2026-03-01 10:52 | 2026-03-16 00:31 | 2026-03-21 04:53 | 2026-04-14 12:48 | 2026-04-14 20:16 | 2026-04-15 23:00 | 2026-04-26 13:22 | 2026-05-06 11:06 | 2026-05-10 20:59 | 2026-05-18 15:05 | 2026-05-21 05:46 | 2026-06-07 04:25 | 2026-06-10 21:46 | 2026-06-20 05:05 | 2026-07-05 17:08 | 2026-07-11 22:09 | 2026-07-13 11:05 | 2026-07-13 14:41 | 2026-08-25 01:30,1343 | 1525 | 231 | 319 | 192 | 1028 | 265 | 1130 | 805 | 1752 | 400 | 1438 | 1594 | 1061 | 1214 | 247 | 884 | 65 | 1613 | 270 | 693 | 1011 | 1594 | 869,21543,1,2026-06-06 06:55,165809.13,165809.13,6,2026-03-08 22:56 | 2026-03-22 17:52 | 2026-05-04 16:00 | 2026-06-08 06:26 | 2026-06-12 09:31 | 2026-08-04 11:55,"Noida, Sector 16 | Noida, Sector 27 | Delhi, Laxmi Nagar | Noida, Sector 18 | Delhi, Narela | Delhi, Connaught Place",1,0.8494,Business Associate,"Relationship type: Business Associate. Phone records show 24 call(s). Transaction records show 1 transaction(s) totaling ₹165,809. Meeting records show 6 meeting(s) at Noida, Sector 16 ,  Noida, Sector 27 ,  Delhi, Laxmi Nagar ,  Noida, Sector 18 ,  Delhi, Narela ,  Delhi, Connaught Place. This relationship type is a synthetic investigative-data label for demonstration."
REL00023,P0066,Mehak Ahuja,P0477,Rahul Saini,20,2026-01-02 00:53 | 2026-01-04 19:46 | 2026-01-09 19:27 | 2026-01-16 19:58 | 2026-01-18 04:32 | 2026-01-26 05:54 | 2026-02-03 03:53 | 2026-02-28 10:59 | 2026-03-06 16:04 | 2026-03-18 02:10 | 2026-05-02 11:05 | 2026-05-11 07:55 | 2026-05-12 20:23 | 2026-06-09 11:40 | 2026-06-10 00:36 | 2026-06-10 06:33 | 2026-08-01 01:13 | 2026-08-09 03:57 | 2026-08-23 12:43 | 2026-08-29 23:03,1419 | 1491 | 1800 | 1506 | 1556 | 1646 | 58 | 793 | 1624 | 228 | 1638 | 530 | 1333 | 1343 | 166 | 225 | 1332 | 1319 | 1780 | 839,22626,4,2026-01-31 06:29 | 2026-02-16 23:01 | 2026-02-21 19:46 | 2026-06-09 15:46,102839.14 | 51768.45 | 34843.97 | 89700.91,279152.47,3,2026-01-02 14:45 | 2026-01-13 22:01 | 2026-04-26 00:31,"Delhi, Connaught Place | Noida, Greater Noida West | Greater Noida, Pari Chowk",1,0.99,Spouse,"Relationship type: Spouse. Phone records show 20 call(s). Transaction records show 4 transaction(s) totaling ₹279,152. Meeting records show 3 meeting(s) at Delhi, Connaught Place ,  Noida, Greater Noida West ,  Greater Noida, Pari Chowk. This relationship type is a synthetic investigative-data label for demonstration."
REL00396,P0501,Ananya Aggarwal,P0581,Preeti Gupta,1,2026-02-14 23:45,656,656,0,,,0.0,1,2026-07-08 03:22,"Gurugram, Udyog Vihar",0,0.0256,Colleague,"Relationship type: Colleague. Phone records show 1 call(s). Meeting records show 1 meeting(s) at Gurugram, Udyog Vihar. This relationship type is a synthetic investigative-data label for demonstration."
REL00321,P0006,Rohan Chauhan,P0054,Preeti Rana,2,2026-05-29 07:18 | 2026-07-12 20:32,285 | 232,517,1,2026-03-15 14:59,9114.07,9114.07,1,2026-03-12 17:24,"Delhi, Najafgarh",0,0.2532,Neighbour,"Relationship type: Neighbour. Phone records show 2 call(s). Transaction records show 1 transaction(s) totaling ₹9,114. Meeting records show 1 meeting(s) at Delhi, Najafgarh. This relationship type is a synthetic investigative-data label for demonstration."
REL00122,P0154,Muskan Yadav,P0535,Vivaan Chaudhary,4,2026-01-03 23:30 | 2026-01-17 22:28 | 2026-06-17 03:46 | 2026-08-14 03:45,1109 | 1020 | 668 | 1130,3927,6,2026-01-21 08:34 | 2026-04-05 20:45 | 2026-05-02 19:05 | 2026-05-18 12:06 | 2026-07-13 12:36 | 2026-07-30 13:45,169422.08 | 43942.14 | 174110.31 | 149578.61 | 131579.96 | 122192.69,790825.79,1,2026-01-02 06:14,"Ghaziabad, Kaushambi",1,0.7334,Relative,"Relationship type: Relative. Phone records show 4 call(s). Transaction records show 6 transaction(s) totaling ₹790,826. Meeting records show 1 meeting(s) at Ghaziabad, Kaushambi. This relationship type is a synthetic investigative-data label for demonstration."
REL00221,P0513,Priya Bhati,P0525,Amit Malik,0,,,0,1,2026-07-12 13:05,14181.10,14181.1,0,,,0,0.3479,Colleague,"Relationship type: Colleague. Transaction records show 1 transaction(s) totaling ₹14,181. This relationship type is a synthetic investigative-data label for demonstration."
REL00496,P0009,Tanya Chaudhary,P0268,Rahul Sharma,1,2026-06-11 09:23,280,280,1,2026-07-21 02:53,5674.09,5674.09,0,,,0,0.1143,Former Partner,"Relationship type: Former Partner. Phone records show 1 call(s). Transaction records show 1 transaction(s) totaling ₹5,674. This relationship type is a synthetic investigative-data label for demonstration."
REL00642,P0328,Ankit Tyagi,P0417,Komal Ahuja,2,2026-08-09 16:55 | 2026-08-29 17:18,520 | 95,615,0,,,0.0,2,2026-02-22 05:13 | 2026-03-08 04:47,"Gurugram, Sector 29 | Gurugram, Sector 29",0,0.1084,Former Partner,"Relationship type: Former Partner. Phone records show 2 call(s). Meeting records show 2 meeting(s) at Gurugram, Sector 29 ,  Gurugram, Sector 29. This relationship type is a synthetic investigative-data label for demonstration."
REL00604,P0117,Rohan Rawat,P0452,Naina Singh,0,,,0,0,,,0.0,0,,,0,0.2304,Colleague,"Relationship type: Colleague. No direct call, transaction, or meeting evidence is recorded in this dataset. This relationship type is a synthetic investigative-data label for demonstration."
REL00177,P0110,Divya Rana,P0121,Pooja Khanna,24,2026-01-05 23:13 | 2026-01-13 16:08 | 2026-01-22 01:05 | 2026-01-25 13:22 | 2026-01-30 08:24 | 2026-03-23 19:40 | 2026-04-13 01:51 | 2026-04-15 09:04 | 2026-04-20 02:59 | 2026-04-27 08:15 | 2026-05-10 02:42 | 2026-05-21 10:41 | 2026-05-23 22:39 | 2026-05-25 07:17 | 2026-06-15 21:52 | 2026-06-24 07:29 | 2026-06-25 19:53 | 2026-06-28 02:29 | 2026-07-01 05:40 | 2026-07-04 15:15 | 2026-07-07 03:36 | 2026-07-10 16:27 | 2026-08-08 00:18 | 2026-08-28 13:57,1572 | 562 | 1475 | 56 | 1034 | 1228 | 445 | 719 | 1595 | 788 | 116 | 1705 | 722 | 828 | 1203 | 1734 | 434 | 385 | 185 | 1277 | 1022 | 793 | 453 | 1424,21755,5,2026-01-20 11:30 | 2026-01-20 13:29 | 2026-04-27 09:31 | 2026-05-17 12:45 | 2026-08-13 15:27,39458.94 | 166419.57 | 154364.23 | 54584.63 | 31426.35,446253.72,5,2026-01-08 05:41 | 2026-02-05 17:31 | 2026-02-10 02:52 | 2026-04-30 06:29 | 2026-06-30 21:09,"Noida, Sector 18 | Delhi, Dwarka | Ghaziabad, Raj Nagar | Ghaziabad, Kaushambi | Delhi, Narela",1,0.9811,Colleague,"Relationship type: Colleague. Phone records show 24 call(s). Transaction records show 5 transaction(s) totaling ₹446,254. Meeting records show 5 meeting(s) at Noida, Sector 18 ,  Delhi, Dwarka ,  Ghaziabad, Raj Nagar ,  Ghaziabad, Kaushambi ,  Delhi, Narela. This relationship type is a synthetic investigative-data label for demonstration."
REL00011,P0030,Jyoti Saxena,P0366,Amit Verma,13,2026-01-30 14:58 | 2026-04-04 13:37 | 2026-04-06 15:40 | 2026-04-11 23:30 | 2026-05-13 07:05 | 2026-05-29 10:37 | 2026-06-04 19:15 | 2026-06-29 09:22 | 2026-07-21 02:11 | 2026-07-27 14:57 | 2026-08-08 03:42 | 2026-08-19 13:45 | 2026-08-23 02:36,675 | 1507 | 1443 | 321 | 1425 | 1192 | 1658 | 658 | 352 | 659 | 1516 | 337 | 1424,13167,2,2026-02-18 17:36 | 2026-07-14 06:07,115657.88 | 80291.54,195949.42,6,2026-01-14 14:37 | 2026-02-27 04:53 | 2026-03-18 19:08 | 2026-03-23 02:21 | 2026-05-12 05:39 | 2026-07-13 11:56,"Delhi, Rohini | Delhi, Dwarka | Noida, Sector 16 | Delhi, Laxmi Nagar | Delhi, Laxmi Nagar | Noida, Sector 62",1,0.9394,Business Associate,"Relationship type: Business Associate. Phone records show 13 call(s). Transaction records show 2 transaction(s) totaling ₹195,949. Meeting records show 6 meeting(s) at Delhi, Rohini ,  Delhi, Dwarka ,  Noida, Sector 16 ,  Delhi, Laxmi Nagar ,  Delhi, Laxmi Nagar ,  Noida, Sector 62. This relationship type is a synthetic investigative-data label for demonstration."
REL00327,P0063,Deepak Bhardwaj,P0116,Komal Bansal,1,2026-08-23 22:30,201,201,0,,,0.0,0,,,0,0.1535,Colleague,Relationship type: Colleague. Phone records show 1 call(s). This relationship type is a synthetic investigative-data label for demonstration.
REL00290,P0094,Karan Kapoor,P0180,Ravi Bhardwaj,0,,,0,0,,,0.0,0,,,0,0.2007,Associate,"Relationship type: Associate. No direct call, transaction, or meeting evidence is recorded in this dataset. This relationship type is a synthetic investigative-data label for demonstration."
REL00165,P0280,Saurabh Arora,P0307,Ravi Saini,21,2026-01-08 01:09 | 2026-02-01 09:58 | 2026-02-25 03:25 | 2026-03-08 07:27 | 2026-03-15 21:42 | 2026-03-17 01:12 | 2026-03-17 16:14 | 2026-03-29 05:02 | 2026-03-29 12:45 | 2026-04-10 05:42 | 2026-06-05 10:24 | 2026-06-06 13:08 | 2026-06-12 03:46 | 2026-06-14 15:22 | 2026-06-19 12:38 | 2026-06-20 21:44 | 2026-07-06 01:24 | 2026-07-10 03:29 | 2026-08-15 15:48 | 2026-08-23 18:49 | 2026-08-23 22:29,278 | 67 | 526 | 763 | 1625 | 1350 | 1709 | 1141 | 565 | 1765 | 424 | 875 | 1584 | 1187 | 28 | 1777 | 1252 | 652 | 233 | 1576 | 588,19965,2,2026-04-02 11:37 | 2026-06-06 04:26,1413.27 | 106152.59,107565.86,3,2026-02-19 04:22 | 2026-05-07 10:43 | 2026-08-06 00:39,"Delhi, Pitampura | Delhi, Pitampura | Delhi, Connaught Place",1,0.9599,Brother,"Relationship type: Brother. Phone records show 21 call(s). Transaction records show 2 transaction(s) totaling ₹107,566. Meeting records show 3 meeting(s) at Delhi, Pitampura ,  Delhi, Pitampura ,  Delhi, Connaught Place. This relationship type is a synthetic investigative-data label for demonstration."
REL00438,P0011,Kavya Sharma,P0126,Ananya Rana,3,2026-05-21 00:16 | 2026-05-30 11:40 | 2026-06-11 06:46,654 | 93 | 540,1287,0,,,0.0,0,,,0,0.1993,Colleague,Relationship type: Colleague. Phone records show 3 call(s). This relationship type is a synthetic investigative-data label for demonstration.
REL00599,P0249,Shreya Sharma,P0451,Pooja Chaudhary,0,,,0,0,,,0.0,0,,,0,0.24,Neighbour,"Relationship type: Neighbour. No direct call, transaction, or meeting evidence is recorded in this dataset. This relationship type is a synthetic investigative-data label for demonstration."
REL00569,P0346,Jyoti Kumar,P0373,Sumit Rawat,2,2026-01-19 08:57 | 2026-03-12 18:37,151 | 680,831,0,,,0.0,0,,,0,0.2535,Neighbour,Relationship type: Neighbour. Phone records show 2 call(s). This relationship type is a synthetic investigative-data label for demonstration.
REL00645,P0057,Sonam Saini,P0075,Ankit Kapoor,1,2026-01-29 15:39,260,260,0,,,0.0,1,2026-04-29 05:34,"Faridabad, Sector 15",0,0.2178,Associate,"Relationship type: Associate. Phone records show 1 call(s). Meeting records show 1 meeting(s) at Faridabad, Sector 15. This relationship type is a synthetic investigative-data label for demonstration."
REL00158,P0219,Amit Khanna,P0565,Manish Narang,4,2026-01-29 20:15 | 2026-05-07 03:46 | 2026-06-26 12:09 | 2026-07-27 09:34,1480 | 434 | 1306 | 645,3865,2,2026-03-05 20:05 | 2026-06-23 17:21,99039.35 | 37083.68,136123.03,7,2026-01-17 22:39 | 2026-03-11 20:32 | 2026-03-15 08:29 | 2026-04-14 02:21 | 2026-05-14 20:02 | 2026-05-17 20:52 | 2026-07-03 04:21,"Delhi, Dwarka | Noida, Sector 27 | Faridabad, NIT | Delhi, Mayur Vihar | Delhi, Shahdara | Ghaziabad, Indirapuram | Greater Noida, Alpha 1",1,0.8054,Spouse,"Relationship type: Spouse. Phone records show 4 call(s). Transaction records show 2 transaction(s) totaling ₹136,123. Meeting records show 7 meeting(s) at Delhi, Dwarka ,  Noida, Sector 27 ,  Faridabad, NIT ,  Delhi, Mayur Vihar ,  Delhi, Shahdara ,  Ghaziabad, Indirapuram ,  Greater Noida, Alpha 1. This relationship type is a synthetic investigative-data label for demonstration."
REL00644,P0116,Komal Bansal,P0396,Yash Mishra,2,2026-03-03 14:09 | 2026-06-18 03:49,72 | 550,622,0,,,0.0,1,2026-07-04 06:49,"Ghaziabad, Raj Nagar",0,0.2932,Associate,"Relationship type: Associate. Phone records show 2 call(s). Meeting records show 1 meeting(s) at Ghaziabad, Raj Nagar. This relationship type is a synthetic investigative-data label for demonstration."
REL00379,P0099,Ravi Rana,P0297,Ravi Singh,2,2026-02-02 02:13 | 2026-04-06 02:39,173 | 635,808,0,,,0.0,0,,,0,0.238,Neighbour,Relationship type: Neighbour. Phone records show 2 call(s). This relationship type is a synthetic investigative-data label for demonstration.
REL00013,P0512,Shreya Ahuja,P0572,Riya Aggarwal,25,2026-01-03 00:03 | 2026-01-09 08:20 | 2026-01-12 07:42 | 2026-01-12 15:16 | 2026-01-17 23:26 | 2026-01-18 01:53 | 2026-01-31 19:18 | 2026-02-18 00:37 | 2026-02-25 21:43 | 2026-03-02 02:11 | 2026-03-21 06:29 | 2026-03-27 23:58 | 2026-04-02 00:05 | 2026-04-24 04:45 | 2026-05-19 05:42 | 2026-05-22 06:49 | 2026-05-26 00:20 | 2026-06-10 17:45 | 2026-06-13 15:08 | 2026-06-25 11:58 | 2026-07-04 14:04 | 2026-07-05 20:54 | 2026-07-07 20:24 | 2026-07-09 00:33 | 2026-07-25 14:14,719 | 1349 | 543 | 398 | 582 | 424 | 474 | 1777 | 329 | 1375 | 770 | 142 | 984 | 104 | 809 | 1641 | 1230 | 1749 | 1679 | 45 | 265 | 162 | 1381 | 222 | 1060,20213,5,2026-02-10 22:28 | 2026-03-06 21:03 | 2026-03-30 05:22 | 2026-05-31 19:35 | 2026-06-25 18:22,143789.74 | 18856.99 | 96168.50 | 156704.66 | 167412.29,582932.18,3,2026-01-23 04:36 | 2026-03-10 21:30 | 2026-04-09 04:08,"Faridabad, NIT | Ghaziabad, Kaushambi | Greater Noida, Pari Chowk",1,0.99,Sister,"Relationship type: Sister. Phone records show 25 call(s). Transaction records show 5 transaction(s) totaling ₹582,932. Meeting records show 3 meeting(s) at Faridabad, NIT ,  Ghaziabad, Kaushambi ,  Greater Noida, Pari Chowk. This relationship type is a synthetic investigative-data label for demonstration."
REL00446,P0383,Neha Bhardwaj,P0416,Komal Pandey,0,,,0,0,,,0.0,2,2026-02-11 14:45 | 2026-02-21 18:19,"Gurugram, Udyog Vihar | Faridabad, Sector 37",0,0.0872,Former Partner,"Relationship type: Former Partner. Meeting records show 2 meeting(s) at Gurugram, Udyog Vihar ,  Faridabad, Sector 37. This relationship type is a synthetic investigative-data label for demonstration."
REL00322,P0219,Amit Khanna,P0421,Vikas Saini,0,,,0,0,,,0.0,0,,,0,0.0203,Acquaintance,"Relationship type: Acquaintance. No direct call, transaction, or meeting evidence is recorded in this dataset. This relationship type is a synthetic investigative-data label for demonstration."
REL00040,P0188,Priya Bhati,P0412,Amit Kumar,19,2026-01-06 14:56 | 2026-01-08 13:07 | 2026-01-15 20:04 | 2026-02-13 04:14 | 2026-02-15 10:08 | 2026-02-20 07:25 | 2026-03-03 22:22 | 2026-03-25 00:04 | 2026-03-27 19:14 | 2026-04-08 15:40 | 2026-04-13 11:10 | 2026-04-19 03:21 | 2026-04-24 22:49 | 2026-05-06 14:03 | 2026-06-02 11:57 | 2026-06-12 21:25 | 2026-07-23 19:56 | 2026-08-08 01:50 | 2026-08-16 21:01,1362 | 346 | 1091 | 174 | 1415 | 1623 | 805 | 299 | 684 | 517 | 685 | 288 | 605 | 308 | 563 | 1734 | 1597 | 637 | 1634,16367,7,2026-01-23 19:43 | 2026-02-03 23:10 | 2026-02-12 00:21 | 2026-06-16 20:59 | 2026-06-19 03:27 | 2026-07-14 04:18 | 2026-08-23 20:37,520.22 | 32938.27 | 7208.60 | 122324.28 | 138236.97 | 166839.14 | 45821.89,513889.37,4,2026-02-05 01:53 | 2026-02-05 16:38 | 2026-04-15 15:29 | 2026-04-23 18:21,"Faridabad, NIT | Gurugram, Sector 18 | Ghaziabad, Vaishali | Faridabad, NIT",1,0.9622,Sister,"Relationship type: Sister. Phone records show 19 call(s). Transaction records show 7 transaction(s) totaling ₹513,889. Meeting records show 4 meeting(s) at Faridabad, NIT ,  Gurugram, Sector 18 ,  Ghaziabad, Vaishali ,  Faridabad, NIT. This relationship type is a synthetic investigative-data label for demonstration."
REL00556,P0430,Preeti Yadav,P0578,Arjun Bhardwaj,2,2026-02-08 06:27 | 2026-05-04 04:14,371 | 549,920,1,2026-06-14 19:49,14720.79,14720.79,0,,,0,0.1803,Associate,"Relationship type: Associate. Phone records show 2 call(s). Transaction records show 1 transaction(s) totaling ₹14,721. This relationship type is a synthetic investigative-data label for demonstration."
REL00160,P0006,Rohan Chauhan,P0047,Harsh Bhardwaj,18,2026-01-09 06:19 | 2026-01-22 22:08 | 2026-02-02 23:57 | 2026-03-10 23:51 | 2026-03-14 08:32 | 2026-03-28 22:41 | 2026-03-30 01:53 | 2026-04-08 05:35 | 2026-04-23 13:25 | 2026-04-26 09:03 | 2026-04-28 14:23 | 2026-04-28 16:40 | 2026-06-13 21:53 | 2026-06-28 10:47 | 2026-07-05 16:00 | 2026-07-14 15:02 | 2026-07-17 04:26 | 2026-08-09 19:48,682 | 79 | 1151 | 1386 | 1391 | 1500 | 793 | 20 | 1163 | 1206 | 367 | 165 | 462 | 547 | 594 | 1154 | 484 | 435,13579,4,2026-02-01 15:36 | 2026-05-08 07:16 | 2026-05-29 00:32 | 2026-07-30 16:56,144442.55 | 80204.92 | 61769.85 | 60766.27,347183.59,7,2026-02-02 07:38 | 2026-04-03 03:51 | 2026-05-09 02:42 | 2026-06-06 09:04 | 2026-06-11 21:14 | 2026-07-20 10:23 | 2026-07-27 12:07,"Delhi, Mayur Vihar | Delhi, Narela | Greater Noida, Pari Chowk | Noida, Sector 16 | Noida, Sector 15 | Gurugram, DLF Phase 3 | Gurugram, DLF Phase 2",1,0.9775,Mother,"Relationship type: Mother. Phone records show 18 call(s). Transaction records show 4 transaction(s) totaling ₹347,184. Meeting records show 7 meeting(s) at Delhi, Mayur Vihar ,  Delhi, Narela ,  Greater Noida, Pari Chowk ,  Noida, Sector 16 ,  Noida, Sector 15 ,  Gurugram, DLF Phase 3 ,  Gurugram, DLF Phase 2. This relationship type is a synthetic investigative-data label for demonstration."
REL00045,P0096,Preeti Sharma,P0562,Ananya Rawat,8,2026-02-10 01:30 | 2026-02-14 17:30 | 2026-03-10 07:34 | 2026-03-17 01:31 | 2026-04-08 20:49 | 2026-04-24 19:54 | 2026-05-30 16:43 | 2026-08-05 23:30,418 | 1531 | 1060 | 1482 | 482 | 195 | 1729 | 920,7817,2,2026-04-22 04:47 | 2026-05-11 13:18,69415.05 | 24131.65,93546.7,7,2026-04-30 16:44 | 2026-05-18 11:35 | 2026-07-14 03:26 | 2026-07-19 22:49 | 2026-07-27 17:13 | 2026-08-24 17:21 | 2026-08-28 00:23,"Delhi, Saket | Delhi, Karol Bagh | Greater Noida, Pari Chowk | Ghaziabad, Kaushambi | Faridabad, Sector 37 | Delhi, Dwarka | Noida, Sector 62",1,0.8936,Neighbour,"Relationship type: Neighbour. Phone records show 8 call(s). Transaction records show 2 transaction(s) totaling ₹93,547. Meeting records show 7 meeting(s) at Delhi, Saket ,  Delhi, Karol Bagh ,  Greater Noida, Pari Chowk ,  Ghaziabad, Kaushambi ,  Faridabad, Sector 37 ,  Delhi, Dwarka ,  Noida, Sector 62. This relationship type is a synthetic investigative-data label for demonstration."
REL00106,P0281,Pooja Chaudhary,P0541,Sumit Ahuja,20,2026-01-11 17:13 | 2026-02-02 05:25 | 2026-02-09 22:55 | 2026-03-08 09:36 | 2026-03-14 08:47 | 2026-03-19 05:41 | 2026-03-23 13:21 | 2026-03-29 01:08 | 2026-04-06 17:38 | 2026-05-11 09:08 | 2026-06-11 01:18 | 2026-06-11 09:16 | 2026-06-25 15:11 | 2026-06-30 14:43 | 2026-07-05 22:13 | 2026-07-06 02:04 | 2026-07-20 14:40 | 2026-08-02 03:13 | 2026-08-10 09:00 | 2026-08-23 10:28,959 | 280 | 913 | 1684 | 784 | 1406 | 1549 | 939 | 1741 | 251 | 925 | 406 | 156 | 1230 | 1160 | 93 | 1465 | 351 | 1517 | 1447,19256,8,2026-01-26 22:03 | 2026-04-30 03:24 | 2026-06-01 07:26 | 2026-07-01 20:35 | 2026-07-06 08:09 | 2026-07-11 00:19 | 2026-08-07 12:54 | 2026-08-17 06:54,74462.26 | 154281.52 | 91728.61 | 160411.28 | 103628.49 | 64314.07 | 129960.29 | 103582.08,882368.6,7,2026-02-13 18:54 | 2026-04-16 17:09 | 2026-05-23 21:39 | 2026-06-02 00:56 | 2026-06-21 07:05 | 2026-08-01 09:20 | 2026-08-10 10:20,"Delhi, Connaught Place | Delhi, Laxmi Nagar | Gurugram, Manesar | Delhi, Shahdara | Delhi, Shahdara | Delhi, Najafgarh | Faridabad, Sector 37",1,0.9766,Neighbour,"Relationship type: Neighbour. Phone records show 20 call(s). Transaction records show 8 transaction(s) totaling ₹882,369. Meeting records show 7 meeting(s) at Delhi, Connaught Place ,  Delhi, Laxmi Nagar ,  Gurugram, Manesar ,  Delhi, Shahdara ,  Delhi, Shahdara ,  Delhi, Najafgarh ,  Faridabad, Sector 37. This relationship type is a synthetic investigative-data label for demonstration."
REL00415,P0162,Harsh Saxena,P0419,Karan Goyal,0,,,0,1,2026-08-18 11:27,940.07,940.07,0,,,0,0.2896,Associate,Relationship type: Associate. Transaction records show 1 transaction(s) totaling ₹940. This relationship type is a synthetic investigative-data label for demonstration.
REL00191,P0056,Saurabh Verma,P0439,Nikhil Bhardwaj,12,2026-01-01 02:53 | 2026-01-04 09:10 | 2026-01-06 08:28 | 2026-01-24 02:15 | 2026-03-20 12:44 | 2026-03-26 17:53 | 2026-04-05 10:44 | 2026-05-30 21:49 | 2026-05-31 07:40 | 2026-06-23 15:07 | 2026-07-01 14:40 | 2026-07-05 14:47,185 | 1045 | 358 | 789 | 181 | 1800 | 611 | 1008 | 1533 | 1089 | 401 | 957,9957,7,2026-03-13 06:56 | 2026-03-20 18:54 | 2026-04-01 07:47 | 2026-04-20 08:16 | 2026-05-01 03:36 | 2026-06-05 05:59 | 2026-06-24 20:32,158314.70 | 132657.00 | 132694.47 | 28867.00 | 38277.81 | 26086.87 | 70992.27,587890.12,5,2026-01-01 11:36 | 2026-01-02 11:49 | 2026-02-19 08:35 | 2026-02-20 19:15 | 2026-06-27 18:24,"Gurugram, Sohna Road | Gurugram, Sector 18 | Delhi, Najafgarh | Faridabad, Sector 15 | Delhi, Mayur Vihar",1,0.9733,Sister,"Relationship type: Sister. Phone records show 12 call(s). Transaction records show 7 transaction(s) totaling ₹587,890. Meeting records show 5 meeting(s) at Gurugram, Sohna Road ,  Gurugram, Sector 18 ,  Delhi, Najafgarh ,  Faridabad, Sector 15 ,  Delhi, Mayur Vihar. This relationship type is a synthetic investigative-data label for demonstration."
REL00376,P0218,Tanya Aggarwal,P0400,Ravi Singh,0,,,0,0,,,0.0,0,,,0,0.1137,Former Partner,"Relationship type: Former Partner. No direct call, transaction, or meeting evidence is recorded in this dataset. This relationship type is a synthetic investigative-data label for demonstration."
REL00501,P0063,Deepak Bhardwaj,P0198,Jyoti Bansal,2,2026-07-03 06:32 | 2026-08-15 22:01,434 | 466,900,2,2026-01-20 12:51 | 2026-04-03 14:46,12176.95 | 24649.23,36826.18,1,2026-01-08 13:04,"Noida, Greater Noida West",0,0.0938,Former Partner,"Relationship type: Former Partner. Phone records show 2 call(s). Transaction records show 2 transaction(s) totaling ₹36,826. Meeting records show 1 meeting(s) at Noida, Greater Noida West. This relationship type is a synthetic investigative-data label for demonstration."
REL00063,P0432,Jyoti Meena,P0570,Arjun Verma,23,2026-01-10 11:53 | 2026-02-11 04:14 | 2026-02-16 10:05 | 2026-02-25 15:30 | 2026-03-02 01:58 | 2026-03-12 04:18 | 2026-03-14 16:38 | 2026-03-16 17:08 | 2026-04-24 02:46 | 2026-04-30 08:54 | 2026-04-30 13:18 | 2026-05-03 05:27 | 2026-05-10 02:08 | 2026-05-22 05:01 | 2026-06-24 06:02 | 2026-06-28 09:54 | 2026-07-04 20:49 | 2026-07-23 13:49 | 2026-07-28 11:03 | 2026-08-01 05:54 | 2026-08-10 19:53 | 2026-08-18 00:12 | 2026-08-21 15:11,306 | 273 | 137 | 900 | 406 | 101 | 1033 | 688 | 164 | 1263 | 784 | 1574 | 501 | 456 | 1294 | 655 | 1711 | 625 | 1706 | 809 | 767 | 660 | 65,16878,2,2026-02-01 01:13 | 2026-02-18 12:48,23804.44 | 151800.14,175604.58,1,2026-03-08 20:13,"Delhi, Pitampura",1,0.8572,Mother,"Relationship type: Mother. Phone records show 23 call(s). Transaction records show 2 transaction(s) totaling ₹175,605. Meeting records show 1 meeting(s) at Delhi, Pitampura. This relationship type is a synthetic investigative-data label for demonstration."
REL00646,P0094,Karan Kapoor,P0578,Arjun Bhardwaj,2,2026-01-13 16:09 | 2026-04-07 03:22,480 | 612,1092,0,,,0.0,1,2026-05-13 19:13,"Delhi, Saket",0,0.152,Acquaintance,"Relationship type: Acquaintance. Phone records show 2 call(s). Meeting records show 1 meeting(s) at Delhi, Saket. This relationship type is a synthetic investigative-data label for demonstration."
REL00163,P0513,Priya Bhati,P0598,Yash Sharma,6,2026-01-19 12:53 | 2026-02-13 16:40 | 2026-03-31 22:01 | 2026-04-17 23:54 | 2026-04-28 07:01 | 2026-06-22 20:45,1178 | 323 | 619 | 492 | 541 | 37,3190,6,2026-04-16 08:53 | 2026-05-01 10:23 | 2026-05-11 15:11 | 2026-08-04 05:01 | 2026-08-12 12:17 | 2026-08-16 19:01,78071.56 | 64050.40 | 158394.68 | 17911.12 | 105356.75 | 118527.54,542312.05,7,2026-01-07 05:53 | 2026-03-02 02:55 | 2026-03-13 19:13 | 2026-04-01 18:10 | 2026-06-08 09:50 | 2026-07-12 18:42 | 2026-08-29 15:36,"Gurugram, Sector 29 | Greater Noida, Knowledge Park | Noida, Sector 15 | Delhi, Rohini | Gurugram, Sector 29 | Faridabad, Sector 37 | Delhi, Connaught Place",1,0.8872,Associate,"Relationship type: Associate. Phone records show 6 call(s). Transaction records show 6 transaction(s) totaling ₹542,312. Meeting records show 7 meeting(s) at Gurugram, Sector 29 ,  Greater Noida, Knowledge Park ,  Noida, Sector 15 ,  Delhi, Rohini ,  Gurugram, Sector 29 ,  Faridabad, Sector 37 ,  Delhi, Connaught Place. This relationship type is a synthetic investigative-data label for demonstration."
REL00093,P0175,Ravi Yadav,P0274,Naina Arora,21,2026-01-14 02:32 | 2026-01-17 04:16 | 2026-02-26 07:57 | 2026-02-28 03:42 | 2026-03-22 03:39 | 2026-03-30 09:12 | 2026-03-30 12:10 | 2026-03-30 12:30 | 2026-04-08 10:36 | 2026-04-26 08:07 | 2026-05-05 02:13 | 2026-05-11 01:20 | 2026-06-11 02:49 | 2026-06-16 08:31 | 2026-06-21 02:42 | 2026-07-06 14:32 | 2026-07-12 16:59 | 2026-07-15 15:03 | 2026-07-31 17:34 | 2026-08-19 22:36 | 2026-08-24 18:04,28 | 1255 | 382 | 149 | 503 | 531 | 1160 | 743 | 1460 | 647 | 370 | 839 | 1082 | 1348 | 1612 | 1070 | 1427 | 531 | 51 | 1662 | 1123,17973,9,2026-02-20 09:14 | 2026-02-27 09:47 | 2026-03-09 02:40 | 2026-04-15 17:31 | 2026-05-23 02:03 | 2026-05-25 16:04 | 2026-06-08 09:18 | 2026-07-22 02:36 | 2026-08-27 02:46,101009.52 | 133287.56 | 102297.81 | 40872.04 | 106695.11 | 110377.23 | 30488.48 | 2730.83 | 83521.68,711280.26,8,2026-02-19 06:50 | 2026-02-20 01:05 | 2026-04-08 09:53 | 2026-04-14 05:21 | 2026-04-18 12:07 | 2026-05-08 22:06 | 2026-07-11 17:35 | 2026-08-15 13:02,"Delhi, Dwarka | Gurugram, Sector 29 | Ghaziabad, Indirapuram | Noida, Sector 15 | Delhi, Dwarka | Ghaziabad, Crossings Republik | Ghaziabad, Crossings Republik | Gurugram, Udyog Vihar",1,0.99,Family,"Relationship type: Family. Phone records show 21 call(s). Transaction records show 9 transaction(s) totaling ₹711,280. Meeting records show 8 meeting(s) at Delhi, Dwarka ,  Gurugram, Sector 29 ,  Ghaziabad, Indirapuram ,  Noida, Sector 15 ,  Delhi, Dwarka ,  Ghaziabad, Crossings Republik ,  Ghaziabad, Crossings Republik ,  Gurugram, Udyog Vihar. This relationship type is a synthetic investigative-data label for demonstration."
REL00554,P0472,Ananya Chaudhary,P0588,Sakshi Arora,1,2026-04-28 04:49,385,385,1,2026-06-10 13:33,29527.10,29527.1,1,2026-03-02 08:49,"Noida, Sector 16",0,0.092,Colleague,"Relationship type: Colleague. Phone records show 1 call(s). Transaction records show 1 transaction(s) totaling ₹29,527. Meeting records show 1 meeting(s) at Noida, Sector 16. This relationship type is a synthetic investigative-data label for demonstration."
REL00209,P0052,Aditya Rawat,P0073,Tanya Arora,8,2026-03-17 23:11 | 2026-04-07 22:30 | 2026-04-10 23:52 | 2026-04-26 08:24 | 2026-05-11 16:11 | 2026-05-25 18:08 | 2026-06-08 23:36 | 2026-06-16 04:12,709 | 1016 | 102 | 1092 | 689 | 94 | 906 | 1101,5709,5,2026-01-26 08:24 | 2026-02-14 04:43 | 2026-05-24 21:38 | 2026-06-01 10:58 | 2026-07-20 14:02,6201.39 | 12086.65 | 129859.82 | 155781.25 | 20828.27,324757.38,8,2026-01-01 14:37 | 2026-02-12 23:16 | 2026-02-19 18:54 | 2026-03-31 10:56 | 2026-04-01 00:01 | 2026-04-15 00:41 | 2026-05-21 20:24 | 2026-06-13 03:46,"Delhi, Shahdara | Gurugram, Sector 14 | Noida, Sector 27 | Noida, Sector 18 | Gurugram, Sector 29 | Gurugram, Sohna Road | Greater Noida, Alpha 1 | Ghaziabad, Raj Nagar",1,0.98,Colleague,"Relationship type: Colleague. Phone records show 8 call(s). Transaction records show 5 transaction(s) totaling ₹324,757. Meeting records show 8 meeting(s) at Delhi, Shahdara ,  Gurugram, Sector 14 ,  Noida, Sector 27 ,  Noida, Sector 18 ,  Gurugram, Sector 29 ,  Gurugram, Sohna Road ,  Greater Noida, Alpha 1 ,  Ghaziabad, Raj Nagar. This relationship type is a synthetic investigative-data label for demonstration."
REL00578,P0020,Sonam Bhardwaj,P0162,Harsh Saxena,4,2026-03-21 15:18 | 2026-05-04 14:20 | 2026-05-13 06:49 | 2026-07-11 06:03,452 | 366 | 185 | 523,1526,0,,,0.0,2,2026-04-08 04:47 | 2026-07-14 23:50,"Gurugram, Sector 18 | Noida, Greater Noida West",0,0.2958,Colleague,"Relationship type: Colleague. Phone records show 4 call(s). Meeting records show 2 meeting(s) at Gurugram, Sector 18 ,  Noida, Greater Noida West. This relationship type is a synthetic investigative-data label for demonstration."
REL00324,P0292,Yash Mishra,P0402,Aarav Bhati,3,2026-03-17 10:02 | 2026-05-08 16:22 | 2026-05-15 06:17,94 | 690 | 575,1359,1,2026-06-21 18:46,13759.86,13759.86,2,2026-01-05 19:26 | 2026-05-25 03:47,"Delhi, Dwarka | Gurugram, Sector 29",0,0.179,Acquaintance,"Relationship type: Acquaintance. Phone records show 3 call(s). Transaction records show 1 transaction(s) totaling ₹13,760. Meeting records show 2 meeting(s) at Delhi, Dwarka ,  Gurugram, Sector 29. This relationship type is a synthetic investigative-data label for demonstration."
REL00114,P0334,Sumit Yadav,P0566,Isha Rana,9,2026-01-17 12:13 | 2026-01-17 15:51 | 2026-03-17 05:03 | 2026-03-26 21:49 | 2026-05-05 09:32 | 2026-06-21 19:31 | 2026-07-04 13:56 | 2026-07-27 18:51 | 2026-08-18 17:28,989 | 1376 | 708 | 1149 | 1739 | 844 | 812 | 623 | 840,9080,2,2026-06-07 06:25 | 2026-07-02 15:26,54524.44 | 165854.72,220379.16,3,2026-02-13 20:11 | 2026-05-02 17:54 | 2026-07-19 19:24,"Delhi, Saket | Ghaziabad, Indirapuram | Noida, Sector 15",1,0.9707,Partner,"Relationship type: Partner. Phone records show 9 call(s). Transaction records show 2 transaction(s) totaling ₹220,379. Meeting records show 3 meeting(s) at Delhi, Saket ,  Ghaziabad, Indirapuram ,  Noida, Sector 15. This relationship type is a synthetic investigative-data label for demonstration."
REL00485,P0020,Sonam Bhardwaj,P0224,Simran Yadav,0,,,0,1,2026-08-09 14:33,10920.70,10920.7,2,2026-03-02 12:37 | 2026-03-13 14:42,"Gurugram, Sohna Road | Noida, Sector 15",0,0.1498,Associate,"Relationship type: Associate. Transaction records show 1 transaction(s) totaling ₹10,921. Meeting records show 2 meeting(s) at Gurugram, Sohna Road ,  Noida, Sector 15. This relationship type is a synthetic investigative-data label for demonstration."
REL00528,P0229,Vivaan Meena,P0525,Amit Malik,3,2026-05-25 13:37 | 2026-06-04 13:28 | 2026-07-13 19:06,401 | 407 | 355,1163,0,,,0.0,2,2026-01-09 17:21 | 2026-01-11 20:05,"Delhi, Connaught Place | Faridabad, NIT",0,0.2194,Acquaintance,"Relationship type: Acquaintance. Phone records show 3 call(s). Meeting records show 2 meeting(s) at Delhi, Connaught Place ,  Faridabad, NIT. This relationship type is a synthetic investigative-data label for demonstration."
REL00398,P0323,Pooja Kapoor,P0585,Sonam Kumar,2,2026-02-03 04:04 | 2026-04-14 05:36,89 | 404,493,2,2026-05-01 06:47 | 2026-08-21 23:21,4024.80 | 8786.25,12811.05,0,,,0,0.1651,Associate,"Relationship type: Associate. Phone records show 2 call(s). Transaction records show 2 transaction(s) totaling ₹12,811. This relationship type is a synthetic investigative-data label for demonstration."
REL00487,P0175,Ravi Yadav,P0413,Shreya Dahiya,2,2026-06-01 21:42 | 2026-08-09 01:12,658 | 70,728,1,2026-08-04 17:38,3380.33,3380.33,1,2026-08-29 13:21,"Greater Noida, Knowledge Park",0,0.3343,Former Partner,"Relationship type: Former Partner. Phone records show 2 call(s). Transaction records show 1 transaction(s) totaling ₹3,380. Meeting records show 1 meeting(s) at Greater Noida, Knowledge Park. This relationship type is a synthetic investigative-data label for demonstration."
REL00410,P0272,Nikhil Rawat,P0364,Yash Gupta,4,2026-03-12 12:59 | 2026-04-23 01:28 | 2026-05-30 22:23 | 2026-07-01 17:26,459 | 231 | 398 | 332,1420,0,,,0.0,1,2026-04-25 02:48,"Delhi, Najafgarh",0,0.2792,Former Partner,"Relationship type: Former Partner. Phone records show 4 call(s). Meeting records show 1 meeting(s) at Delhi, Najafgarh. This relationship type is a synthetic investigative-data label for demonstration."
REL00176,P0051,Ravi Chaudhary,P0300,Rohan Goyal,8,2026-04-13 08:37 | 2026-04-14 02:07 | 2026-04-27 06:51 | 2026-05-10 13:46 | 2026-05-12 04:32 | 2026-06-07 12:03 | 2026-06-20 12:49 | 2026-08-11 03:40,423 | 1007 | 612 | 1324 | 795 | 177 | 157 | 458,4953,5,2026-01-26 05:07 | 2026-03-06 01:56 | 2026-04-21 17:38 | 2026-07-16 08:18 | 2026-08-10 17:41,58613.63 | 127862.21 | 165386.66 | 83974.14 | 63714.63,499551.27,3,2026-02-09 09:17 | 2026-05-20 18:12 | 2026-06-09 08:56,"Delhi, Okhla | Delhi, Pitampura | Noida, Sector 27",1,0.9292,Relative,"Relationship type: Relative. Phone records show 8 call(s). Transaction records show 5 transaction(s) totaling ₹499,551. Meeting records show 3 meeting(s) at Delhi, Okhla ,  Delhi, Pitampura ,  Noida, Sector 27. This relationship type is a synthetic investigative-data label for demonstration."
REL00203,P0113,Ananya Aggarwal,P0176,Rahul Mishra,10,2026-02-17 23:42 | 2026-02-19 17:05 | 2026-03-12 13:24 | 2026-03-24 19:48 | 2026-04-12 16:03 | 2026-04-21 13:38 | 2026-04-22 03:40 | 2026-06-30 06:17 | 2026-07-10 19:06 | 2026-08-20 19:25,367 | 69 | 1601 | 657 | 709 | 675 | 177 | 1399 | 724 | 514,6892,6,2026-01-16 15:40 | 2026-01-29 05:41 | 2026-04-21 13:56 | 2026-05-17 22:47 | 2026-06-09 00:54 | 2026-07-13 08:20,118996.10 | 125103.13 | 95196.29 | 56779.16 | 128051.72 | 143624.91,667751.31,2,2026-02-07 05:32 | 2026-06-12 15:58,"Noida, Sector 27 | Noida, Sector 27",1,0.99,Spouse,"Relationship type: Spouse. Phone records show 10 call(s). Transaction records show 6 transaction(s) totaling ₹667,751. Meeting records show 2 meeting(s) at Noida, Sector 27 ,  Noida, Sector 27. This relationship type is a synthetic investigative-data label for demonstration."
REL00228,P0064,Shreya Verma,P0139,Yash Singh,4,2026-01-21 11:29 | 2026-04-19 03:29 | 2026-08-02 15:15 | 2026-08-10 20:57,371 | 194 | 559 | 509,1633,0,,,0.0,0,,,0,0.3182,Former Partner,Relationship type: Former Partner. Phone records show 4 call(s). This relationship type is a synthetic investigative-data label for demonstration.
REL00144,P0153,Preeti Bhati,P0423,Divya Chaudhary,23,2026-01-10 00:57 | 2026-01-29 14:58 | 2026-01-30 02:21 | 2026-02-19 03:11 | 2026-02-26 23:14 | 2026-03-01 21:12 | 2026-03-14 18:50 | 2026-03-21 20:53 | 2026-03-24 00:31 | 2026-03-24 10:53 | 2026-03-31 21:38 | 2026-04-02 00:05 | 2026-04-05 14:03 | 2026-04-17 07:10 | 2026-04-17 12:08 | 2026-05-28 17:58 | 2026-06-14 21:07 | 2026-07-16 04:03 | 2026-08-15 11:44 | 2026-08-23 15:02 | 2026-08-27 01:44 | 2026-08-27 09:07 | 2026-08-28 09:12,1560 | 275 | 1519 | 1056 | 792 | 255 | 879 | 1078 | 901 | 1437 | 462 | 1329 | 1350 | 1084 | 1739 | 1383 | 1777 | 1172 | 517 | 857 | 1395 | 518 | 1761,25096,9,2026-01-08 12:03 | 2026-01-29 06:35 | 2026-03-10 10:29 | 2026-03-26 07:44 | 2026-04-13 03:30 | 2026-07-15 21:34 | 2026-07-16 10:04 | 2026-08-06 17:07 | 2026-08-10 17:05,119398.86 | 167839.75 | 102805.08 | 179218.43 | 133275.26 | 10192.46 | 62154.42 | 142487.24 | 94090.16,1011461.66,4,2026-03-01 15:05 | 2026-04-01 16:14 | 2026-04-24 07:44 | 2026-07-10 05:27,"Gurugram, DLF Phase 2 | Faridabad, Sector 37 | Gurugram, DLF Phase 3 | Greater Noida, Alpha 1",1,0.99,Sister,"Relationship type: Sister. Phone records show 23 call(s). Transaction records show 9 transaction(s) totaling ₹1,011,462. Meeting records show 4 meeting(s) at Gurugram, DLF Phase 2 ,  Faridabad, Sector 37 ,  Gurugram, DLF Phase 3 ,  Greater Noida, Alpha 1. This relationship type is a synthetic investigative-data label for demonstration."
REL00120,P0391,Simran Aggarwal,P0563,Mehak Narang,14,2026-01-01 23:37 | 2026-01-06 10:10 | 2026-02-11 16:43 | 2026-02-12 03:40 | 2026-02-19 09:19 | 2026-03-19 12:37 | 2026-03-27 13:45 | 2026-03-31 03:42 | 2026-04-06 19:20 | 2026-04-07 03:17 | 2026-06-17 15:33 | 2026-07-21 15:52 | 2026-08-13 01:16 | 2026-08-19 20:23,649 | 1018 | 38 | 1414 | 784 | 1161 | 729 | 382 | 519 | 1313 | 1621 | 1285 | 670 | 1591,13174,8,2026-01-03 18:02 | 2026-01-12 13:37 | 2026-03-04 02:39 | 2026-03-06 08:08 | 2026-03-15 20:08 | 2026-04-05 16:16 | 2026-05-07 02:42 | 2026-07-08 05:04,137691.30 | 87330.26 | 137558.38 | 48906.11 | 143212.50 | 34907.68 | 100731.93 | 79035.23,769373.39,5,2026-01-25 13:45 | 2026-03-17 16:56 | 2026-05-31 01:23 | 2026-06-09 17:12 | 2026-08-06 07:52,"Greater Noida, Alpha 1 | Delhi, Karol Bagh | Noida, Sector 15 | Faridabad, Sector 15 | Delhi, Laxmi Nagar",1,0.99,Family,"Relationship type: Family. Phone records show 14 call(s). Transaction records show 8 transaction(s) totaling ₹769,373. Meeting records show 5 meeting(s) at Greater Noida, Alpha 1 ,  Delhi, Karol Bagh ,  Noida, Sector 15 ,  Faridabad, Sector 15 ,  Delhi, Laxmi Nagar. This relationship type is a synthetic investigative-data label for demonstration."
REL00606,P0097,Aditi Jain,P0307,Ravi Saini,3,2026-03-10 02:55 | 2026-05-03 15:15 | 2026-08-07 23:41,76 | 609 | 267,952,0,,,0.0,0,,,0,0.2866,Neighbour,Relationship type: Neighbour. Phone records show 3 call(s). This relationship type is a synthetic investigative-data label for demonstration.
REL00224,P0459,Priya Bhardwaj,P0518,Tanya Saxena,1,2026-03-05 14:21,238,238,0,,,0.0,1,2026-06-19 02:45,"Delhi, Shahdara",0,0.0714,Colleague,"Relationship type: Colleague. Phone records show 1 call(s). Meeting records show 1 meeting(s) at Delhi, Shahdara. This relationship type is a synthetic investigative-data label for demonstration."
REL00548,P0222,Karan Jain,P0574,Varun Pandey,1,2026-07-29 11:30,74,74,1,2026-01-19 19:15,20801.01,20801.01,0,,,0,0.2683,Former Partner,"Relationship type: Former Partner. Phone records show 1 call(s). Transaction records show 1 transaction(s) totaling ₹20,801. This relationship type is a synthetic investigative-data label for demonstration."
REL00470,P0087,Neha Kapoor,P0316,Arjun Bhardwaj,2,2026-06-02 01:01 | 2026-08-28 15:21,205 | 288,493,1,2026-03-31 15:16,2619.72,2619.72,0,,,0,0.1666,Associate,"Relationship type: Associate. Phone records show 2 call(s). Transaction records show 1 transaction(s) totaling ₹2,620. This relationship type is a synthetic investigative-data label for demonstration."
REL00079,P0330,Muskan Kumar,P0365,Priya Mishra,25,2026-01-04 11:00 | 2026-01-14 15:45 | 2026-01-25 14:39 | 2026-01-27 18:23 | 2026-01-28 10:38 | 2026-02-08 14:52 | 2026-02-16 12:34 | 2026-02-19 05:04 | 2026-03-02 18:56 | 2026-03-24 07:23 | 2026-03-27 06:10 | 2026-04-04 07:01 | 2026-04-13 07:52 | 2026-04-28 18:49 | 2026-05-13 06:02 | 2026-05-18 18:20 | 2026-05-30 10:58 | 2026-06-24 07:07 | 2026-06-25 08:29 | 2026-07-14 14:37 | 2026-07-19 21:20 | 2026-07-29 09:09 | 2026-07-31 01:10 | 2026-07-31 07:32 | 2026-08-18 12:24,936 | 271 | 1527 | 534 | 1337 | 382 | 1654 | 1005 | 1146 | 765 | 1421 | 1020 | 1404 | 1653 | 1365 | 445 | 1521 | 119 | 150 | 655 | 630 | 439 | 121 | 360 | 1732,22592,4,2026-02-09 16:23 | 2026-04-05 17:53 | 2026-04-11 02:48 | 2026-07-07 16:05,71019.87 | 56194.86 | 172749.95 | 148540.98,448505.66,2,2026-06-28 05:38 | 2026-07-04 00:34,"Gurugram, Sector 29 | Delhi, Pitampura",1,0.99,Relative,"Relationship type: Relative. Phone records show 25 call(s). Transaction records show 4 transaction(s) totaling ₹448,506. Meeting records show 2 meeting(s) at Gurugram, Sector 29 ,  Delhi, Pitampura. This relationship type is a synthetic investigative-data label for demonstration."
REL00233,P0501,Ananya Aggarwal,P0534,Sumit Rana,0,,,0,0,,,0.0,0,,,0,0.0153,Neighbour,"Relationship type: Neighbour. No direct call, transaction, or meeting evidence is recorded in this dataset. This relationship type is a synthetic investigative-data label for demonstration."
REL00634,P0093,Kavya Sharma,P0442,Nikhil Yadav,0,,,0,0,,,0.0,1,2026-04-08 13:54,"Faridabad, Sector 15",0,0.2633,Neighbour,"Relationship type: Neighbour. Meeting records show 1 meeting(s) at Faridabad, Sector 15. This relationship type is a synthetic investigative-data label for demonstration."
REL00319,P0143,Aditya Kumar,P0436,Vikas Goyal,2,2026-02-04 09:12 | 2026-08-26 19:07,29 | 79,108,0,,,0.0,1,2026-02-08 12:36,"Greater Noida, Pari Chowk",0,0.3205,Former Partner,"Relationship type: Former Partner. Phone records show 2 call(s). Meeting records show 1 meeting(s) at Greater Noida, Pari Chowk. This relationship type is a synthetic investigative-data label for demonstration."
REL00196,P0237,Sonam Meena,P0355,Naina Ahuja,21,2026-01-08 13:23 | 2026-01-25 10:53 | 2026-01-25 16:46 | 2026-02-02 08:45 | 2026-02-11 00:16 | 2026-03-18 07:02 | 2026-03-19 11:37 | 2026-03-25 00:00 | 2026-04-05 23:59 | 2026-04-23 11:18 | 2026-05-29 08:07 | 2026-06-06 06:03 | 2026-06-17 02:47 | 2026-06-27 02:21 | 2026-07-09 09:04 | 2026-07-11 21:45 | 2026-07-18 00:29 | 2026-07-20 08:28 | 2026-07-31 01:04 | 2026-07-31 20:43 | 2026-08-04 16:04,1142 | 694 | 740 | 359 | 931 | 1446 | 1282 | 372 | 880 | 1708 | 568 | 1479 | 1304 | 1254 | 598 | 164 | 986 | 1122 | 387 | 304 | 1740,19460,1,2026-04-10 03:51,74202.45,74202.45,2,2026-02-24 20:37 | 2026-04-02 20:21,"Greater Noida, Pari Chowk | Ghaziabad, Vaishali",1,0.8766,Partner,"Relationship type: Partner. Phone records show 21 call(s). Transaction records show 1 transaction(s) totaling ₹74,202. Meeting records show 2 meeting(s) at Greater Noida, Pari Chowk ,  Ghaziabad, Vaishali. This relationship type is a synthetic investigative-data label for demonstration."
REL00031,P0142,Manish Bhardwaj,P0548,Priya Saini,4,2026-02-17 09:13 | 2026-04-06 23:06 | 2026-05-02 17:14 | 2026-06-02 16:18,1084 | 507 | 1468 | 1550,4609,2,2026-06-26 13:56 | 2026-07-31 17:51,126384.18 | 161377.06,287761.24,2,2026-03-29 11:29 | 2026-06-22 14:51,"Delhi, Pitampura | Delhi, Saket",1,0.8062,Relative,"Relationship type: Relative. Phone records show 4 call(s). Transaction records show 2 transaction(s) totaling ₹287,761. Meeting records show 2 meeting(s) at Delhi, Pitampura ,  Delhi, Saket. This relationship type is a synthetic investigative-data label for demonstration."
REL00495,P0376,Varun Malik,P0392,Deepak Dahiya,4,2026-03-06 15:10 | 2026-05-31 12:57 | 2026-07-12 09:17 | 2026-08-24 04:20,112 | 97 | 370 | 423,1002,1,2026-06-25 14:13,14344.12,14344.12,0,,,0,0.1912,Associate,"Relationship type: Associate. Phone records show 4 call(s). Transaction records show 1 transaction(s) totaling ₹14,344. This relationship type is a synthetic investigative-data label for demonstration."
REL00293,P0325,Preeti Singh,P0330,Muskan Kumar,1,2026-02-18 19:09,695,695,0,,,0.0,1,2026-05-26 00:28,"Gurugram, Sector 29",0,0.1764,Former Partner,"Relationship type: Former Partner. Phone records show 1 call(s). Meeting records show 1 meeting(s) at Gurugram, Sector 29. This relationship type is a synthetic investigative-data label for demonstration."
REL00075,P0481,Komal Bhati,P0588,Sakshi Arora,17,2026-01-19 21:43 | 2026-01-21 01:18 | 2026-02-21 08:01 | 2026-02-27 00:07 | 2026-03-02 09:11 | 2026-04-19 21:27 | 2026-05-21 19:59 | 2026-05-26 21:17 | 2026-06-03 23:37 | 2026-06-11 23:46 | 2026-06-22 10:02 | 2026-07-01 13:17 | 2026-07-02 05:26 | 2026-07-17 10:54 | 2026-08-03 22:03 | 2026-08-20 01:33 | 2026-08-23 11:15,1268 | 374 | 1800 | 1408 | 748 | 1520 | 923 | 1737 | 1282 | 1320 | 173 | 1235 | 24 | 1621 | 1429 | 1145 | 440,18447,8,2026-01-09 04:11 | 2026-02-13 17:36 | 2026-04-13 05:38 | 2026-05-16 12:36 | 2026-06-05 00:53 | 2026-06-28 17:26 | 2026-07-17 05:56 | 2026-08-27 18:59,28864.33 | 33222.11 | 117117.32 | 54144.39 | 91943.46 | 138414.67 | 117298.63 | 103486.32,684491.23,7,2026-01-16 05:13 | 2026-02-19 12:21 | 2026-04-07 00:04 | 2026-04-07 05:36 | 2026-07-06 03:08 | 2026-08-11 16:13 | 2026-08-27 09:00,"Gurugram, DLF Phase 2 | Gurugram, Manesar | Gurugram, Udyog Vihar | Delhi, Mayur Vihar | Delhi, Dwarka | Delhi, Karol Bagh | Gurugram, Sector 14",1,0.99,Sister,"Relationship type: Sister. Phone records show 17 call(s). Transaction records show 8 transaction(s) totaling ₹684,491. Meeting records show 7 meeting(s) at Gurugram, DLF Phase 2 ,  Gurugram, Manesar ,  Gurugram, Udyog Vihar ,  Delhi, Mayur Vihar ,  Delhi, Dwarka ,  Delhi, Karol Bagh ,  Gurugram, Sector 14. This relationship type is a synthetic investigative-data label for demonstration."
REL00409,P0075,Ankit Kapoor,P0536,Sumit Saini,0,,,0,1,2026-04-18 21:26,20880.73,20880.73,0,,,0,0.274,Associate,"Relationship type: Associate. Transaction records show 1 transaction(s) totaling ₹20,881. This relationship type is a synthetic investigative-data label for demonstration."
REL00058,P0378,Aditi Sharma,P0418,Muskan Saini,16,2026-01-02 13:55 | 2026-02-02 17:18 | 2026-02-27 17:01 | 2026-03-18 12:15 | 2026-04-09 08:53 | 2026-04-18 01:34 | 2026-05-01 05:13 | 2026-05-12 19:30 | 2026-05-12 20:59 | 2026-05-30 22:51 | 2026-07-06 17:07 | 2026-07-12 18:09 | 2026-07-20 14:43 | 2026-07-21 21:38 | 2026-08-04 13:39 | 2026-08-16 01:17,1715 | 1367 | 697 | 1328 | 213 | 431 | 262 | 134 | 834 | 559 | 904 | 1567 | 1419 | 965 | 147 | 1026,13568,6,2026-02-06 23:07 | 2026-02-24 03:30 | 2026-02-25 20:45 | 2026-05-22 04:45 | 2026-05-28 03:08 | 2026-08-21 19:57,51273.00 | 170833.24 | 4978.15 | 120901.17 | 138499.09 | 84520.93,571005.58,4,2026-05-13 13:13 | 2026-07-13 04:35 | 2026-07-31 15:15 | 2026-08-08 13:02,"Delhi, Narela | Noida, Sector 62 | Noida, Sector 18 | Greater Noida, Alpha 1",1,0.99,Father,"Relationship type: Father. Phone records show 16 call(s). Transaction records show 6 transaction(s) totaling ₹571,006. Meeting records show 4 meeting(s) at Delhi, Narela ,  Noida, Sector 62 ,  Noida, Sector 18 ,  Greater Noida, Alpha 1. This relationship type is a synthetic investigative-data label for demonstration."
REL00014,P0018,Divya Khanna,P0272,Nikhil Rawat,8,2026-02-04 00:36 | 2026-02-11 10:24 | 2026-02-11 15:07 | 2026-03-05 15:47 | 2026-04-14 10:20 | 2026-06-03 21:32 | 2026-06-14 01:30 | 2026-08-08 13:06,1143 | 299 | 1597 | 1068 | 1487 | 417 | 841 | 392,7244,6,2026-03-12 08:29 | 2026-05-20 13:20 | 2026-08-08 23:31 | 2026-08-13 06:16 | 2026-08-20 16:44 | 2026-08-29 20:26,32014.00 | 134983.48 | 85530.80 | 172471.40 | 142676.88 | 75351.46,643028.02,2,2026-05-14 00:22 | 2026-08-17 03:41,"Gurugram, Udyog Vihar | Noida, Greater Noida West",1,0.9328,Sister,"Relationship type: Sister. Phone records show 8 call(s). Transaction records show 6 transaction(s) totaling ₹643,028. Meeting records show 2 meeting(s) at Gurugram, Udyog Vihar ,  Noida, Greater Noida West. This relationship type is a synthetic investigative-data label for demonstration."
REL00392,P0204,Riya Singh,P0357,Aditi Singh,1,2026-06-06 17:07,445,445,1,2026-08-11 15:43,27088.49,27088.49,0,,,0,0.0799,Neighbour,"Relationship type: Neighbour. Phone records show 1 call(s). Transaction records show 1 transaction(s) totaling ₹27,088. This relationship type is a synthetic investigative-data label for demonstration."
REL00656,P0318,Isha Sharma,P0485,Ananya Tiwari,1,2026-07-04 11:55,276,276,0,,,0.0,0,,,0,0.1938,Associate,Relationship type: Associate. Phone records show 1 call(s). This relationship type is a synthetic investigative-data label for demonstration.
REL00562,P0185,Varun Mishra,P0575,Saurabh Ahuja,0,,,0,0,,,0.0,0,,,0,0.2258,Acquaintance,"Relationship type: Acquaintance. No direct call, transaction, or meeting evidence is recorded in this dataset. This relationship type is a synthetic investigative-data label for demonstration."
REL00353,P0145,Mohit Pandey,P0527,Varun Kumar,3,2026-02-04 15:50 | 2026-02-11 02:30 | 2026-03-24 21:04,322 | 638 | 165,1125,0,,,0.0,2,2026-02-01 17:50 | 2026-07-13 02:50,"Noida, Greater Noida West | Delhi, Rohini",0,0.1211,Colleague,"Relationship type: Colleague. Phone records show 3 call(s). Meeting records show 2 meeting(s) at Noida, Greater Noida West ,  Delhi, Rohini. This relationship type is a synthetic investigative-data label for demonstration."
REL00150,P0088,Pooja Khanna,P0119,Neha Chaudhary,23,2026-01-23 20:29 | 2026-01-28 10:52 | 2026-02-01 06:40 | 2026-02-28 02:49 | 2026-03-10 16:18 | 2026-03-17 14:09 | 2026-04-14 00:05 | 2026-05-17 23:18 | 2026-05-18 23:13 | 2026-05-21 15:14 | 2026-06-05 04:07 | 2026-06-12 03:38 | 2026-06-12 18:07 | 2026-06-24 12:11 | 2026-06-25 01:11 | 2026-06-27 15:43 | 2026-07-07 14:26 | 2026-07-11 08:19 | 2026-07-13 09:28 | 2026-07-24 06:52 | 2026-07-30 16:05 | 2026-08-12 02:59 | 2026-08-27 22:33,1379 | 1118 | 920 | 270 | 1454 | 1249 | 136 | 997 | 907 | 24 | 1792 | 969 | 315 | 1540 | 868 | 357 | 25 | 836 | 487 | 1388 | 395 | 506 | 1479,19411,3,2026-05-24 13:23 | 2026-07-17 02:45 | 2026-08-24 13:59,116826.89 | 74662.35 | 158215.64,349704.88,1,2026-06-08 19:50,"Noida, Sector 15",1,0.8576,Relative,"Relationship type: Relative. Phone records show 23 call(s). Transaction records show 3 transaction(s) totaling ₹349,705. Meeting records show 1 meeting(s) at Noida, Sector 15. This relationship type is a synthetic investigative-data label for demonstration."
REL00194,P0106,Kavya Sharma,P0301,Rahul Saini,8,2026-01-26 23:19 | 2026-02-27 07:10 | 2026-03-03 22:35 | 2026-03-22 13:28 | 2026-04-03 18:45 | 2026-05-31 08:20 | 2026-07-07 21:12 | 2026-07-13 20:29,946 | 564 | 1127 | 758 | 77 | 970 | 264 | 897,5603,2,2026-01-27 01:05 | 2026-02-26 04:55,72226.93 | 42061.67,114288.6,4,2026-03-18 16:17 | 2026-06-14 19:40 | 2026-08-08 01:26 | 2026-08-11 12:54,"Greater Noida, Alpha 1 | Delhi, Rohini | Gurugram, Sector 18 | Noida, Sector 27",1,0.9106,Father,"Relationship type: Father. Phone records show 8 call(s). Transaction records show 2 transaction(s) totaling ₹114,289. Meeting records show 4 meeting(s) at Greater Noida, Alpha 1 ,  Delhi, Rohini ,  Gurugram, Sector 18 ,  Noida, Sector 27. This relationship type is a synthetic investigative-data label for demonstration."
REL00108,P0202,Manish Gupta,P0312,Vivaan Singh,19,2026-01-28 13:37 | 2026-03-08 14:16 | 2026-03-10 15:18 | 2026-03-14 01:43 | 2026-03-21 11:14 | 2026-03-21 17:30 | 2026-04-02 12:46 | 2026-04-06 09:36 | 2026-05-30 05:46 | 2026-06-04 17:16 | 2026-06-18 14:41 | 2026-06-22 16:39 | 2026-07-01 18:48 | 2026-07-08 11:21 | 2026-07-13 06:52 | 2026-07-13 13:30 | 2026-07-26 10:52 | 2026-08-11 08:10 | 2026-08-17 20:17,1627 | 1300 | 817 | 1062 | 1722 | 859 | 721 | 35 | 525 | 713 | 1525 | 759 | 778 | 1349 | 1796 | 658 | 1645 | 796 | 662,19349,1,2026-04-30 06:54,111429.41,111429.41,4,2026-02-22 18:41 | 2026-06-02 14:26 | 2026-06-08 15:02 | 2026-08-05 01:53,"Ghaziabad, Raj Nagar | Gurugram, Manesar | Gurugram, Sohna Road | Ghaziabad, Crossings Republik",1,0.8934,Sister,"Relationship type: Sister. Phone records show 19 call(s). Transaction records show 1 transaction(s) totaling ₹111,429. Meeting records show 4 meeting(s) at Ghaziabad, Raj Nagar ,  Gurugram, Manesar ,  Gurugram, Sohna Road ,  Ghaziabad, Crossings Republik. This relationship type is a synthetic investigative-data label for demonstration."
REL00223,P0125,Rahul Chauhan,P0385,Aditi Ahuja,2,2026-01-30 06:09 | 2026-07-06 12:40,253 | 544,797,1,2026-02-26 10:54,5562.72,5562.72,0,,,0,0.2246,Former Partner,"Relationship type: Former Partner. Phone records show 2 call(s). Transaction records show 1 transaction(s) totaling ₹5,563. This relationship type is a synthetic investigative-data label for demonstration."
REL00076,P0228,Amit Kapoor,P0447,Priya Malik,23,2026-01-07 10:50 | 2026-02-04 13:16 | 2026-02-11 23:15 | 2026-02-27 06:46 | 2026-03-30 21:00 | 2026-04-11 01:28 | 2026-04-16 01:08 | 2026-04-16 01:29 | 2026-04-22 12:08 | 2026-04-25 20:16 | 2026-04-26 05:54 | 2026-05-11 12:19 | 2026-05-21 13:40 | 2026-05-26 08:39 | 2026-06-10 14:25 | 2026-06-14 10:31 | 2026-06-21 05:07 | 2026-06-30 10:41 | 2026-07-11 08:29 | 2026-07-16 02:00 | 2026-08-02 20:15 | 2026-08-15 16:06 | 2026-08-23 03:03,1326 | 1733 | 1124 | 306 | 1744 | 1323 | 79 | 318 | 1180 | 573 | 1084 | 777 | 1726 | 205 | 1696 | 1718 | 1453 | 381 | 1594 | 30 | 1617 | 1067 | 1502,24556,3,2026-01-08 17:24 | 2026-04-21 13:45 | 2026-07-30 18:51,89998.35 | 20155.16 | 88479.90,198633.41,1,2026-08-01 00:17,"Ghaziabad, Raj Nagar",1,0.9152,Partner,"Relationship type: Partner. Phone records show 23 call(s). Transaction records show 3 transaction(s) totaling ₹198,633. Meeting records show 1 meeting(s) at Ghaziabad, Raj Nagar. This relationship type is a synthetic investigative-data label for demonstration."
REL00029,P0112,Sakshi Bansal,P0213,Pooja Tyagi,4,2026-01-09 03:20 | 2026-02-09 07:35 | 2026-06-13 00:40 | 2026-06-18 01:41,241 | 888 | 491 | 905,2525,5,2026-01-09 23:25 | 2026-01-21 17:58 | 2026-02-06 23:22 | 2026-03-23 01:16 | 2026-03-25 16:24,43259.92 | 81571.72 | 51861.04 | 104353.95 | 154070.38,435117.01,4,2026-01-08 07:04 | 2026-02-10 16:16 | 2026-03-11 23:52 | 2026-07-02 01:18,"Delhi, Saket | Ghaziabad, Raj Nagar | Delhi, Okhla | Ghaziabad, Kaushambi",1,0.8263,Father,"Relationship type: Father. Phone records show 4 call(s). Transaction records show 5 transaction(s) totaling ₹435,117. Meeting records show 4 meeting(s) at Delhi, Saket ,  Ghaziabad, Raj Nagar ,  Delhi, Okhla ,  Ghaziabad, Kaushambi. This relationship type is a synthetic investigative-data label for demonstration."
REL00655,P0369,Aarav Gupta,P0527,Varun Kumar,4,2026-01-06 12:49 | 2026-01-23 18:38 | 2026-05-30 13:46 | 2026-07-13 15:10,95 | 697 | 299 | 167,1258,0,,,0.0,0,,,0,0.0495,Colleague,Relationship type: Colleague. Phone records show 4 call(s). This relationship type is a synthetic investigative-data label for demonstration.
REL00225,P0041,Arjun Sharma,P0096,Preeti Sharma,1,2026-08-23 06:33,312,312,2,2026-01-20 23:28 | 2026-08-23 13:09,29712.46 | 14997.03,44709.49,0,,,0,0.0614,Colleague,"Relationship type: Colleague. Phone records show 1 call(s). Transaction records show 2 transaction(s) totaling ₹44,709. This relationship type is a synthetic investigative-data label for demonstration."
REL00085,P0187,Divya Saxena,P0573,Neha Gupta,18,2026-01-04 07:17 | 2026-01-21 11:25 | 2026-02-05 08:35 | 2026-02-13 10:56 | 2026-03-23 18:09 | 2026-04-04 18:57 | 2026-04-08 00:49 | 2026-04-08 12:16 | 2026-04-13 16:54 | 2026-05-10 21:09 | 2026-05-17 08:23 | 2026-06-06 04:00 | 2026-06-07 16:09 | 2026-06-22 08:08 | 2026-06-27 12:17 | 2026-07-14 11:52 | 2026-07-17 05:42 | 2026-08-11 23:39,948 | 1444 | 1779 | 135 | 430 | 1168 | 715 | 1595 | 1623 | 718 | 1243 | 261 | 1247 | 937 | 989 | 1518 | 595 | 432,17777,2,2026-01-28 10:53 | 2026-04-11 15:05,167443.22 | 111000.55,278443.77,8,2026-01-01 18:02 | 2026-01-29 21:35 | 2026-02-26 20:42 | 2026-05-10 20:20 | 2026-06-04 04:47 | 2026-06-14 15:30 | 2026-06-23 23:27 | 2026-07-01 04:56,"Delhi, Pitampura | Greater Noida, Pari Chowk | Noida, Sector 16 | Gurugram, Udyog Vihar | Ghaziabad, Kaushambi | Delhi, Laxmi Nagar | Ghaziabad, Crossings Republik | Ghaziabad, Vaishali",1,0.9534,Spouse,"Relationship type: Spouse. Phone records show 18 call(s). Transaction records show 2 transaction(s) totaling ₹278,444. Meeting records show 8 meeting(s) at Delhi, Pitampura ,  Greater Noida, Pari Chowk ,  Noida, Sector 16 ,  Gurugram, Udyog Vihar ,  Ghaziabad, Kaushambi ,  Delhi, Laxmi Nagar ,  Ghaziabad, Crossings Republik ,  Ghaziabad, Vaishali. This relationship type is a synthetic investigative-data label for demonstration."
REL00426,P0073,Tanya Arora,P0401,Aditi Chauhan,0,,,0,1,2026-03-10 01:23,14218.71,14218.71,0,,,0,0.1517,Neighbour,"Relationship type: Neighbour. Transaction records show 1 transaction(s) totaling ₹14,219. This relationship type is a synthetic investigative-data label for demonstration."
REL00492,P0217,Harsh Bansal,P0482,Harsh Yadav,4,2026-01-26 09:52 | 2026-02-04 11:59 | 2026-03-18 00:09 | 2026-04-04 22:14,149 | 495 | 217 | 606,1467,0,,,0.0,0,,,0,0.2749,Associate,Relationship type: Associate. Phone records show 4 call(s). This relationship type is a synthetic investigative-data label for demonstration.
REL00399,P0478,Vivaan Bhardwaj,P0479,Tanya Khanna,1,2026-01-05 16:45,677,677,0,,,0.0,1,2026-07-23 13:50,"Gurugram, Manesar",0,0.1758,Colleague,"Relationship type: Colleague. Phone records show 1 call(s). Meeting records show 1 meeting(s) at Gurugram, Manesar. This relationship type is a synthetic investigative-data label for demonstration."
REL00565,P0448,Rohan Ahuja,P0542,Aditi Rawat,2,2026-02-09 10:23 | 2026-04-06 05:49,134 | 140,274,1,2026-06-20 08:13,19635.44,19635.44,2,2026-05-31 09:43 | 2026-07-27 11:43,"Gurugram, Sector 29 | Gurugram, DLF Phase 2",0,0.1986,Neighbour,"Relationship type: Neighbour. Phone records show 2 call(s). Transaction records show 1 transaction(s) totaling ₹19,635. Meeting records show 2 meeting(s) at Gurugram, Sector 29 ,  Gurugram, DLF Phase 2. This relationship type is a synthetic investigative-data label for demonstration."
REL00208,P0004,Divya Yadav,P0548,Priya Saini,23,2026-01-10 07:31 | 2026-01-15 12:06 | 2026-01-25 15:20 | 2026-02-05 20:49 | 2026-02-10 23:32 | 2026-02-22 01:15 | 2026-03-14 08:12 | 2026-03-21 18:05 | 2026-04-10 17:44 | 2026-04-20 05:47 | 2026-05-01 06:05 | 2026-05-02 22:58 | 2026-05-14 20:52 | 2026-05-31 20:58 | 2026-06-15 11:19 | 2026-06-27 22:03 | 2026-07-03 12:37 | 2026-07-08 15:54 | 2026-07-27 02:35 | 2026-07-27 04:33 | 2026-08-02 16:46 | 2026-08-04 07:49 | 2026-08-08 18:50,371 | 903 | 540 | 791 | 449 | 464 | 911 | 577 | 1052 | 60 | 1217 | 145 | 888 | 1341 | 951 | 764 | 786 | 1686 | 1667 | 261 | 1277 | 1063 | 658,18822,7,2026-01-19 07:36 | 2026-02-03 02:23 | 2026-02-12 21:35 | 2026-04-02 11:11 | 2026-04-22 05:33 | 2026-05-17 10:18 | 2026-06-19 06:05,26605.19 | 19374.22 | 117781.69 | 146156.68 | 124640.71 | 129761.71 | 127070.77,691390.97,2,2026-02-11 01:37 | 2026-05-15 23:33,"Ghaziabad, Vaishali | Greater Noida, Pari Chowk",1,0.99,Relative,"Relationship type: Relative. Phone records show 23 call(s). Transaction records show 7 transaction(s) totaling ₹691,391. Meeting records show 2 meeting(s) at Ghaziabad, Vaishali ,  Greater Noida, Pari Chowk. This relationship type is a synthetic investigative-data label for demonstration."
REL00009,P0078,Komal Dahiya,P0581,Preeti Gupta,23,2026-01-03 04:29 | 2026-01-10 17:46 | 2026-01-19 21:15 | 2026-02-12 16:22 | 2026-03-11 00:24 | 2026-03-21 08:22 | 2026-04-06 12:49 | 2026-04-08 23:39 | 2026-04-17 11:59 | 2026-04-27 13:17 | 2026-05-06 04:11 | 2026-05-23 15:22 | 2026-05-30 20:17 | 2026-05-31 21:13 | 2026-06-07 05:35 | 2026-06-15 04:02 | 2026-06-24 15:17 | 2026-07-09 03:14 | 2026-07-11 09:48 | 2026-07-13 09:40 | 2026-07-21 07:57 | 2026-07-28 02:26 | 2026-08-28 14:10,1386 | 343 | 1533 | 1077 | 50 | 1013 | 1045 | 928 | 800 | 1250 | 1509 | 742 | 1343 | 1048 | 27 | 1769 | 192 | 1097 | 133 | 906 | 1534 | 1473 | 298,21496,3,2026-01-13 09:51 | 2026-01-27 03:42 | 2026-06-29 01:32,113178.45 | 7996.63 | 102275.91,223450.99,5,2026-02-27 20:02 | 2026-04-15 04:25 | 2026-04-23 06:13 | 2026-07-30 00:57 | 2026-08-05 02:21,"Delhi, Mayur Vihar | Delhi, Pitampura | Ghaziabad, Kaushambi | Delhi, Najafgarh | Greater Noida, Knowledge Park",1,0.9535,Friend,"Relationship type: Friend. Phone records show 23 call(s). Transaction records show 3 transaction(s) totaling ₹223,451. Meeting records show 5 meeting(s) at Delhi, Mayur Vihar ,  Delhi, Pitampura ,  Ghaziabad, Kaushambi ,  Delhi, Najafgarh ,  Greater Noida, Knowledge Park. This relationship type is a synthetic investigative-data label for demonstration."
REL00550,P0345,Shreya Chaudhary,P0424,Ravi Yadav,0,,,0,0,,,0.0,0,,,0,0.1365,Colleague,"Relationship type: Colleague. No direct call, transaction, or meeting evidence is recorded in this dataset. This relationship type is a synthetic investigative-data label for demonstration."
REL00358,P0030,Jyoti Saxena,P0423,Divya Chaudhary,0,,,0,1,2026-05-27 13:42,7031.57,7031.57,1,2026-02-22 06:40,"Delhi, Narela",0,0.2694,Neighbour,"Relationship type: Neighbour. Transaction records show 1 transaction(s) totaling ₹7,032. Meeting records show 1 meeting(s) at Delhi, Narela. This relationship type is a synthetic investigative-data label for demonstration."
REL00590,P0529,Rohan Jain,P0557,Simran Meena,0,,,0,1,2026-06-20 08:59,24314.80,24314.8,0,,,0,0.0728,Acquaintance,"Relationship type: Acquaintance. Transaction records show 1 transaction(s) totaling ₹24,315. This relationship type is a synthetic investigative-data label for demonstration."
REL00593,P0045,Komal Singh,P0596,Amit Kumar,0,,,0,0,,,0.0,2,2026-03-25 15:26 | 2026-04-15 08:27,"Noida, Sector 62 | Delhi, Dwarka",0,0.2549,Associate,"Relationship type: Associate. Meeting records show 2 meeting(s) at Noida, Sector 62 ,  Delhi, Dwarka. This relationship type is a synthetic investigative-data label for demonstration."
REL00639,P0093,Kavya Sharma,P0491,Saurabh Bhardwaj,0,,,0,0,,,0.0,2,2026-05-16 05:54 | 2026-08-25 14:17,"Gurugram, Sector 29 | Faridabad, Sector 37",0,0.1176,Neighbour,"Relationship type: Neighbour. Meeting records show 2 meeting(s) at Gurugram, Sector 29 ,  Faridabad, Sector 37. This relationship type is a synthetic investigative-data label for demonstration."
REL00629,P0179,Sonam Bhardwaj,P0370,Rohan Arora,2,2026-05-10 12:27 | 2026-05-20 22:11,620 | 405,1025,0,,,0.0,1,2026-01-28 13:10,"Noida, Sector 18",0,0.2245,Colleague,"Relationship type: Colleague. Phone records show 2 call(s). Meeting records show 1 meeting(s) at Noida, Sector 18. This relationship type is a synthetic investigative-data label for demonstration."
REL00397,P0057,Sonam Saini,P0327,Vikas Verma,0,,,0,2,2026-02-06 15:58 | 2026-07-11 09:33,6025.09 | 26078.99,32104.08,1,2026-01-24 07:57,"Ghaziabad, Kaushambi",0,0.1563,Associate,"Relationship type: Associate. Transaction records show 2 transaction(s) totaling ₹32,104. Meeting records show 1 meeting(s) at Ghaziabad, Kaushambi. This relationship type is a synthetic investigative-data label for demonstration."
REL00421,P0037,Divya Narang,P0594,Sonam Malik,0,,,0,1,2026-01-24 05:54,25338.62,25338.62,0,,,0,0.3036,Associate,"Relationship type: Associate. Transaction records show 1 transaction(s) totaling ₹25,339. This relationship type is a synthetic investigative-data label for demonstration."
REL00304,P0030,Jyoti Saxena,P0147,Naina Pandey,1,2026-05-01 06:47,580,580,0,,,0.0,1,2026-07-12 15:40,"Gurugram, Manesar",0,0.2229,Colleague,"Relationship type: Colleague. Phone records show 1 call(s). Meeting records show 1 meeting(s) at Gurugram, Manesar. This relationship type is a synthetic investigative-data label for demonstration."
REL00257,P0224,Simran Yadav,P0557,Simran Meena,1,2026-06-26 17:03,345,345,2,2026-05-17 08:10 | 2026-08-15 16:20,23129.96 | 10863.78,33993.74,0,,,0,0.2864,Former Partner,"Relationship type: Former Partner. Phone records show 1 call(s). Transaction records show 2 transaction(s) totaling ₹33,994. This relationship type is a synthetic investigative-data label for demonstration."
REL00287,P0347,Aditya Bhati,P0485,Ananya Tiwari,3,2026-03-29 11:17 | 2026-08-05 19:47 | 2026-08-21 23:30,508 | 676 | 620,1804,0,,,0.0,0,,,0,0.324,Acquaintance,Relationship type: Acquaintance. Phone records show 3 call(s). This relationship type is a synthetic investigative-data label for demonstration.
REL00498,P0483,Harsh Mishra,P0504,Ankit Tyagi,3,2026-03-01 10:46 | 2026-05-31 10:51 | 2026-07-10 21:49,87 | 447 | 380,914,2,2026-03-01 12:11 | 2026-04-28 08:05,2026.40 | 6508.79,8535.19,1,2026-06-17 15:12,"Noida, Sector 18",0,0.1843,Neighbour,"Relationship type: Neighbour. Phone records show 3 call(s). Transaction records show 2 transaction(s) totaling ₹8,535. Meeting records show 1 meeting(s) at Noida, Sector 18. This relationship type is a synthetic investigative-data label for demonstration."
REL00458,P0175,Ravi Yadav,P0544,Yash Chauhan,1,2026-06-15 18:00,128,128,0,,,0.0,0,,,0,0.0126,Associate,Relationship type: Associate. Phone records show 1 call(s). This relationship type is a synthetic investigative-data label for demonstration.
REL00356,P0100,Amit Saini,P0442,Nikhil Yadav,0,,,0,0,,,0.0,1,2026-01-12 19:21,"Delhi, Okhla",0,0.2084,Colleague,"Relationship type: Colleague. Meeting records show 1 meeting(s) at Delhi, Okhla. This relationship type is a synthetic investigative-data label for demonstration."
REL00563,P0079,Mehak Meena,P0390,Ravi Khanna,1,2026-08-07 11:15,169,169,2,2026-03-14 12:45 | 2026-08-07 10:57,4261.91 | 24598.35,28860.26,1,2026-04-16 06:52,"Ghaziabad, Raj Nagar",0,0.1006,Former Partner,"Relationship type: Former Partner. Phone records show 1 call(s). Transaction records show 2 transaction(s) totaling ₹28,860. Meeting records show 1 meeting(s) at Ghaziabad, Raj Nagar. This relationship type is a synthetic investigative-data label for demonstration."
REL00558,P0055,Manish Singh,P0237,Sonam Meena,1,2026-02-02 18:07,591,591,0,,,0.0,2,2026-02-19 22:07 | 2026-03-02 08:57,"Noida, Sector 16 | Gurugram, Udyog Vihar",0,0.3348,Associate,"Relationship type: Associate. Phone records show 1 call(s). Meeting records show 2 meeting(s) at Noida, Sector 16 ,  Gurugram, Udyog Vihar. This relationship type is a synthetic investigative-data label for demonstration."
REL00254,P0281,Pooja Chaudhary,P0390,Ravi Khanna,1,2026-08-04 16:02,674,674,0,,,0.0,1,2026-02-27 02:23,"Gurugram, Sector 14",0,0.0969,Neighbour,"Relationship type: Neighbour. Phone records show 1 call(s). Meeting records show 1 meeting(s) at Gurugram, Sector 14. This relationship type is a synthetic investigative-data label for demonstration."
REL00402,P0269,Ankit Gupta,P0369,Aarav Gupta,0,,,0,2,2026-01-05 16:22 | 2026-06-28 03:35,3374.20 | 17751.99,21126.19,0,,,0,0.0335,Colleague,"Relationship type: Colleague. Transaction records show 2 transaction(s) totaling ₹21,126. This relationship type is a synthetic investigative-data label for demonstration."
REL00258,P0119,Neha Chaudhary,P0206,Mohit Goyal,3,2026-01-11 03:08 | 2026-05-20 20:36 | 2026-08-05 05:32,248 | 221 | 658,1127,0,,,0.0,1,2026-06-04 14:03,"Delhi, Okhla",0,0.1976,Acquaintance,"Relationship type: Acquaintance. Phone records show 3 call(s). Meeting records show 1 meeting(s) at Delhi, Okhla. This relationship type is a synthetic investigative-data label for demonstration."
REL00069,P0103,Ankit Goyal,P0278,Vikas Kumar,19,2026-02-07 14:33 | 2026-02-22 02:48 | 2026-02-22 06:08 | 2026-03-04 03:34 | 2026-04-28 20:35 | 2026-05-18 00:04 | 2026-05-29 19:05 | 2026-05-31 03:20 | 2026-06-06 02:27 | 2026-06-17 00:06 | 2026-06-27 02:26 | 2026-06-30 20:17 | 2026-07-10 20:47 | 2026-07-15 16:33 | 2026-07-26 00:33 | 2026-08-03 21:18 | 2026-08-05 18:19 | 2026-08-29 07:44 | 2026-08-29 13:26,622 | 204 | 588 | 948 | 693 | 142 | 839 | 771 | 1683 | 281 | 861 | 1747 | 785 | 1604 | 769 | 288 | 1695 | 1579 | 1403,17502,2,2026-06-05 13:40 | 2026-07-21 05:44,172485.58 | 143792.90,316278.48,3,2026-03-11 04:23 | 2026-04-03 10:24 | 2026-07-16 17:48,"Ghaziabad, Crossings Republik | Noida, Sector 18 | Delhi, Narela",1,0.9359,Mother,"Relationship type: Mother. Phone records show 19 call(s). Transaction records show 2 transaction(s) totaling ₹316,278. Meeting records show 3 meeting(s) at Ghaziabad, Crossings Republik ,  Noida, Sector 18 ,  Delhi, Narela. This relationship type is a synthetic investigative-data label for demonstration."
REL00490,P0243,Vivaan Arora,P0249,Shreya Sharma,2,2026-03-05 22:56 | 2026-08-18 06:27,394 | 72,466,0,,,0.0,1,2026-01-29 20:54,"Delhi, Rohini",0,0.124,Colleague,"Relationship type: Colleague. Phone records show 2 call(s). Meeting records show 1 meeting(s) at Delhi, Rohini. This relationship type is a synthetic investigative-data label for demonstration."
REL00603,P0264,Nikhil Saini,P0494,Amit Arora,3,2026-01-04 14:06 | 2026-02-14 23:17 | 2026-02-26 12:09,25 | 166 | 299,490,1,2026-06-11 15:27,12719.11,12719.11,2,2026-03-11 06:32 | 2026-04-06 18:40,"Noida, Sector 63 | Greater Noida, Pari Chowk",0,0.1226,Acquaintance,"Relationship type: Acquaintance. Phone records show 3 call(s). Transaction records show 1 transaction(s) totaling ₹12,719. Meeting records show 2 meeting(s) at Noida, Sector 63 ,  Greater Noida, Pari Chowk. This relationship type is a synthetic investigative-data label for demonstration."
REL00078,P0073,Tanya Arora,P0198,Jyoti Bansal,4,2026-01-11 18:56 | 2026-02-24 03:30 | 2026-03-06 07:48 | 2026-08-28 17:39,1001 | 1496 | 258 | 484,3239,5,2026-01-20 15:48 | 2026-02-10 17:38 | 2026-03-12 02:47 | 2026-05-17 10:38 | 2026-06-17 08:56,4271.31 | 137388.01 | 147899.88 | 18459.36 | 22763.14,330781.7,2,2026-06-09 21:13 | 2026-08-25 15:27,"Noida, Greater Noida West | Ghaziabad, Crossings Republik",1,0.836,Partner,"Relationship type: Partner. Phone records show 4 call(s). Transaction records show 5 transaction(s) totaling ₹330,782. Meeting records show 2 meeting(s) at Noida, Greater Noida West ,  Ghaziabad, Crossings Republik. This relationship type is a synthetic investigative-data label for demonstration."
REL00500,P0241,Naina Khanna,P0274,Naina Arora,3,2026-05-21 04:43 | 2026-07-23 20:58 | 2026-08-10 19:26,647 | 289 | 664,1600,0,,,0.0,1,2026-05-02 14:45,"Ghaziabad, Vaishali",0,0.2902,Associate,"Relationship type: Associate. Phone records show 3 call(s). Meeting records show 1 meeting(s) at Ghaziabad, Vaishali. This relationship type is a synthetic investigative-data label for demonstration."
REL00540,P0104,Vikas Singh,P0527,Varun Kumar,3,2026-05-21 17:50 | 2026-06-24 20:14 | 2026-08-12 10:53,148 | 180 | 106,434,0,,,0.0,0,,,0,0.1037,Colleague,Relationship type: Colleague. Phone records show 3 call(s). This relationship type is a synthetic investigative-data label for demonstration.
REL00382,P0037,Divya Narang,P0132,Rohan Arora,2,2026-01-19 15:45 | 2026-02-07 17:13,661 | 202,863,1,2026-01-26 12:11,8869.32,8869.32,1,2026-07-19 03:11,"Gurugram, DLF Phase 3",0,0.1975,Associate,"Relationship type: Associate. Phone records show 2 call(s). Transaction records show 1 transaction(s) totaling ₹8,869. Meeting records show 1 meeting(s) at Gurugram, DLF Phase 3. This relationship type is a synthetic investigative-data label for demonstration."
REL00311,P0463,Nikhil Dahiya,P0494,Amit Arora,1,2026-04-25 17:08,420,420,0,,,0.0,0,,,0,0.1176,Former Partner,Relationship type: Former Partner. Phone records show 1 call(s). This relationship type is a synthetic investigative-data label for demonstration.
REL00512,P0132,Rohan Arora,P0293,Mohit Sharma,0,,,0,0,,,0.0,0,,,0,0.1733,Former Partner,"Relationship type: Former Partner. No direct call, transaction, or meeting evidence is recorded in this dataset. This relationship type is a synthetic investigative-data label for demonstration."
REL00107,P0032,Sumit Yadav,P0367,Mohit Rawat,24,2026-01-21 04:08 | 2026-01-27 18:24 | 2026-02-02 01:49 | 2026-02-03 07:21 | 2026-02-12 01:36 | 2026-02-22 14:05 | 2026-03-13 15:35 | 2026-03-20 21:51 | 2026-03-21 22:41 | 2026-03-26 17:36 | 2026-03-28 01:46 | 2026-04-01 01:17 | 2026-04-06 21:07 | 2026-04-18 12:14 | 2026-04-22 21:14 | 2026-04-23 20:19 | 2026-05-03 01:28 | 2026-07-14 07:42 | 2026-07-25 03:00 | 2026-07-26 07:42 | 2026-08-10 21:48 | 2026-08-21 20:34 | 2026-08-26 10:33 | 2026-08-26 16:31,1621 | 912 | 920 | 1507 | 456 | 1508 | 1797 | 897 | 793 | 51 | 447 | 1750 | 1514 | 1443 | 1412 | 720 | 465 | 1328 | 1447 | 1585 | 1084 | 819 | 1489 | 1571,27536,7,2026-02-20 22:15 | 2026-02-23 22:43 | 2026-04-05 20:56 | 2026-05-19 00:30 | 2026-06-04 11:00 | 2026-06-25 05:20 | 2026-08-26 08:20,84717.45 | 15210.33 | 24920.12 | 8737.60 | 69745.56 | 25466.05 | 155583.91,384381.02,6,2026-03-10 01:54 | 2026-05-24 01:02 | 2026-06-06 22:10 | 2026-06-21 12:05 | 2026-07-15 17:48 | 2026-08-19 09:11,"Ghaziabad, Vaishali | Noida, Greater Noida West | Gurugram, Manesar | Ghaziabad, Vaishali | Delhi, Pitampura | Delhi, Najafgarh",1,0.99,Spouse,"Relationship type: Spouse. Phone records show 24 call(s). Transaction records show 7 transaction(s) totaling ₹384,381. Meeting records show 6 meeting(s) at Ghaziabad, Vaishali ,  Noida, Greater Noida West ,  Gurugram, Manesar ,  Ghaziabad, Vaishali ,  Delhi, Pitampura ,  Delhi, Najafgarh. This relationship type is a synthetic investigative-data label for demonstration."
REL00124,P0046,Aditya Mishra,P0600,Karan Singh,14,2026-02-21 11:13 | 2026-02-26 13:49 | 2026-03-10 12:22 | 2026-04-07 08:03 | 2026-04-10 18:03 | 2026-04-29 23:43 | 2026-05-01 16:50 | 2026-05-05 02:04 | 2026-05-25 03:18 | 2026-06-14 00:19 | 2026-06-18 08:54 | 2026-08-14 06:24 | 2026-08-16 14:00 | 2026-08-25 17:04,1305 | 631 | 163 | 1506 | 1426 | 75 | 416 | 927 | 127 | 33 | 1111 | 1356 | 417 | 1669,11162,1,2026-02-14 16:39,119482.24,119482.24,1,2026-03-10 00:46,"Delhi, Najafgarh",1,0.7469,Neighbour,"Relationship type: Neighbour. Phone records show 14 call(s). Transaction records show 1 transaction(s) totaling ₹119,482. Meeting records show 1 meeting(s) at Delhi, Najafgarh. This relationship type is a synthetic investigative-data label for demonstration."
REL00084,P0085,Saurabh Malik,P0562,Ananya Rawat,7,2026-01-08 09:53 | 2026-01-29 04:44 | 2026-02-28 04:44 | 2026-03-28 15:32 | 2026-04-10 05:54 | 2026-07-09 07:32 | 2026-08-02 12:18,810 | 1082 | 1269 | 1558 | 692 | 114 | 1278,6803,9,2026-01-24 23:01 | 2026-03-02 20:52 | 2026-04-08 00:57 | 2026-04-09 16:31 | 2026-05-25 16:33 | 2026-05-28 03:09 | 2026-06-28 00:25 | 2026-07-26 19:07 | 2026-08-18 05:35,20341.81 | 86616.75 | 21563.58 | 157445.48 | 64076.58 | 168370.37 | 3134.62 | 137698.20 | 119610.96,778858.35,2,2026-03-26 18:56 | 2026-06-25 10:43,"Noida, Greater Noida West | Gurugram, Sector 18",1,0.8936,Mother,"Relationship type: Mother. Phone records show 7 call(s). Transaction records show 9 transaction(s) totaling ₹778,858. Meeting records show 2 meeting(s) at Noida, Greater Noida West ,  Gurugram, Sector 18. This relationship type is a synthetic investigative-data label for demonstration."
REL00359,P0012,Ananya Chauhan,P0036,Simran Verma,2,2026-02-10 07:22 | 2026-07-26 02:02,233 | 87,320,0,,,0.0,0,,,0,0.1896,Neighbour,Relationship type: Neighbour. Phone records show 2 call(s). This relationship type is a synthetic investigative-data label for demonstration.
REL00547,P0044,Deepak Chaudhary,P0319,Aditya Yadav,1,2026-02-06 20:30,324,324,0,,,0.0,0,,,0,0.0286,Acquaintance,Relationship type: Acquaintance. Phone records show 1 call(s). This relationship type is a synthetic investigative-data label for demonstration.
REL00582,P0189,Manish Kapoor,P0563,Mehak Narang,3,2026-01-31 08:13 | 2026-04-30 17:13 | 2026-07-26 17:24,26 | 472 | 645,1143,1,2026-05-20 02:12,26104.77,26104.77,0,,,0,0.2141,Acquaintance,"Relationship type: Acquaintance. Phone records show 3 call(s). Transaction records show 1 transaction(s) totaling ₹26,105. This relationship type is a synthetic investigative-data label for demonstration."
REL00071,P0122,Kavya Narang,P0253,Shreya Gupta,25,2026-01-08 10:13 | 2026-02-09 19:40 | 2026-02-14 06:07 | 2026-02-17 07:57 | 2026-03-03 18:24 | 2026-03-08 03:14 | 2026-03-14 19:52 | 2026-03-21 03:50 | 2026-04-21 12:27 | 2026-05-01 07:18 | 2026-05-24 16:09 | 2026-06-01 02:11 | 2026-06-09 01:07 | 2026-06-09 10:15 | 2026-06-14 07:57 | 2026-06-20 06:51 | 2026-06-26 01:10 | 2026-06-28 13:35 | 2026-06-29 07:56 | 2026-07-05 00:09 | 2026-07-08 09:32 | 2026-07-10 11:55 | 2026-08-08 10:02 | 2026-08-13 04:50 | 2026-08-17 03:28,1118 | 1554 | 39 | 1482 | 959 | 630 | 249 | 1019 | 984 | 171 | 1131 | 654 | 233 | 1171 | 1157 | 1081 | 1658 | 1733 | 420 | 449 | 174 | 313 | 308 | 1584 | 949,21220,1,2026-08-14 13:03,106910.59,106910.59,4,2026-05-01 16:52 | 2026-06-11 15:37 | 2026-07-10 14:08 | 2026-08-05 19:35,"Noida, Sector 15 | Noida, Greater Noida West | Delhi, Laxmi Nagar | Gurugram, Sector 29",1,0.8455,Sister,"Relationship type: Sister. Phone records show 25 call(s). Transaction records show 1 transaction(s) totaling ₹106,911. Meeting records show 4 meeting(s) at Noida, Sector 15 ,  Noida, Greater Noida West ,  Delhi, Laxmi Nagar ,  Gurugram, Sector 29. This relationship type is a synthetic investigative-data label for demonstration."
REL00297,P0350,Kavya Arora,P0535,Vivaan Chaudhary,2,2026-01-26 14:52 | 2026-07-21 07:53,102 | 582,684,0,,,0.0,0,,,0,0.1774,Neighbour,Relationship type: Neighbour. Phone records show 2 call(s). This relationship type is a synthetic investigative-data label for demonstration.
REL00535,P0150,Rohan Rawat,P0456,Sumit Verma,2,2026-04-17 03:37 | 2026-08-24 08:35,359 | 82,441,2,2026-02-17 02:41 | 2026-07-10 15:23,26539.81 | 13380.59,39920.4,1,2026-01-07 18:38,"Noida, Sector 16",0,0.1901,Neighbour,"Relationship type: Neighbour. Phone records show 2 call(s). Transaction records show 2 transaction(s) totaling ₹39,920. Meeting records show 1 meeting(s) at Noida, Sector 16. This relationship type is a synthetic investigative-data label for demonstration."
REL00390,P0004,Divya Yadav,P0402,Aarav Bhati,0,,,0,0,,,0.0,1,2026-01-23 15:06,"Gurugram, DLF Phase 2",0,0.2784,Acquaintance,"Relationship type: Acquaintance. Meeting records show 1 meeting(s) at Gurugram, DLF Phase 2. This relationship type is a synthetic investigative-data label for demonstration."
REL00566,P0127,Naina Mishra,P0346,Jyoti Kumar,0,,,0,1,2026-05-01 21:31,14326.79,14326.79,1,2026-01-21 02:13,"Ghaziabad, Kaushambi",0,0.1838,Acquaintance,"Relationship type: Acquaintance. Transaction records show 1 transaction(s) totaling ₹14,327. Meeting records show 1 meeting(s) at Ghaziabad, Kaushambi. This relationship type is a synthetic investigative-data label for demonstration."
REL00637,P0223,Aditi Bhati,P0501,Ananya Aggarwal,4,2026-03-03 18:18 | 2026-03-15 10:00 | 2026-03-16 05:05 | 2026-08-17 23:14,269 | 113 | 386 | 487,1255,0,,,0.0,0,,,0,0.1018,Neighbour,Relationship type: Neighbour. Phone records show 4 call(s). This relationship type is a synthetic investigative-data label for demonstration.
REL00234,P0050,Aditya Malik,P0247,Karan Verma,3,2026-01-06 23:41 | 2026-05-29 07:41 | 2026-08-19 03:26,515 | 670 | 553,1738,0,,,0.0,0,,,0,0.2329,Neighbour,Relationship type: Neighbour. Phone records show 3 call(s). This relationship type is a synthetic investigative-data label for demonstration.
REL00624,P0184,Simran Meena,P0312,Vivaan Singh,0,,,0,2,2026-03-08 23:35 | 2026-03-31 00:45,9220.98 | 23458.73,32679.71,2,2026-05-01 19:08 | 2026-07-06 21:29,"Gurugram, Udyog Vihar | Ghaziabad, Vaishali",0,0.0521,Acquaintance,"Relationship type: Acquaintance. Transaction records show 2 transaction(s) totaling ₹32,680. Meeting records show 2 meeting(s) at Gurugram, Udyog Vihar ,  Ghaziabad, Vaishali. This relationship type is a synthetic investigative-data label for demonstration."
REL00142,P0357,Aditi Singh,P0472,Ananya Chaudhary,22,2026-01-05 21:49 | 2026-01-13 01:42 | 2026-02-03 01:17 | 2026-02-10 01:31 | 2026-02-20 07:17 | 2026-03-12 02:23 | 2026-03-17 15:08 | 2026-03-24 23:34 | 2026-04-11 19:28 | 2026-04-17 21:09 | 2026-04-21 04:57 | 2026-04-28 14:49 | 2026-05-11 19:29 | 2026-05-16 04:13 | 2026-05-24 15:13 | 2026-06-12 00:29 | 2026-06-14 15:50 | 2026-06-17 12:29 | 2026-07-14 22:03 | 2026-07-22 10:53 | 2026-08-14 05:00 | 2026-08-17 09:02,1264 | 934 | 1493 | 1558 | 1780 | 1318 | 30 | 375 | 930 | 884 | 421 | 859 | 1057 | 1099 | 1154 | 268 | 608 | 873 | 290 | 1429 | 1188 | 117,19929,7,2026-05-07 16:39 | 2026-05-09 09:03 | 2026-05-14 23:06 | 2026-05-22 19:54 | 2026-07-18 01:31 | 2026-08-06 04:53 | 2026-08-21 10:34,24837.28 | 55634.06 | 20210.44 | 74991.35 | 136902.20 | 57133.84 | 48493.85,418203.02,2,2026-01-07 05:37 | 2026-03-31 22:55,"Greater Noida, Pari Chowk | Gurugram, Sector 14",1,0.9738,Associate,"Relationship type: Associate. Phone records show 22 call(s). Transaction records show 7 transaction(s) totaling ₹418,203. Meeting records show 2 meeting(s) at Greater Noida, Pari Chowk ,  Gurugram, Sector 14. This relationship type is a synthetic investigative-data label for demonstration."
REL00551,P0435,Sakshi Yadav,P0463,Nikhil Dahiya,4,2026-03-10 06:51 | 2026-04-03 10:31 | 2026-04-09 18:38 | 2026-06-23 09:15,368 | 662 | 20 | 58,1108,0,,,0.0,0,,,0,0.2956,Associate,Relationship type: Associate. Phone records show 4 call(s). This relationship type is a synthetic investigative-data label for demonstration.
REL00514,P0118,Neha Chaudhary,P0191,Karan Meena,4,2026-01-04 14:33 | 2026-03-01 06:31 | 2026-05-28 13:12 | 2026-08-19 04:48,441 | 490 | 638 | 296,1865,0,,,0.0,0,,,0,0.0736,Colleague,Relationship type: Colleague. Phone records show 4 call(s). This relationship type is a synthetic investigative-data label for demonstration.
REL00033,P0281,Pooja Chaudhary,P0339,Jyoti Singh,6,2026-03-09 00:03 | 2026-03-23 15:12 | 2026-05-01 15:37 | 2026-05-19 19:28 | 2026-06-10 19:37 | 2026-08-19 07:44,1155 | 624 | 1136 | 1375 | 1644 | 668,6602,7,2026-01-12 05:22 | 2026-02-01 20:58 | 2026-04-19 03:17 | 2026-07-18 14:27 | 2026-07-22 09:18 | 2026-08-12 05:52 | 2026-08-17 13:20,18553.81 | 38233.07 | 95449.39 | 138677.29 | 111489.66 | 68034.22 | 110189.21,580626.65,4,2026-03-11 04:22 | 2026-04-05 05:22 | 2026-04-06 17:38 | 2026-07-05 23:26,"Ghaziabad, Vaishali | Gurugram, Udyog Vihar | Noida, Sector 63 | Delhi, Saket",1,0.8822,Father,"Relationship type: Father. Phone records show 6 call(s). Transaction records show 7 transaction(s) totaling ₹580,627. Meeting records show 4 meeting(s) at Ghaziabad, Vaishali ,  Gurugram, Udyog Vihar ,  Noida, Sector 63 ,  Delhi, Saket. This relationship type is a synthetic investigative-data label for demonstration."
REL00647,P0127,Naina Mishra,P0302,Yash Rana,0,,,0,0,,,0.0,0,,,0,0.1056,Former Partner,"Relationship type: Former Partner. No direct call, transaction, or meeting evidence is recorded in this dataset. This relationship type is a synthetic investigative-data label for demonstration."
REL00039,P0157,Yash Sharma,P0164,Divya Saxena,15,2026-01-03 01:15 | 2026-01-07 14:33 | 2026-02-24 12:41 | 2026-03-26 05:13 | 2026-04-18 16:15 | 2026-05-11 19:04 | 2026-05-12 12:09 | 2026-05-20 07:56 | 2026-05-20 08:45 | 2026-05-22 01:00 | 2026-05-26 10:04 | 2026-06-17 16:20 | 2026-07-30 11:08 | 2026-08-05 09:18 | 2026-08-05 12:18,373 | 328 | 1335 | 594 | 1517 | 305 | 902 | 678 | 32 | 195 | 867 | 1004 | 534 | 477 | 80,9221,3,2026-01-18 11:07 | 2026-03-26 11:38 | 2026-07-26 04:37,36549.98 | 98190.60 | 17884.23,152624.81,4,2026-04-02 12:31 | 2026-04-22 09:27 | 2026-07-31 11:42 | 2026-08-06 15:23,"Delhi, Karol Bagh | Delhi, Karol Bagh | Noida, Greater Noida West | Ghaziabad, Vaishali",1,0.9736,Sister,"Relationship type: Sister. Phone records show 15 call(s). Transaction records show 3 transaction(s) totaling ₹152,625. Meeting records show 4 meeting(s) at Delhi, Karol Bagh ,  Delhi, Karol Bagh ,  Noida, Greater Noida West ,  Ghaziabad, Vaishali. This relationship type is a synthetic investigative-data label for demonstration."
REL00638,P0178,Varun Saxena,P0510,Ravi Ahuja,0,,,0,0,,,0.0,0,,,0,0.3405,Colleague,"Relationship type: Colleague. No direct call, transaction, or meeting evidence is recorded in this dataset. This relationship type is a synthetic investigative-data label for demonstration."
REL00247,P0194,Ananya Dahiya,P0554,Deepak Yadav,2,2026-06-12 18:49 | 2026-07-25 03:48,684 | 577,1261,0,,,0.0,0,,,0,0.2391,Neighbour,Relationship type: Neighbour. Phone records show 2 call(s). This relationship type is a synthetic investigative-data label for demonstration.
REL00497,P0139,Yash Singh,P0264,Nikhil Saini,4,2026-01-22 02:35 | 2026-03-14 13:55 | 2026-08-07 02:59 | 2026-08-12 22:22,90 | 87 | 606 | 412,1195,0,,,0.0,0,,,0,0.3037,Associate,Relationship type: Associate. Phone records show 4 call(s). This relationship type is a synthetic investigative-data label for demonstration.
REL00494,P0015,Ravi Rana,P0480,Neha Bansal,2,2026-01-05 10:08 | 2026-03-17 21:35,155 | 441,596,1,2026-04-26 07:51,21027.84,21027.84,1,2026-05-09 22:41,"Ghaziabad, Crossings Republik",0,0.043,Neighbour,"Relationship type: Neighbour. Phone records show 2 call(s). Transaction records show 1 transaction(s) totaling ₹21,028. Meeting records show 1 meeting(s) at Ghaziabad, Crossings Republik. This relationship type is a synthetic investigative-data label for demonstration."
REL00015,P0316,Arjun Bhardwaj,P0597,Mohit Narang,17,2026-01-02 04:55 | 2026-01-04 12:14 | 2026-01-06 22:36 | 2026-02-09 04:49 | 2026-02-27 16:19 | 2026-04-04 13:03 | 2026-04-04 18:14 | 2026-04-06 07:35 | 2026-04-24 04:45 | 2026-04-28 18:37 | 2026-05-07 05:55 | 2026-05-18 01:15 | 2026-05-19 15:38 | 2026-05-31 09:21 | 2026-06-11 09:02 | 2026-06-20 16:14 | 2026-06-27 09:51,1195 | 1601 | 1043 | 48 | 1076 | 1237 | 1551 | 112 | 1781 | 514 | 953 | 1628 | 77 | 993 | 1188 | 781 | 1672,17450,5,2026-01-04 06:19 | 2026-05-10 09:56 | 2026-05-17 17:25 | 2026-06-03 04:51 | 2026-06-04 21:49,154633.00 | 141039.40 | 125729.88 | 63219.30 | 77736.34,562357.92,7,2026-02-15 00:22 | 2026-02-26 07:51 | 2026-03-26 12:51 | 2026-05-17 07:28 | 2026-05-29 06:23 | 2026-07-02 17:08 | 2026-08-26 08:21,"Gurugram, Sohna Road | Delhi, Narela | Delhi, Najafgarh | Faridabad, Sector 37 | Delhi, Mayur Vihar | Greater Noida, Alpha 1 | Delhi, Laxmi Nagar",1,0.99,Partner,"Relationship type: Partner. Phone records show 17 call(s). Transaction records show 5 transaction(s) totaling ₹562,358. Meeting records show 7 meeting(s) at Gurugram, Sohna Road ,  Delhi, Narela ,  Delhi, Najafgarh ,  Faridabad, Sector 37 ,  Delhi, Mayur Vihar ,  Greater Noida, Alpha 1 ,  Delhi, Laxmi Nagar. This relationship type is a synthetic investigative-data label for demonstration."
REL00651,P0447,Priya Malik,P0473,Sonam Aggarwal,3,2026-01-03 23:38 | 2026-03-09 14:33 | 2026-03-12 04:38,339 | 376 | 237,952,1,2026-02-21 00:29,7202.74,7202.74,1,2026-05-31 19:42,"Greater Noida, Pari Chowk",0,0.1144,Colleague,"Relationship type: Colleague. Phone records show 3 call(s). Transaction records show 1 transaction(s) totaling ₹7,203. Meeting records show 1 meeting(s) at Greater Noida, Pari Chowk. This relationship type is a synthetic investigative-data label for demonstration."
REL00345,P0538,Deepak Saini,P0579,Tanya Mishra,0,,,0,1,2026-05-25 01:19,14050.29,14050.29,1,2026-05-07 23:49,"Noida, Greater Noida West",0,0.3116,Former Partner,"Relationship type: Former Partner. Transaction records show 1 transaction(s) totaling ₹14,050. Meeting records show 1 meeting(s) at Noida, Greater Noida West. This relationship type is a synthetic investigative-data label for demonstration."
REL00403,P0257,Arjun Khanna,P0549,Vikas Bhati,0,,,0,0,,,0.0,1,2026-06-19 23:21,"Faridabad, Sector 15",0,0.315,Colleague,"Relationship type: Colleague. Meeting records show 1 meeting(s) at Faridabad, Sector 15. This relationship type is a synthetic investigative-data label for demonstration."
REL00055,P0242,Aarav Sharma,P0299,Jyoti Chauhan,16,2026-01-25 15:53 | 2026-01-31 02:27 | 2026-04-02 22:10 | 2026-04-05 08:47 | 2026-04-11 12:23 | 2026-06-03 07:28 | 2026-06-09 19:54 | 2026-06-10 06:24 | 2026-06-14 00:09 | 2026-06-14 16:50 | 2026-06-17 20:47 | 2026-06-18 12:56 | 2026-06-22 19:26 | 2026-06-27 04:08 | 2026-07-23 10:09 | 2026-08-10 05:00,1219 | 1737 | 1581 | 823 | 874 | 1230 | 925 | 1524 | 530 | 777 | 1066 | 454 | 1288 | 428 | 1524 | 724,16704,9,2026-01-21 18:46 | 2026-02-06 14:05 | 2026-03-07 07:06 | 2026-04-25 17:46 | 2026-04-26 19:02 | 2026-06-02 04:51 | 2026-06-08 12:55 | 2026-07-09 21:26 | 2026-07-10 08:13,62701.83 | 144982.35 | 63127.21 | 44183.17 | 113922.60 | 45022.67 | 171058.78 | 50461.01 | 155926.50,851386.12,7,2026-01-03 12:40 | 2026-02-03 16:20 | 2026-02-08 04:15 | 2026-02-23 13:54 | 2026-03-02 10:52 | 2026-04-30 19:05 | 2026-06-02 15:59,"Delhi, Saket | Delhi, Saket | Delhi, Najafgarh | Gurugram, DLF Phase 3 | Gurugram, Sector 29 | Ghaziabad, Indirapuram | Gurugram, Manesar",1,0.99,Former Partner,"Relationship type: Former Partner. Phone records show 16 call(s). Transaction records show 9 transaction(s) totaling ₹851,386. Meeting records show 7 meeting(s) at Delhi, Saket ,  Delhi, Saket ,  Delhi, Najafgarh ,  Gurugram, DLF Phase 3 ,  Gurugram, Sector 29 ,  Ghaziabad, Indirapuram ,  Gurugram, Manesar. This relationship type is a synthetic investigative-data label for demonstration."
REL00348,P0183,Riya Singh,P0521,Aditya Pandey,4,2026-04-16 17:38 | 2026-04-19 21:22 | 2026-06-26 03:34 | 2026-06-28 07:54,301 | 337 | 118 | 512,1268,0,,,0.0,0,,,0,0.0494,Colleague,Relationship type: Colleague. Phone records show 4 call(s). This relationship type is a synthetic investigative-data label for demonstration.
REL00110,P0363,Simran Aggarwal,P0450,Neha Chaudhary,10,2026-02-19 09:08 | 2026-02-20 07:59 | 2026-04-29 16:17 | 2026-06-08 01:24 | 2026-06-10 00:32 | 2026-07-21 12:09 | 2026-07-27 22:56 | 2026-08-06 18:53 | 2026-08-22 08:31 | 2026-08-29 15:31,774 | 395 | 895 | 969 | 430 | 801 | 1168 | 678 | 196 | 942,7248,8,2026-01-24 11:39 | 2026-01-25 17:30 | 2026-02-11 16:31 | 2026-02-16 07:27 | 2026-03-05 02:02 | 2026-03-31 03:27 | 2026-05-15 17:17 | 2026-06-23 18:34,13873.14 | 30462.10 | 75041.60 | 17434.85 | 154490.28 | 43503.14 | 9964.25 | 5085.46,349854.82,1,2026-08-03 04:02,"Delhi, Pitampura",1,0.8504,Sister,"Relationship type: Sister. Phone records show 10 call(s). Transaction records show 8 transaction(s) totaling ₹349,855. Meeting records show 1 meeting(s) at Delhi, Pitampura. This relationship type is a synthetic investigative-data label for demonstration."
REL00212,P0118,Neha Chaudhary,P0262,Ravi Gupta,14,2026-01-03 00:39 | 2026-01-03 14:19 | 2026-01-07 20:46 | 2026-01-12 16:29 | 2026-03-04 12:44 | 2026-03-05 17:33 | 2026-03-15 04:59 | 2026-03-15 10:47 | 2026-06-12 01:08 | 2026-07-14 09:56 | 2026-08-06 07:32 | 2026-08-14 08:35 | 2026-08-20 18:35 | 2026-08-25 22:30,643 | 392 | 23 | 588 | 1796 | 1077 | 706 | 1021 | 1488 | 794 | 1669 | 487 | 708 | 1027,12419,7,2026-01-01 19:46 | 2026-03-27 18:57 | 2026-03-30 23:19 | 2026-04-17 07:28 | 2026-06-02 01:22 | 2026-08-07 05:42 | 2026-08-07 09:05,3221.22 | 118263.20 | 58977.29 | 143592.19 | 27971.45 | 28754.59 | 60390.91,441170.85,3,2026-02-22 05:25 | 2026-05-26 19:44 | 2026-07-22 03:26,"Delhi, Karol Bagh | Delhi, Pitampura | Gurugram, Sector 29",1,0.99,Associate,"Relationship type: Associate. Phone records show 14 call(s). Transaction records show 7 transaction(s) totaling ₹441,171. Meeting records show 3 meeting(s) at Delhi, Karol Bagh ,  Delhi, Pitampura ,  Gurugram, Sector 29. This relationship type is a synthetic investigative-data label for demonstration."
REL00036,P0477,Rahul Saini,P0558,Jyoti Meena,18,2026-01-05 19:06 | 2026-01-28 02:49 | 2026-02-05 11:20 | 2026-02-11 09:54 | 2026-03-02 15:59 | 2026-04-07 11:20 | 2026-04-21 09:42 | 2026-05-06 05:38 | 2026-05-30 09:56 | 2026-06-03 23:23 | 2026-06-08 12:13 | 2026-06-18 19:17 | 2026-06-20 10:02 | 2026-06-23 17:06 | 2026-06-25 21:33 | 2026-07-10 12:12 | 2026-07-26 22:11 | 2026-08-08 16:59,144 | 1446 | 742 | 863 | 959 | 888 | 448 | 711 | 384 | 701 | 664 | 733 | 621 | 1714 | 137 | 1240 | 698 | 383,13476,2,2026-03-03 11:12 | 2026-06-15 11:36,127631.97 | 83795.15,211427.12,7,2026-04-04 20:46 | 2026-05-04 09:37 | 2026-05-13 18:34 | 2026-07-29 15:17 | 2026-07-31 07:57 | 2026-08-18 20:33 | 2026-08-29 16:36,"Delhi, Laxmi Nagar | Delhi, Najafgarh | Delhi, Najafgarh | Delhi, Saket | Ghaziabad, Vaishali | Gurugram, Sector 29 | Ghaziabad, Vaishali",1,0.9408,Former Partner,"Relationship type: Former Partner. Phone records show 18 call(s). Transaction records show 2 transaction(s) totaling ₹211,427. Meeting records show 7 meeting(s) at Delhi, Laxmi Nagar ,  Delhi, Najafgarh ,  Delhi, Najafgarh ,  Delhi, Saket ,  Ghaziabad, Vaishali ,  Gurugram, Sector 29 ,  Ghaziabad, Vaishali. This relationship type is a synthetic investigative-data label for demonstration."
REL00133,P0277,Aditya Khanna,P0398,Ravi Tyagi,12,2026-03-10 06:57 | 2026-04-14 18:54 | 2026-05-05 12:54 | 2026-05-23 00:25 | 2026-05-31 05:15 | 2026-06-18 04:13 | 2026-07-12 11:50 | 2026-07-15 22:01 | 2026-07-30 17:03 | 2026-08-03 19:24 | 2026-08-12 05:20 | 2026-08-18 21:46,693 | 1264 | 487 | 805 | 1200 | 459 | 1301 | 857 | 630 | 127 | 1294 | 1614,10731,3,2026-01-31 14:42 | 2026-04-23 03:03 | 2026-07-03 21:28,173611.95 | 107429.10 | 144258.13,425299.18,3,2026-03-25 19:48 | 2026-04-15 13:37 | 2026-08-04 01:49,"Ghaziabad, Crossings Republik | Gurugram, Udyog Vihar | Greater Noida, Knowledge Park",1,0.99,Family,"Relationship type: Family. Phone records show 12 call(s). Transaction records show 3 transaction(s) totaling ₹425,299. Meeting records show 3 meeting(s) at Ghaziabad, Crossings Republik ,  Gurugram, Udyog Vihar ,  Greater Noida, Knowledge Park. This relationship type is a synthetic investigative-data label for demonstration."
REL00362,P0315,Arjun Singh,P0513,Priya Bhati,1,2026-06-18 02:37,601,601,0,,,0.0,2,2026-01-06 06:12 | 2026-02-05 11:09,"Noida, Sector 16 | Ghaziabad, Indirapuram",0,0.2699,Associate,"Relationship type: Associate. Phone records show 1 call(s). Meeting records show 2 meeting(s) at Noida, Sector 16 ,  Ghaziabad, Indirapuram. This relationship type is a synthetic investigative-data label for demonstration."
REL00544,P0233,Preeti Arora,P0255,Karan Arora,2,2026-05-31 05:32 | 2026-06-30 18:42,548 | 348,896,0,,,0.0,0,,,0,0.3219,Colleague,Relationship type: Colleague. Phone records show 2 call(s). This relationship type is a synthetic investigative-data label for demonstration.
REL00156,P0142,Manish Bhardwaj,P0314,Nikhil Kumar,22,2026-01-02 22:10 | 2026-01-17 12:04 | 2026-02-10 13:19 | 2026-02-13 17:39 | 2026-02-26 15:36 | 2026-03-04 22:25 | 2026-03-26 22:34 | 2026-04-29 05:36 | 2026-05-02 08:20 | 2026-05-13 16:33 | 2026-05-23 07:15 | 2026-05-23 08:19 | 2026-05-23 15:51 | 2026-05-24 11:04 | 2026-05-31 23:05 | 2026-06-11 20:47 | 2026-06-19 08:30 | 2026-06-27 06:31 | 2026-07-05 03:42 | 2026-07-26 11:43 | 2026-07-27 16:20 | 2026-08-18 00:50,196 | 1574 | 637 | 1548 | 374 | 212 | 1266 | 1361 | 922 | 764 | 925 | 91 | 1069 | 450 | 1708 | 1625 | 128 | 239 | 1180 | 369 | 1633 | 279,18550,1,2026-06-17 16:30,135116.69,135116.69,8,2026-01-07 05:53 | 2026-02-04 01:42 | 2026-02-14 10:05 | 2026-02-16 09:02 | 2026-05-14 03:33 | 2026-07-18 19:33 | 2026-07-30 23:29 | 2026-08-01 23:03,"Gurugram, Manesar | Delhi, Narela | Delhi, Pitampura | Gurugram, Sohna Road | Delhi, Rohini | Ghaziabad, Crossings Republik | Noida, Sector 16 | Delhi, Shahdara",1,0.8607,Associate,"Relationship type: Associate. Phone records show 22 call(s). Transaction records show 1 transaction(s) totaling ₹135,117. Meeting records show 8 meeting(s) at Gurugram, Manesar ,  Delhi, Narela ,  Delhi, Pitampura ,  Gurugram, Sohna Road ,  Delhi, Rohini ,  Ghaziabad, Crossings Republik ,  Noida, Sector 16 ,  Delhi, Shahdara. This relationship type is a synthetic investigative-data label for demonstration."
REL00246,P0118,Neha Chaudhary,P0303,Ankit Tiwari,4,2026-04-21 06:03 | 2026-04-22 20:08 | 2026-07-05 01:49 | 2026-07-07 09:16,380 | 197 | 329 | 412,1318,1,2026-02-23 15:43,29971.97,29971.97,0,,,0,0.1885,Acquaintance,"Relationship type: Acquaintance. Phone records show 4 call(s). Transaction records show 1 transaction(s) totaling ₹29,972. This relationship type is a synthetic investigative-data label for demonstration."
REL00035,P0481,Komal Bhati,P0532,Manish Dahiya,18,2026-01-20 23:58 | 2026-01-26 02:09 | 2026-01-29 20:59 | 2026-02-13 12:48 | 2026-04-15 18:47 | 2026-04-17 19:34 | 2026-04-20 22:40 | 2026-04-24 18:36 | 2026-04-27 21:02 | 2026-05-03 15:53 | 2026-05-14 11:43 | 2026-06-10 09:20 | 2026-06-17 13:30 | 2026-07-08 17:47 | 2026-07-09 14:38 | 2026-07-10 10:03 | 2026-07-21 06:28 | 2026-08-11 09:53,544 | 232 | 1443 | 1403 | 1272 | 1517 | 754 | 647 | 726 | 425 | 1558 | 1220 | 764 | 264 | 488 | 905 | 319 | 474,14955,9,2026-01-09 05:46 | 2026-01-11 12:28 | 2026-02-20 05:47 | 2026-03-03 13:56 | 2026-03-08 03:13 | 2026-03-13 12:49 | 2026-03-15 14:01 | 2026-05-30 14:59 | 2026-06-08 20:10,113409.40 | 123466.85 | 8438.23 | 143435.50 | 37728.77 | 19944.02 | 132315.68 | 136043.49 | 33585.98,748367.92,5,2026-05-29 05:47 | 2026-06-30 01:46 | 2026-07-08 08:09 | 2026-07-21 12:08 | 2026-08-03 15:41,"Faridabad, NIT | Greater Noida, Alpha 1 | Delhi, Laxmi Nagar | Delhi, Shahdara | Delhi, Laxmi Nagar",1,0.9711,Business Associate,"Relationship type: Business Associate. Phone records show 18 call(s). Transaction records show 9 transaction(s) totaling ₹748,368. Meeting records show 5 meeting(s) at Faridabad, NIT ,  Greater Noida, Alpha 1 ,  Delhi, Laxmi Nagar ,  Delhi, Shahdara ,  Delhi, Laxmi Nagar. This relationship type is a synthetic investigative-data label for demonstration."
REL00341,P0236,Nikhil Khanna,P0268,Rahul Sharma,1,2026-04-12 00:47,384,384,0,,,0.0,0,,,0,0.2196,Former Partner,Relationship type: Former Partner. Phone records show 1 call(s). This relationship type is a synthetic investigative-data label for demonstration.
REL00052,P0015,Ravi Rana,P0382,Sonam Tyagi,4,2026-05-03 16:30 | 2026-05-09 04:06 | 2026-05-11 20:05 | 2026-07-05 14:33,66 | 619 | 449 | 1198,2332,2,2026-01-02 21:34 | 2026-05-10 21:39,51015.72 | 122125.60,173141.32,1,2026-06-18 22:36,"Ghaziabad, Crossings Republik",1,0.7098,Colleague,"Relationship type: Colleague. Phone records show 4 call(s). Transaction records show 2 transaction(s) totaling ₹173,141. Meeting records show 1 meeting(s) at Ghaziabad, Crossings Republik. This relationship type is a synthetic investigative-data label for demonstration."
REL00020,P0393,Rohan Rawat,P0478,Vivaan Bhardwaj,10,2026-02-13 16:47 | 2026-02-14 03:51 | 2026-03-22 19:28 | 2026-04-08 03:38 | 2026-04-27 02:02 | 2026-05-02 03:07 | 2026-05-25 13:15 | 2026-07-05 16:13 | 2026-07-16 11:51 | 2026-07-31 20:29,1070 | 1133 | 846 | 1423 | 507 | 1295 | 1549 | 678 | 1687 | 1423,11611,2,2026-06-26 21:55 | 2026-07-11 07:00,157054.58 | 52245.41,209299.99,1,2026-03-10 07:22,"Delhi, Saket",1,0.8618,Neighbour,"Relationship type: Neighbour. Phone records show 10 call(s). Transaction records show 2 transaction(s) totaling ₹209,300. Meeting records show 1 meeting(s) at Delhi, Saket. This relationship type is a synthetic investigative-data label for demonstration."
REL00192,P0222,Karan Jain,P0519,Ankit Kapoor,20,2026-01-07 23:18 | 2026-02-09 20:42 | 2026-02-15 19:37 | 2026-03-03 02:32 | 2026-03-08 16:36 | 2026-03-18 20:03 | 2026-04-14 01:10 | 2026-04-18 12:28 | 2026-04-25 16:42 | 2026-04-29 16:28 | 2026-05-06 12:46 | 2026-05-13 22:06 | 2026-05-18 23:35 | 2026-05-31 04:28 | 2026-06-01 09:23 | 2026-06-02 19:20 | 2026-07-16 17:01 | 2026-07-20 19:56 | 2026-08-04 00:47 | 2026-08-19 05:10,1184 | 485 | 1653 | 895 | 509 | 1162 | 1130 | 1790 | 540 | 143 | 539 | 801 | 1107 | 53 | 989 | 278 | 41 | 1287 | 1177 | 1353,17116,3,2026-01-06 11:53 | 2026-08-13 11:01 | 2026-08-27 16:16,164601.29 | 32011.77 | 68791.63,265404.69,4,2026-01-08 14:02 | 2026-01-17 07:02 | 2026-06-01 17:16 | 2026-07-11 05:01,"Delhi, Rohini | Ghaziabad, Crossings Republik | Noida, Sector 15 | Delhi, Saket",1,0.9678,Family,"Relationship type: Family. Phone records show 20 call(s). Transaction records show 3 transaction(s) totaling ₹265,405. Meeting records show 4 meeting(s) at Delhi, Rohini ,  Ghaziabad, Crossings Republik ,  Noida, Sector 15 ,  Delhi, Saket. This relationship type is a synthetic investigative-data label for demonstration."
REL00361,P0099,Ravi Rana,P0197,Pooja Arora,0,,,0,0,,,0.0,0,,,0,0.2624,Colleague,"Relationship type: Colleague. No direct call, transaction, or meeting evidence is recorded in this dataset. This relationship type is a synthetic investigative-data label for demonstration."
REL00279,P0274,Naina Arora,P0341,Deepak Saxena,0,,,0,0,,,0.0,0,,,0,0.2306,Former Partner,"Relationship type: Former Partner. No direct call, transaction, or meeting evidence is recorded in this dataset. This relationship type is a synthetic investigative-data label for demonstration."
REL00505,P0415,Shreya Ahuja,P0492,Tanya Singh,0,,,0,0,,,0.0,0,,,0,0.1054,Former Partner,"Relationship type: Former Partner. No direct call, transaction, or meeting evidence is recorded in this dataset. This relationship type is a synthetic investigative-data label for demonstration."
REL00365,P0256,Vikas Arora,P0284,Amit Pandey,2,2026-01-08 04:37 | 2026-05-31 10:23,185 | 370,555,0,,,0.0,0,,,0,0.2562,Associate,Relationship type: Associate. Phone records show 2 call(s). This relationship type is a synthetic investigative-data label for demonstration.
REL00064,P0402,Aarav Bhati,P0534,Sumit Rana,11,2026-01-23 09:28 | 2026-02-02 17:47 | 2026-03-18 04:46 | 2026-04-01 10:02 | 2026-04-19 13:51 | 2026-05-30 04:29 | 2026-06-05 06:39 | 2026-06-23 11:29 | 2026-06-29 10:32 | 2026-07-25 01:53 | 2026-07-31 09:14,1273 | 503 | 1421 | 450 | 1359 | 477 | 790 | 213 | 1228 | 208 | 1077,8999,1,2026-01-09 17:12,112395.17,112395.17,4,2026-01-17 09:59 | 2026-02-11 21:40 | 2026-02-13 10:57 | 2026-06-07 07:17,"Faridabad, Sector 37 | Gurugram, DLF Phase 3 | Gurugram, Sohna Road | Ghaziabad, Kaushambi",1,0.859,Former Partner,"Relationship type: Former Partner. Phone records show 11 call(s). Transaction records show 1 transaction(s) totaling ₹112,395. Meeting records show 4 meeting(s) at Faridabad, Sector 37 ,  Gurugram, DLF Phase 3 ,  Gurugram, Sohna Road ,  Ghaziabad, Kaushambi. This relationship type is a synthetic investigative-data label for demonstration."
REL00291,P0114,Aditi Mishra,P0138,Ankit Bansal,3,2026-03-05 05:28 | 2026-03-11 00:07 | 2026-07-16 20:40,355 | 254 | 414,1023,2,2026-05-03 10:42 | 2026-06-05 16:31,12415.93 | 23296.91,35712.84,1,2026-02-13 17:41,"Ghaziabad, Crossings Republik",0,0.1135,Former Partner,"Relationship type: Former Partner. Phone records show 3 call(s). Transaction records show 2 transaction(s) totaling ₹35,713. Meeting records show 1 meeting(s) at Ghaziabad, Crossings Republik. This relationship type is a synthetic investigative-data label for demonstration."
REL00315,P0065,Muskan Bhati,P0128,Muskan Khanna,1,2026-01-21 19:10,520,520,0,,,0.0,1,2026-05-07 02:23,"Delhi, Saket",0,0.1748,Acquaintance,"Relationship type: Acquaintance. Phone records show 1 call(s). Meeting records show 1 meeting(s) at Delhi, Saket. This relationship type is a synthetic investigative-data label for demonstration."
REL00489,P0436,Vikas Goyal,P0535,Vivaan Chaudhary,1,2026-02-23 01:32,130,130,0,,,0.0,0,,,0,0.0229,Colleague,Relationship type: Colleague. Phone records show 1 call(s). This relationship type is a synthetic investigative-data label for demonstration.
REL00171,P0086,Nikhil Aggarwal,P0505,Simran Dahiya,21,2026-01-07 20:47 | 2026-02-12 17:42 | 2026-02-28 00:34 | 2026-03-07 06:55 | 2026-03-25 14:28 | 2026-03-28 19:31 | 2026-03-29 09:40 | 2026-04-19 10:38 | 2026-05-02 13:55 | 2026-05-17 02:04 | 2026-06-16 21:20 | 2026-06-20 05:55 | 2026-06-26 05:16 | 2026-07-10 15:45 | 2026-07-10 21:54 | 2026-07-28 11:25 | 2026-08-02 23:26 | 2026-08-09 23:26 | 2026-08-13 03:06 | 2026-08-14 06:21 | 2026-08-19 21:18,176 | 1218 | 1073 | 1126 | 762 | 1738 | 883 | 762 | 1380 | 359 | 602 | 912 | 1591 | 1495 | 1730 | 1454 | 311 | 291 | 1209 | 1080 | 1202,21354,4,2026-01-28 18:57 | 2026-07-30 14:15 | 2026-08-01 00:04 | 2026-08-09 19:01,123901.51 | 24617.53 | 129797.01 | 6981.52,285297.57,5,2026-02-01 08:18 | 2026-03-04 09:35 | 2026-07-31 12:01 | 2026-08-22 07:45 | 2026-08-28 15:25,"Gurugram, Sector 29 | Delhi, Saket | Noida, Sector 15 | Gurugram, DLF Phase 2 | Delhi, Pitampura",1,0.99,Family,"Relationship type: Family. Phone records show 21 call(s). Transaction records show 4 transaction(s) totaling ₹285,298. Meeting records show 5 meeting(s) at Gurugram, Sector 29 ,  Delhi, Saket ,  Noida, Sector 15 ,  Gurugram, DLF Phase 2 ,  Delhi, Pitampura. This relationship type is a synthetic investigative-data label for demonstration."
REL00546,P0293,Mohit Sharma,P0584,Manish Chauhan,0,,,0,1,2026-03-25 11:00,10106.37,10106.37,1,2026-01-25 02:38,"Delhi, Najafgarh",0,0.1558,Acquaintance,"Relationship type: Acquaintance. Transaction records show 1 transaction(s) totaling ₹10,106. Meeting records show 1 meeting(s) at Delhi, Najafgarh. This relationship type is a synthetic investigative-data label for demonstration."
REL00650,P0461,Muskan Gupta,P0513,Priya Bhati,3,2026-02-14 00:04 | 2026-08-06 20:45 | 2026-08-20 16:28,359 | 301 | 153,813,0,,,0.0,0,,,0,0.1046,Associate,Relationship type: Associate. Phone records show 3 call(s). This relationship type is a synthetic investigative-data label for demonstration.
REL00456,P0024,Nikhil Kumar,P0459,Priya Bhardwaj,2,2026-04-06 07:58 | 2026-06-24 12:44,339 | 598,937,1,2026-08-09 16:34,14797.33,14797.33,1,2026-05-14 00:44,"Greater Noida, Alpha 1",0,0.3499,Acquaintance,"Relationship type: Acquaintance. Phone records show 2 call(s). Transaction records show 1 transaction(s) totaling ₹14,797. Meeting records show 1 meeting(s) at Greater Noida, Alpha 1. This relationship type is a synthetic investigative-data label for demonstration."
REL00237,P0028,Yash Chauhan,P0220,Arjun Malik,2,2026-02-08 14:19 | 2026-02-10 21:28,648 | 694,1342,0,,,0.0,1,2026-04-20 01:18,"Ghaziabad, Kaushambi",0,0.1964,Acquaintance,"Relationship type: Acquaintance. Phone records show 2 call(s). Meeting records show 1 meeting(s) at Ghaziabad, Kaushambi. This relationship type is a synthetic investigative-data label for demonstration."
REL00186,P0318,Isha Sharma,P0451,Pooja Chaudhary,7,2026-02-06 14:56 | 2026-02-14 06:34 | 2026-02-19 00:28 | 2026-04-06 06:54 | 2026-07-23 06:07 | 2026-08-14 01:16 | 2026-08-23 19:53,598 | 100 | 723 | 819 | 1628 | 669 | 307,4844,3,2026-02-19 04:52 | 2026-05-26 07:42 | 2026-08-29 03:11,110240.52 | 48139.26 | 5287.02,163666.8,1,2026-01-23 22:43,"Delhi, Okhla",1,0.8505,Family,"Relationship type: Family. Phone records show 7 call(s). Transaction records show 3 transaction(s) totaling ₹163,667. Meeting records show 1 meeting(s) at Delhi, Okhla. This relationship type is a synthetic investigative-data label for demonstration."
REL00235,P0069,Nikhil Rawat,P0413,Shreya Dahiya,2,2026-03-06 21:24 | 2026-04-16 21:57,215 | 403,618,0,,,0.0,0,,,0,0.1466,Neighbour,Relationship type: Neighbour. Phone records show 2 call(s). This relationship type is a synthetic investigative-data label for demonstration.
REL00326,P0014,Ananya Bhardwaj,P0193,Rohan Yadav,3,2026-05-03 12:46 | 2026-06-05 03:01 | 2026-07-23 20:29,128 | 352 | 282,762,0,,,0.0,1,2026-01-05 12:12,"Ghaziabad, Vaishali",0,0.1206,Associate,"Relationship type: Associate. Phone records show 3 call(s). Meeting records show 1 meeting(s) at Ghaziabad, Vaishali. This relationship type is a synthetic investigative-data label for demonstration."
REL00170,P0150,Rohan Rawat,P0336,Arjun Tyagi,25,2026-01-13 09:42 | 2026-01-24 02:22 | 2026-02-09 17:40 | 2026-02-13 05:44 | 2026-02-18 18:37 | 2026-02-20 11:28 | 2026-03-02 03:00 | 2026-03-13 00:20 | 2026-03-20 22:00 | 2026-04-06 02:52 | 2026-04-20 20:39 | 2026-04-22 23:36 | 2026-05-06 02:29 | 2026-05-12 10:54 | 2026-05-24 00:12 | 2026-05-24 07:26 | 2026-06-04 22:37 | 2026-06-21 07:42 | 2026-06-26 14:08 | 2026-07-21 17:47 | 2026-07-23 06:34 | 2026-07-26 10:50 | 2026-07-26 16:22 | 2026-08-03 00:40 | 2026-08-05 19:18,173 | 1511 | 194 | 1109 | 718 | 125 | 741 | 344 | 744 | 26 | 444 | 530 | 393 | 1623 | 1463 | 405 | 1733 | 1780 | 814 | 648 | 1165 | 1029 | 526 | 79 | 1138,19455,8,2026-03-06 06:00 | 2026-03-07 01:47 | 2026-04-12 20:04 | 2026-04-14 08:17 | 2026-06-20 00:46 | 2026-07-20 08:28 | 2026-08-01 06:25 | 2026-08-15 06:39,68899.39 | 62246.35 | 81119.74 | 110915.27 | 93824.05 | 173370.74 | 83027.13 | 31932.53,705335.2,4,2026-05-12 02:34 | 2026-06-17 18:02 | 2026-07-10 15:00 | 2026-07-20 11:07,"Delhi, Karol Bagh | Noida, Sector 27 | Gurugram, Sohna Road | Delhi, Karol Bagh",1,0.9572,Partner,"Relationship type: Partner. Phone records show 25 call(s). Transaction records show 8 transaction(s) totaling ₹705,335. Meeting records show 4 meeting(s) at Delhi, Karol Bagh ,  Noida, Sector 27 ,  Gurugram, Sohna Road ,  Delhi, Karol Bagh. This relationship type is a synthetic investigative-data label for demonstration."
REL00050,P0062,Sumit Rana,P0600,Karan Singh,19,2026-01-04 10:35 | 2026-01-13 18:53 | 2026-01-22 04:19 | 2026-02-04 05:44 | 2026-02-11 01:39 | 2026-02-27 19:53 | 2026-03-18 22:59 | 2026-03-28 18:47 | 2026-04-01 13:45 | 2026-04-03 16:16 | 2026-04-24 14:37 | 2026-04-29 01:05 | 2026-04-29 18:03 | 2026-05-04 22:34 | 2026-06-03 22:00 | 2026-06-04 05:42 | 2026-06-22 11:34 | 2026-06-24 23:46 | 2026-06-27 00:23,538 | 259 | 1208 | 1453 | 1156 | 1659 | 1472 | 132 | 1297 | 609 | 435 | 1136 | 1651 | 1371 | 919 | 603 | 169 | 1306 | 992,18365,3,2026-04-12 16:29 | 2026-08-27 03:10 | 2026-08-27 09:30,109211.43 | 80406.59 | 160971.31,350589.33,3,2026-02-17 07:35 | 2026-02-22 23:44 | 2026-05-02 13:10,"Delhi, Rohini | Ghaziabad, Vaishali | Gurugram, Manesar",1,0.9561,Colleague,"Relationship type: Colleague. Phone records show 19 call(s). Transaction records show 3 transaction(s) totaling ₹350,589. Meeting records show 3 meeting(s) at Delhi, Rohini ,  Ghaziabad, Vaishali ,  Gurugram, Manesar. This relationship type is a synthetic investigative-data label for demonstration."
REL00101,P0255,Karan Arora,P0358,Simran Saini,18,2026-01-07 01:28 | 2026-02-05 15:26 | 2026-02-06 16:37 | 2026-02-06 18:34 | 2026-02-22 09:45 | 2026-02-23 11:07 | 2026-02-25 10:29 | 2026-03-03 07:08 | 2026-03-08 04:56 | 2026-03-08 09:44 | 2026-04-01 01:56 | 2026-04-14 15:54 | 2026-05-28 06:51 | 2026-06-10 05:41 | 2026-07-02 08:08 | 2026-07-15 21:38 | 2026-08-24 08:59 | 2026-08-26 09:02,416 | 362 | 1495 | 927 | 1740 | 602 | 974 | 798 | 1412 | 1311 | 58 | 1055 | 36 | 1079 | 745 | 717 | 622 | 940,15289,9,2026-01-01 19:55 | 2026-03-19 12:01 | 2026-04-03 05:06 | 2026-04-18 19:20 | 2026-04-29 22:12 | 2026-06-13 20:07 | 2026-06-23 19:16 | 2026-06-29 04:43 | 2026-07-14 01:10,78225.03 | 43412.48 | 152300.74 | 7955.36 | 33363.74 | 54773.06 | 115421.25 | 25139.87 | 64677.26,575268.79,4,2026-01-11 00:18 | 2026-02-18 21:24 | 2026-07-10 14:36 | 2026-08-23 12:41,"Ghaziabad, Crossings Republik | Noida, Sector 16 | Noida, Sector 16 | Greater Noida, Pari Chowk",1,0.99,Neighbour,"Relationship type: Neighbour. Phone records show 18 call(s). Transaction records show 9 transaction(s) totaling ₹575,269. Meeting records show 4 meeting(s) at Ghaziabad, Crossings Republik ,  Noida, Sector 16 ,  Noida, Sector 16 ,  Greater Noida, Pari Chowk. This relationship type is a synthetic investigative-data label for demonstration."
REL00256,P0149,Vivaan Narang,P0374,Aditi Ahuja,2,2026-02-05 09:02 | 2026-06-07 11:31,654 | 461,1115,0,,,0.0,0,,,0,0.1951,Neighbour,Relationship type: Neighbour. Phone records show 2 call(s). This relationship type is a synthetic investigative-data label for demonstration.
REL00439,P0095,Ankit Bhardwaj,P0471,Tanya Kapoor,2,2026-08-21 06:59 | 2026-08-23 00:09,315 | 554,869,0,,,0.0,2,2026-05-19 05:35 | 2026-05-27 04:27,"Delhi, Narela | Delhi, Dwarka",0,0.0765,Neighbour,"Relationship type: Neighbour. Phone records show 2 call(s). Meeting records show 2 meeting(s) at Delhi, Narela ,  Delhi, Dwarka. This relationship type is a synthetic investigative-data label for demonstration."
REL00080,P0326,Ravi Bhati,P0477,Rahul Saini,19,2026-01-12 04:44 | 2026-01-17 10:27 | 2026-01-20 17:06 | 2026-02-12 09:07 | 2026-02-16 12:24 | 2026-03-08 16:42 | 2026-03-12 12:44 | 2026-03-21 00:32 | 2026-03-29 09:58 | 2026-03-31 19:03 | 2026-04-06 10:34 | 2026-05-12 03:27 | 2026-06-03 00:07 | 2026-06-08 07:12 | 2026-06-14 14:58 | 2026-07-16 22:25 | 2026-07-31 20:36 | 2026-08-06 10:01 | 2026-08-17 02:45,1265 | 1720 | 1217 | 1131 | 1343 | 230 | 742 | 796 | 845 | 1261 | 251 | 365 | 1502 | 995 | 1698 | 1415 | 1101 | 1707 | 476,20060,9,2026-01-09 21:31 | 2026-01-16 18:08 | 2026-01-28 18:10 | 2026-04-30 12:28 | 2026-05-07 15:47 | 2026-05-31 06:32 | 2026-06-24 11:13 | 2026-07-12 04:20 | 2026-08-18 18:09,107265.43 | 52985.24 | 8799.74 | 104824.40 | 106775.55 | 152265.20 | 88536.66 | 47502.90 | 71400.78,740355.9,5,2026-01-12 18:44 | 2026-02-18 22:46 | 2026-03-25 00:43 | 2026-05-28 19:19 | 2026-06-03 06:03,"Noida, Greater Noida West | Gurugram, Sohna Road | Ghaziabad, Crossings Republik | Gurugram, Manesar | Ghaziabad, Raj Nagar",1,0.9893,Spouse,"Relationship type: Spouse. Phone records show 19 call(s). Transaction records show 9 transaction(s) totaling ₹740,356. Meeting records show 5 meeting(s) at Noida, Greater Noida West ,  Gurugram, Sohna Road ,  Ghaziabad, Crossings Republik ,  Gurugram, Manesar ,  Ghaziabad, Raj Nagar. This relationship type is a synthetic investigative-data label for demonstration."
REL00363,P0113,Ananya Aggarwal,P0218,Tanya Aggarwal,3,2026-01-23 10:31 | 2026-04-07 21:07 | 2026-05-30 00:25,292 | 306 | 533,1131,0,,,0.0,0,,,0,0.2931,Associate,Relationship type: Associate. Phone records show 3 call(s). This relationship type is a synthetic investigative-data label for demonstration.
REL00659,P0188,Priya Bhati,P0534,Sumit Rana,3,2026-02-26 11:31 | 2026-06-07 13:18 | 2026-06-13 04:46,522 | 179 | 246,947,1,2026-06-23 04:36,8126.31,8126.31,0,,,0,0.2875,Acquaintance,"Relationship type: Acquaintance. Phone records show 3 call(s). Transaction records show 1 transaction(s) totaling ₹8,126. This relationship type is a synthetic investigative-data label for demonstration."
REL00032,P0336,Arjun Tyagi,P0411,Muskan Saxena,21,2026-01-16 00:43 | 2026-01-22 09:06 | 2026-02-05 12:35 | 2026-03-01 19:10 | 2026-03-05 17:05 | 2026-03-06 02:40 | 2026-03-06 09:49 | 2026-03-25 04:43 | 2026-04-09 13:19 | 2026-04-10 05:39 | 2026-04-22 11:28 | 2026-05-10 20:49 | 2026-05-14 21:20 | 2026-05-21 02:39 | 2026-05-31 08:38 | 2026-06-09 03:58 | 2026-06-21 20:45 | 2026-06-23 00:34 | 2026-07-12 16:46 | 2026-07-15 10:57 | 2026-08-01 05:24,63 | 621 | 394 | 901 | 359 | 522 | 161 | 720 | 1308 | 149 | 1696 | 839 | 221 | 1366 | 1796 | 1480 | 1693 | 353 | 1434 | 1397 | 1167,18640,5,2026-01-09 17:38 | 2026-02-10 15:01 | 2026-04-04 21:23 | 2026-05-01 03:04 | 2026-06-25 03:09,81058.51 | 106931.29 | 151787.35 | 78194.38 | 110994.78,528966.31,6,2026-01-01 14:58 | 2026-03-09 18:38 | 2026-04-01 16:14 | 2026-06-07 00:21 | 2026-06-26 23:04 | 2026-08-10 08:18,"Gurugram, Sohna Road | Noida, Sector 27 | Delhi, Mayur Vihar | Gurugram, DLF Phase 2 | Delhi, Laxmi Nagar | Noida, Sector 62",1,0.9718,Brother,"Relationship type: Brother. Phone records show 21 call(s). Transaction records show 5 transaction(s) totaling ₹528,966. Meeting records show 6 meeting(s) at Gurugram, Sohna Road ,  Noida, Sector 27 ,  Delhi, Mayur Vihar ,  Gurugram, DLF Phase 2 ,  Delhi, Laxmi Nagar ,  Noida, Sector 62. This relationship type is a synthetic investigative-data label for demonstration."
REL00083,P0028,Yash Chauhan,P0509,Aditya Meena,21,2026-01-04 11:43 | 2026-01-17 22:42 | 2026-02-02 02:34 | 2026-02-08 01:11 | 2026-02-15 10:23 | 2026-03-03 15:42 | 2026-03-21 09:37 | 2026-04-07 16:01 | 2026-04-09 09:56 | 2026-04-20 16:47 | 2026-04-21 08:12 | 2026-05-28 10:37 | 2026-06-08 03:01 | 2026-06-12 08:10 | 2026-06-25 13:15 | 2026-07-08 11:20 | 2026-07-15 14:29 | 2026-08-01 02:05 | 2026-08-13 20:17 | 2026-08-14 16:28 | 2026-08-24 02:12,1361 | 1311 | 974 | 169 | 723 | 659 | 716 | 1203 | 1550 | 598 | 467 | 1258 | 1242 | 1092 | 225 | 1065 | 551 | 552 | 848 | 320 | 1582,18466,5,2026-02-19 09:39 | 2026-03-21 15:00 | 2026-06-06 11:58 | 2026-07-02 21:04 | 2026-08-21 09:29,174152.64 | 46338.82 | 123802.77 | 112824.51 | 67353.10,524471.84,5,2026-03-12 03:58 | 2026-03-14 02:24 | 2026-03-23 08:06 | 2026-05-22 22:39 | 2026-06-30 13:25,"Greater Noida, Pari Chowk | Gurugram, Udyog Vihar | Delhi, Rohini | Gurugram, DLF Phase 3 | Noida, Greater Noida West",1,0.9625,Sister,"Relationship type: Sister. Phone records show 21 call(s). Transaction records show 5 transaction(s) totaling ₹524,472. Meeting records show 5 meeting(s) at Greater Noida, Pari Chowk ,  Gurugram, Udyog Vihar ,  Delhi, Rohini ,  Gurugram, DLF Phase 3 ,  Noida, Greater Noida West. This relationship type is a synthetic investigative-data label for demonstration."
REL00314,P0128,Muskan Khanna,P0142,Manish Bhardwaj,2,2026-04-10 14:51 | 2026-05-04 19:12,31 | 628,659,0,,,0.0,0,,,0,0.1067,Acquaintance,Relationship type: Acquaintance. Phone records show 2 call(s). This relationship type is a synthetic investigative-data label for demonstration.
REL00424,P0276,Muskan Tiwari,P0443,Isha Chaudhary,2,2026-03-09 20:14 | 2026-03-24 07:05,505 | 229,734,0,,,0.0,2,2026-04-17 08:01 | 2026-04-23 17:55,"Delhi, Laxmi Nagar | Gurugram, DLF Phase 3",0,0.1359,Acquaintance,"Relationship type: Acquaintance. Phone records show 2 call(s). Meeting records show 2 meeting(s) at Delhi, Laxmi Nagar ,  Gurugram, DLF Phase 3. This relationship type is a synthetic investigative-data label for demonstration."
REL00197,P0155,Nikhil Gupta,P0203,Naina Chauhan,14,2026-01-27 17:35 | 2026-03-03 12:01 | 2026-03-10 06:11 | 2026-04-18 16:14 | 2026-04-23 16:36 | 2026-05-06 06:03 | 2026-06-16 09:19 | 2026-06-28 11:38 | 2026-07-07 14:33 | 2026-07-21 04:22 | 2026-07-30 04:09 | 2026-08-13 09:38 | 2026-08-24 23:08 | 2026-08-27 23:02,597 | 1227 | 1682 | 1552 | 242 | 1653 | 1102 | 119 | 475 | 1514 | 395 | 65 | 1536 | 1716,13875,2,2026-05-17 21:53 | 2026-06-13 00:54,54863.76 | 175574.19,230437.95,8,2026-01-04 04:33 | 2026-03-28 02:46 | 2026-03-28 16:41 | 2026-04-09 07:53 | 2026-04-25 02:53 | 2026-05-16 04:41 | 2026-06-04 04:12 | 2026-07-01 05:49,"Noida, Sector 27 | Delhi, Dwarka | Greater Noida, Alpha 1 | Delhi, Narela | Delhi, Saket | Delhi, Karol Bagh | Gurugram, DLF Phase 3 | Gurugram, Sector 29",1,0.9733,Brother,"Relationship type: Brother. Phone records show 14 call(s). Transaction records show 2 transaction(s) totaling ₹230,438. Meeting records show 8 meeting(s) at Noida, Sector 27 ,  Delhi, Dwarka ,  Greater Noida, Alpha 1 ,  Delhi, Narela ,  Delhi, Saket ,  Delhi, Karol Bagh ,  Gurugram, DLF Phase 3 ,  Gurugram, Sector 29. This relationship type is a synthetic investigative-data label for demonstration."
REL00280,P0429,Isha Kapoor,P0433,Isha Sharma,3,2026-01-24 17:27 | 2026-06-04 23:03 | 2026-06-23 21:43,318 | 585 | 562,1465,1,2026-06-23 23:52,2314.70,2314.7,0,,,0,0.0988,Associate,"Relationship type: Associate. Phone records show 3 call(s). Transaction records show 1 transaction(s) totaling ₹2,315. This relationship type is a synthetic investigative-data label for demonstration."
REL00636,P0016,Ankit Dahiya,P0414,Amit Ahuja,1,2026-08-17 00:12,477,477,0,,,0.0,1,2026-01-07 00:08,"Gurugram, DLF Phase 2",0,0.1911,Colleague,"Relationship type: Colleague. Phone records show 1 call(s). Meeting records show 1 meeting(s) at Gurugram, DLF Phase 2. This relationship type is a synthetic investigative-data label for demonstration."
REL00522,P0269,Ankit Gupta,P0517,Isha Verma,1,2026-02-15 03:12,309,309,1,2026-08-21 01:16,29643.61,29643.61,1,2026-04-29 12:13,"Gurugram, Sector 18",0,0.1566,Former Partner,"Relationship type: Former Partner. Phone records show 1 call(s). Transaction records show 1 transaction(s) totaling ₹29,644. Meeting records show 1 meeting(s) at Gurugram, Sector 18. This relationship type is a synthetic investigative-data label for demonstration."
REL00510,P0384,Ravi Narang,P0483,Harsh Mishra,4,2026-02-18 23:10 | 2026-06-26 01:59 | 2026-07-16 02:38 | 2026-07-23 21:44,122 | 242 | 52 | 75,491,0,,,0.0,0,,,0,0.2768,Associate,Relationship type: Associate. Phone records show 4 call(s). This relationship type is a synthetic investigative-data label for demonstration.
REL00549,P0247,Karan Verma,P0289,Aditya Singh,4,2026-01-21 00:10 | 2026-02-17 23:14 | 2026-03-25 17:53 | 2026-03-28 06:23,465 | 55 | 319 | 598,1437,0,,,0.0,2,2026-05-03 21:31 | 2026-08-25 11:37,"Delhi, Laxmi Nagar | Faridabad, NIT",0,0.1611,Acquaintance,"Relationship type: Acquaintance. Phone records show 4 call(s). Meeting records show 2 meeting(s) at Delhi, Laxmi Nagar ,  Faridabad, NIT. This relationship type is a synthetic investigative-data label for demonstration."
REL00001,P0216,Muskan Malik,P0455,Kavya Dahiya,14,2026-02-05 05:05 | 2026-02-13 21:29 | 2026-04-08 01:02 | 2026-04-10 23:13 | 2026-04-13 13:33 | 2026-04-27 08:01 | 2026-05-15 21:57 | 2026-06-12 15:32 | 2026-06-24 18:18 | 2026-06-29 20:04 | 2026-07-09 01:12 | 2026-07-28 05:18 | 2026-08-03 10:53 | 2026-08-16 18:21,1129 | 486 | 1507 | 1758 | 486 | 25 | 1411 | 1250 | 695 | 1102 | 1216 | 1782 | 112 | 1670,14629,6,2026-01-30 04:12 | 2026-03-20 19:50 | 2026-04-06 09:32 | 2026-07-28 03:32 | 2026-08-02 06:11 | 2026-08-15 07:40,43634.63 | 77014.80 | 111614.50 | 121678.13 | 39699.94 | 91581.85,485223.85,7,2026-01-02 13:07 | 2026-01-13 13:37 | 2026-03-28 12:45 | 2026-05-12 19:48 | 2026-06-27 20:51 | 2026-07-21 08:23 | 2026-08-17 07:59,"Delhi, Rohini | Delhi, Connaught Place | Gurugram, Manesar | Delhi, Karol Bagh | Ghaziabad, Raj Nagar | Faridabad, Sector 37 | Greater Noida, Pari Chowk",1,0.987,Former Partner,"Relationship type: Former Partner. Phone records show 14 call(s). Transaction records show 6 transaction(s) totaling ₹485,224. Meeting records show 7 meeting(s) at Delhi, Rohini ,  Delhi, Connaught Place ,  Gurugram, Manesar ,  Delhi, Karol Bagh ,  Ghaziabad, Raj Nagar ,  Faridabad, Sector 37 ,  Greater Noida, Pari Chowk. This relationship type is a synthetic investigative-data label for demonstration."
REL00625,P0273,Amit Tiwari,P0371,Kavya Rawat,3,2026-01-22 20:51 | 2026-08-04 21:44 | 2026-08-18 09:11,662 | 236 | 443,1341,0,,,0.0,1,2026-01-19 04:39,"Gurugram, Udyog Vihar",0,0.3301,Former Partner,"Relationship type: Former Partner. Phone records show 3 call(s). Meeting records show 1 meeting(s) at Gurugram, Udyog Vihar. This relationship type is a synthetic investigative-data label for demonstration."
REL00092,P0240,Saurabh Rana,P0531,Ananya Saxena,19,2026-01-01 21:46 | 2026-01-16 10:55 | 2026-01-23 23:18 | 2026-02-04 20:26 | 2026-02-10 00:35 | 2026-02-14 04:32 | 2026-03-03 07:16 | 2026-03-05 22:54 | 2026-03-11 21:02 | 2026-03-17 02:30 | 2026-03-27 21:24 | 2026-04-05 13:32 | 2026-04-29 10:23 | 2026-05-27 08:22 | 2026-06-21 03:56 | 2026-07-11 05:43 | 2026-08-04 04:40 | 2026-08-12 05:47 | 2026-08-25 06:16,1559 | 245 | 848 | 1127 | 158 | 1373 | 1689 | 1130 | 1771 | 393 | 1707 | 1213 | 308 | 108 | 439 | 787 | 1327 | 1225 | 184,17591,6,2026-01-02 16:09 | 2026-02-03 07:45 | 2026-02-27 09:43 | 2026-05-01 14:42 | 2026-06-27 03:46 | 2026-07-02 00:32,79877.76 | 173609.00 | 100401.16 | 59286.96 | 161386.07 | 58754.06,633315.01,1,2026-08-11 04:19,"Noida, Sector 27",1,0.8556,Sister,"Relationship type: Sister. Phone records show 19 call(s). Transaction records show 6 transaction(s) totaling ₹633,315. Meeting records show 1 meeting(s) at Noida, Sector 27. This relationship type is a synthetic investigative-data label for demonstration."
REL00504,P0433,Isha Sharma,P0598,Yash Sharma,1,2026-08-29 14:33,136,136,1,2026-08-24 00:46,9120.74,9120.74,0,,,0,0.2184,Colleague,"Relationship type: Colleague. Phone records show 1 call(s). Transaction records show 1 transaction(s) totaling ₹9,121. This relationship type is a synthetic investigative-data label for demonstration."
REL00288,P0215,Muskan Gupta,P0269,Ankit Gupta,1,2026-08-26 22:41,180,180,0,,,0.0,1,2026-05-25 20:01,"Noida, Sector 62",0,0.3005,Former Partner,"Relationship type: Former Partner. Phone records show 1 call(s). Meeting records show 1 meeting(s) at Noida, Sector 62. This relationship type is a synthetic investigative-data label for demonstration."
REL00337,P0116,Komal Bansal,P0451,Pooja Chaudhary,0,,,0,0,,,0.0,1,2026-01-27 01:07,"Delhi, Saket",0,0.3264,Neighbour,"Relationship type: Neighbour. Meeting records show 1 meeting(s) at Delhi, Saket. This relationship type is a synthetic investigative-data label for demonstration."
REL00066,P0310,Neha Arora,P0567,Priya Tyagi,20,2026-01-26 01:46 | 2026-01-29 13:55 | 2026-02-02 00:14 | 2026-02-06 16:19 | 2026-02-17 17:44 | 2026-03-01 07:45 | 2026-03-11 11:07 | 2026-03-29 21:49 | 2026-04-20 12:30 | 2026-04-29 04:40 | 2026-05-12 22:38 | 2026-05-14 16:12 | 2026-05-27 14:47 | 2026-05-30 10:25 | 2026-06-09 20:30 | 2026-06-18 22:41 | 2026-06-20 00:36 | 2026-07-23 08:49 | 2026-07-26 22:16 | 2026-08-13 01:30,1730 | 1317 | 299 | 1327 | 989 | 792 | 1538 | 651 | 1668 | 288 | 1421 | 982 | 79 | 740 | 216 | 62 | 1796 | 1214 | 1691 | 418,19218,6,2026-04-13 16:21 | 2026-04-16 01:38 | 2026-04-18 01:02 | 2026-06-15 00:27 | 2026-08-10 15:50 | 2026-08-23 11:34,169382.61 | 159248.41 | 170527.17 | 45226.89 | 82540.64 | 67822.14,694747.86,7,2026-01-26 12:35 | 2026-02-04 08:47 | 2026-02-12 22:47 | 2026-05-30 22:57 | 2026-06-05 07:06 | 2026-06-11 11:31 | 2026-08-12 04:08,"Noida, Sector 18 | Gurugram, DLF Phase 3 | Delhi, Pitampura | Gurugram, Sector 29 | Noida, Sector 18 | Gurugram, Sector 14 | Delhi, Laxmi Nagar",1,0.9589,Friend,"Relationship type: Friend. Phone records show 20 call(s). Transaction records show 6 transaction(s) totaling ₹694,748. Meeting records show 7 meeting(s) at Noida, Sector 18 ,  Gurugram, DLF Phase 3 ,  Delhi, Pitampura ,  Gurugram, Sector 29 ,  Noida, Sector 18 ,  Gurugram, Sector 14 ,  Delhi, Laxmi Nagar. This relationship type is a synthetic investigative-data label for demonstration."
REL00096,P0077,Sumit Rawat,P0408,Shreya Kapoor,13,2026-01-06 09:31 | 2026-01-19 19:26 | 2026-02-23 07:05 | 2026-03-24 17:27 | 2026-03-25 06:28 | 2026-04-02 04:13 | 2026-04-02 21:40 | 2026-04-19 06:42 | 2026-05-07 19:57 | 2026-05-26 17:14 | 2026-06-01 05:27 | 2026-06-20 04:13 | 2026-06-21 00:26,130 | 580 | 1489 | 701 | 759 | 661 | 295 | 1060 | 352 | 205 | 489 | 96 | 1231,8048,8,2026-01-27 10:15 | 2026-03-23 00:20 | 2026-04-16 07:06 | 2026-04-16 10:05 | 2026-05-29 19:37 | 2026-06-26 16:27 | 2026-07-20 00:13 | 2026-07-23 12:54,148456.34 | 4731.59 | 153409.80 | 55232.59 | 52947.45 | 148490.49 | 90832.58 | 173877.66,827978.5,1,2026-02-14 06:12,"Gurugram, Sector 29",1,0.9076,Neighbour,"Relationship type: Neighbour. Phone records show 13 call(s). Transaction records show 8 transaction(s) totaling ₹827,978. Meeting records show 1 meeting(s) at Gurugram, Sector 29. This relationship type is a synthetic investigative-data label for demonstration."
REL00309,P0001,Arjun Tyagi,P0118,Neha Chaudhary,3,2026-03-27 12:51 | 2026-06-07 06:56 | 2026-08-07 07:51,279 | 258 | 530,1067,0,,,0.0,0,,,0,0.24,Colleague,Relationship type: Colleague. Phone records show 3 call(s). This relationship type is a synthetic investigative-data label for demonstration.
REL00189,P0371,Kavya Rawat,P0505,Simran Dahiya,18,2026-01-03 00:48 | 2026-01-14 14:55 | 2026-02-09 22:14 | 2026-02-18 19:32 | 2026-03-10 11:20 | 2026-03-23 14:53 | 2026-03-25 05:24 | 2026-04-09 02:13 | 2026-04-17 13:01 | 2026-04-30 04:19 | 2026-05-04 12:49 | 2026-05-15 16:03 | 2026-05-19 08:53 | 2026-05-22 05:25 | 2026-06-13 12:20 | 2026-06-25 09:52 | 2026-08-19 22:52 | 2026-08-29 11:01,1229 | 646 | 935 | 774 | 620 | 1166 | 1565 | 989 | 1591 | 871 | 935 | 1401 | 1247 | 768 | 532 | 896 | 1538 | 1153,18856,1,2026-04-12 01:41,125841.00,125841.0,7,2026-02-16 07:35 | 2026-02-27 11:22 | 2026-03-01 01:18 | 2026-04-21 06:06 | 2026-05-22 20:03 | 2026-05-25 17:52 | 2026-07-04 17:24,"Delhi, Connaught Place | Faridabad, Sector 37 | Delhi, Karol Bagh | Noida, Greater Noida West | Ghaziabad, Kaushambi | Delhi, Connaught Place | Gurugram, Udyog Vihar",1,0.8519,Neighbour,"Relationship type: Neighbour. Phone records show 18 call(s). Transaction records show 1 transaction(s) totaling ₹125,841. Meeting records show 7 meeting(s) at Delhi, Connaught Place ,  Faridabad, Sector 37 ,  Delhi, Karol Bagh ,  Noida, Greater Noida West ,  Ghaziabad, Kaushambi ,  Delhi, Connaught Place ,  Gurugram, Udyog Vihar. This relationship type is a synthetic investigative-data label for demonstration."
REL00042,P0321,Preeti Chauhan,P0578,Arjun Bhardwaj,18,2026-02-09 11:25 | 2026-02-13 16:27 | 2026-03-15 01:32 | 2026-03-27 08:52 | 2026-04-09 21:51 | 2026-04-11 11:59 | 2026-04-14 14:44 | 2026-04-15 04:15 | 2026-04-24 01:35 | 2026-04-26 01:52 | 2026-05-26 06:56 | 2026-06-01 22:38 | 2026-06-17 01:43 | 2026-06-29 09:37 | 2026-07-13 22:09 | 2026-08-04 04:36 | 2026-08-15 12:37 | 2026-08-16 09:51,596 | 826 | 37 | 913 | 408 | 1168 | 130 | 1662 | 181 | 1332 | 1170 | 1010 | 421 | 1738 | 1094 | 1642 | 806 | 1151,16285,5,2026-01-01 07:21 | 2026-03-14 08:35 | 2026-07-08 16:54 | 2026-08-07 14:51 | 2026-08-13 08:40,17672.11 | 112235.70 | 76929.04 | 48281.59 | 50861.94,305980.38,7,2026-04-23 16:19 | 2026-06-10 19:09 | 2026-06-18 22:18 | 2026-07-04 15:39 | 2026-07-05 13:04 | 2026-08-13 17:33 | 2026-08-20 01:05,"Noida, Sector 16 | Ghaziabad, Raj Nagar | Noida, Sector 18 | Noida, Sector 62 | Greater Noida, Knowledge Park | Noida, Sector 18 | Noida, Greater Noida West",1,0.99,Mother,"Relationship type: Mother. Phone records show 18 call(s). Transaction records show 5 transaction(s) totaling ₹305,980. Meeting records show 7 meeting(s) at Noida, Sector 16 ,  Ghaziabad, Raj Nagar ,  Noida, Sector 18 ,  Noida, Sector 62 ,  Greater Noida, Knowledge Park ,  Noida, Sector 18 ,  Noida, Greater Noida West. This relationship type is a synthetic investigative-data label for demonstration."
REL00369,P0315,Arjun Singh,P0476,Muskan Malik,0,,,0,0,,,0.0,0,,,0,0.3264,Former Partner,"Relationship type: Former Partner. No direct call, transaction, or meeting evidence is recorded in this dataset. This relationship type is a synthetic investigative-data label for demonstration."
REL00037,P0011,Kavya Sharma,P0032,Sumit Yadav,24,2026-01-17 19:20 | 2026-01-20 01:27 | 2026-01-30 05:07 | 2026-02-07 20:15 | 2026-02-10 16:30 | 2026-02-21 14:24 | 2026-03-23 02:24 | 2026-03-29 02:17 | 2026-04-10 06:11 | 2026-04-16 11:10 | 2026-04-22 09:27 | 2026-05-23 09:00 | 2026-06-23 15:29 | 2026-06-24 12:08 | 2026-07-09 06:45 | 2026-07-19 14:38 | 2026-07-27 15:00 | 2026-08-06 03:32 | 2026-08-10 18:55 | 2026-08-13 13:31 | 2026-08-15 00:05 | 2026-08-21 21:02 | 2026-08-27 11:40 | 2026-08-28 09:27,1079 | 488 | 519 | 480 | 996 | 1455 | 1536 | 471 | 592 | 525 | 748 | 733 | 1257 | 822 | 1383 | 165 | 653 | 473 | 35 | 940 | 626 | 202 | 376 | 869,17423,8,2026-02-04 18:47 | 2026-04-23 08:56 | 2026-04-24 08:52 | 2026-05-29 04:55 | 2026-06-25 12:19 | 2026-07-07 01:12 | 2026-08-06 23:15 | 2026-08-27 01:24,170046.64 | 101429.81 | 67312.79 | 93337.60 | 150441.24 | 148797.86 | 31775.94 | 42729.02,805870.9,6,2026-01-31 07:59 | 2026-05-27 04:13 | 2026-06-21 16:07 | 2026-06-26 18:11 | 2026-07-30 09:33 | 2026-08-21 23:00,"Ghaziabad, Crossings Republik | Delhi, Dwarka | Gurugram, Sector 29 | Gurugram, Sector 29 | Noida, Sector 63 | Noida, Sector 63",1,0.985,Colleague,"Relationship type: Colleague. Phone records show 24 call(s). Transaction records show 8 transaction(s) totaling ₹805,871. Meeting records show 6 meeting(s) at Ghaziabad, Crossings Republik ,  Delhi, Dwarka ,  Gurugram, Sector 29 ,  Gurugram, Sector 29 ,  Noida, Sector 63 ,  Noida, Sector 63. This relationship type is a synthetic investigative-data label for demonstration."
REL00557,P0073,Tanya Arora,P0176,Rahul Mishra,1,2026-07-09 14:22,283,283,0,,,0.0,0,,,0,0.3421,Acquaintance,Relationship type: Acquaintance. Phone records show 1 call(s). This relationship type is a synthetic investigative-data label for demonstration.
REL00620,P0093,Kavya Sharma,P0535,Vivaan Chaudhary,2,2026-03-29 01:23 | 2026-07-09 23:23,66 | 56,122,2,2026-06-24 16:41 | 2026-08-11 07:05,18813.84 | 4447.34,23261.18,2,2026-06-18 12:55 | 2026-06-28 00:34,"Gurugram, DLF Phase 2 | Ghaziabad, Crossings Republik",0,0.3459,Associate,"Relationship type: Associate. Phone records show 2 call(s). Transaction records show 2 transaction(s) totaling ₹23,261. Meeting records show 2 meeting(s) at Gurugram, DLF Phase 2 ,  Ghaziabad, Crossings Republik. This relationship type is a synthetic investigative-data label for demonstration."
REL00449,P0283,Shreya Goyal,P0573,Neha Gupta,0,,,0,0,,,0.0,1,2026-05-10 11:27,"Ghaziabad, Crossings Republik",0,0.0901,Neighbour,"Relationship type: Neighbour. Meeting records show 1 meeting(s) at Ghaziabad, Crossings Republik. This relationship type is a synthetic investigative-data label for demonstration."
REL00328,P0094,Karan Kapoor,P0184,Simran Meena,4,2026-01-02 14:17 | 2026-04-13 09:54 | 2026-05-24 22:01 | 2026-06-15 21:04,594 | 392 | 679 | 441,2106,2,2026-05-29 12:42 | 2026-06-18 06:28,12182.76 | 8449.53,20632.29,0,,,0,0.0246,Acquaintance,"Relationship type: Acquaintance. Phone records show 4 call(s). Transaction records show 2 transaction(s) totaling ₹20,632. This relationship type is a synthetic investigative-data label for demonstration."
REL00607,P0032,Sumit Yadav,P0099,Ravi Rana,0,,,0,0,,,0.0,0,,,0,0.2036,Colleague,"Relationship type: Colleague. No direct call, transaction, or meeting evidence is recorded in this dataset. This relationship type is a synthetic investigative-data label for demonstration."
REL00412,P0138,Ankit Bansal,P0194,Ananya Dahiya,2,2026-03-14 23:35 | 2026-04-23 21:55,355 | 284,639,0,,,0.0,2,2026-02-15 18:00 | 2026-07-05 17:57,"Ghaziabad, Raj Nagar | Gurugram, DLF Phase 2",0,0.1919,Colleague,"Relationship type: Colleague. Phone records show 2 call(s). Meeting records show 2 meeting(s) at Ghaziabad, Raj Nagar ,  Gurugram, DLF Phase 2. This relationship type is a synthetic investigative-data label for demonstration."
REL00010,P0474,Preeti Bhardwaj,P0598,Yash Sharma,21,2026-01-17 18:29 | 2026-01-19 15:03 | 2026-02-01 01:30 | 2026-03-04 03:25 | 2026-04-08 06:52 | 2026-04-24 22:39 | 2026-05-04 19:08 | 2026-05-08 14:59 | 2026-05-10 23:29 | 2026-05-11 07:31 | 2026-05-24 03:24 | 2026-06-12 13:59 | 2026-06-16 11:33 | 2026-06-18 16:07 | 2026-06-22 01:18 | 2026-06-28 20:19 | 2026-07-01 07:40 | 2026-07-21 13:39 | 2026-08-03 09:29 | 2026-08-20 01:54 | 2026-08-25 13:03,1374 | 925 | 630 | 1548 | 999 | 1080 | 598 | 603 | 260 | 1430 | 350 | 957 | 1751 | 121 | 57 | 1257 | 546 | 933 | 52 | 755 | 1243,17469,2,2026-02-21 04:41 | 2026-08-12 21:28,51639.66 | 33072.99,84712.65,8,2026-01-05 20:13 | 2026-01-22 05:00 | 2026-04-06 10:41 | 2026-06-08 04:20 | 2026-06-11 02:47 | 2026-07-05 12:27 | 2026-07-25 03:16 | 2026-08-08 23:28,"Gurugram, Sector 18 | Ghaziabad, Crossings Republik | Ghaziabad, Vaishali | Gurugram, Manesar | Greater Noida, Alpha 1 | Delhi, Najafgarh | Delhi, Laxmi Nagar | Noida, Sector 63",1,0.9359,Spouse,"Relationship type: Spouse. Phone records show 21 call(s). Transaction records show 2 transaction(s) totaling ₹84,713. Meeting records show 8 meeting(s) at Gurugram, Sector 18 ,  Ghaziabad, Crossings Republik ,  Ghaziabad, Vaishali ,  Gurugram, Manesar ,  Greater Noida, Alpha 1 ,  Delhi, Najafgarh ,  Delhi, Laxmi Nagar ,  Noida, Sector 63. This relationship type is a synthetic investigative-data label for demonstration."
REL00068,P0297,Ravi Singh,P0324,Harsh Dahiya,16,2026-02-27 06:07 | 2026-03-11 22:24 | 2026-03-15 11:10 | 2026-03-21 16:16 | 2026-03-25 11:14 | 2026-04-20 19:05 | 2026-04-21 06:02 | 2026-04-24 22:12 | 2026-04-29 16:35 | 2026-05-30 00:21 | 2026-06-14 21:05 | 2026-06-30 10:00 | 2026-07-13 05:01 | 2026-07-22 17:33 | 2026-07-27 05:49 | 2026-08-16 13:31,496 | 1041 | 1767 | 1578 | 884 | 1555 | 825 | 1607 | 1415 | 864 | 1442 | 467 | 131 | 1697 | 1429 | 703,17901,4,2026-03-08 15:52 | 2026-03-16 14:04 | 2026-06-19 00:23 | 2026-06-30 23:28,71913.35 | 111253.95 | 26703.44 | 8569.02,218439.76,6,2026-02-20 05:50 | 2026-03-19 20:27 | 2026-03-24 02:37 | 2026-04-14 13:39 | 2026-05-02 10:44 | 2026-07-17 20:22,"Noida, Sector 16 | Ghaziabad, Raj Nagar | Greater Noida, Knowledge Park | Delhi, Rohini | Greater Noida, Pari Chowk | Noida, Greater Noida West",1,0.99,Relative,"Relationship type: Relative. Phone records show 16 call(s). Transaction records show 4 transaction(s) totaling ₹218,440. Meeting records show 6 meeting(s) at Noida, Sector 16 ,  Ghaziabad, Raj Nagar ,  Greater Noida, Knowledge Park ,  Delhi, Rohini ,  Greater Noida, Pari Chowk ,  Noida, Greater Noida West. This relationship type is a synthetic investigative-data label for demonstration."
REL00477,P0002,Harsh Narang,P0319,Aditya Yadav,2,2026-05-30 06:34 | 2026-08-16 21:14,128 | 35,163,0,,,0.0,0,,,0,0.1442,Associate,Relationship type: Associate. Phone records show 2 call(s). This relationship type is a synthetic investigative-data label for demonstration.
REL00351,P0131,Rahul Rawat,P0315,Arjun Singh,1,2026-05-22 02:04,329,329,1,2026-05-06 12:42,27037.22,27037.22,2,2026-01-04 22:11 | 2026-04-06 11:42,"Gurugram, DLF Phase 2 | Delhi, Najafgarh",0,0.2623,Associate,"Relationship type: Associate. Phone records show 1 call(s). Transaction records show 1 transaction(s) totaling ₹27,037. Meeting records show 2 meeting(s) at Gurugram, DLF Phase 2 ,  Delhi, Najafgarh. This relationship type is a synthetic investigative-data label for demonstration."
REL00129,P0425,Pooja Malik,P0440,Pooja Bhardwaj,4,2026-01-06 17:33 | 2026-01-21 23:24 | 2026-03-14 22:59 | 2026-05-14 07:38,747 | 796 | 1683 | 968,4194,1,2026-05-07 20:19,60727.61,60727.61,7,2026-01-04 04:24 | 2026-02-09 04:08 | 2026-02-11 06:23 | 2026-03-24 13:45 | 2026-04-22 22:07 | 2026-04-24 12:28 | 2026-08-20 11:09,"Delhi, Saket | Greater Noida, Pari Chowk | Greater Noida, Alpha 1 | Ghaziabad, Crossings Republik | Noida, Sector 16 | Delhi, Karol Bagh | Faridabad, Sector 37",1,0.7156,Father,"Relationship type: Father. Phone records show 4 call(s). Transaction records show 1 transaction(s) totaling ₹60,728. Meeting records show 7 meeting(s) at Delhi, Saket ,  Greater Noida, Pari Chowk ,  Greater Noida, Alpha 1 ,  Ghaziabad, Crossings Republik ,  Noida, Sector 16 ,  Delhi, Karol Bagh ,  Faridabad, Sector 37. This relationship type is a synthetic investigative-data label for demonstration."
REL00575,P0250,Divya Narang,P0326,Ravi Bhati,1,2026-05-27 23:05,133,133,1,2026-05-30 19:16,17850.29,17850.29,0,,,0,0.236,Former Partner,"Relationship type: Former Partner. Phone records show 1 call(s). Transaction records show 1 transaction(s) totaling ₹17,850. This relationship type is a synthetic investigative-data label for demonstration."
REL00451,P0305,Rahul Bansal,P0528,Mohit Aggarwal,0,,,0,0,,,0.0,1,2026-06-02 01:55,"Ghaziabad, Raj Nagar",0,0.3018,Associate,"Relationship type: Associate. Meeting records show 1 meeting(s) at Ghaziabad, Raj Nagar. This relationship type is a synthetic investigative-data label for demonstration."
REL00474,P0167,Manish Pandey,P0551,Shreya Pandey,1,2026-04-29 22:32,452,452,0,,,0.0,0,,,0,0.2716,Colleague,Relationship type: Colleague. Phone records show 1 call(s). This relationship type is a synthetic investigative-data label for demonstration.
REL00260,P0142,Manish Bhardwaj,P0470,Ananya Gupta,1,2026-08-09 12:53,575,575,0,,,0.0,2,2026-02-16 01:10 | 2026-04-20 17:48,"Ghaziabad, Crossings Republik | Ghaziabad, Crossings Republik",0,0.0682,Neighbour,"Relationship type: Neighbour. Phone records show 1 call(s). Meeting records show 2 meeting(s) at Ghaziabad, Crossings Republik ,  Ghaziabad, Crossings Republik. This relationship type is a synthetic investigative-data label for demonstration."
REL00296,P0249,Shreya Sharma,P0255,Karan Arora,2,2026-01-29 09:19 | 2026-07-13 11:21,122 | 117,239,0,,,0.0,0,,,0,0.1383,Neighbour,Relationship type: Neighbour. Phone records show 2 call(s). This relationship type is a synthetic investigative-data label for demonstration.
REL00273,P0389,Mohit Bansal,P0559,Rohan Goyal,1,2026-03-28 21:50,61,61,0,,,0.0,0,,,0,0.3275,Neighbour,Relationship type: Neighbour. Phone records show 1 call(s). This relationship type is a synthetic investigative-data label for demonstration.
REL00584,P0196,Nikhil Bhardwaj,P0288,Arjun Singh,0,,,0,1,2026-07-12 21:51,14484.12,14484.12,1,2026-06-19 19:56,"Gurugram, DLF Phase 2",0,0.1987,Acquaintance,"Relationship type: Acquaintance. Transaction records show 1 transaction(s) totaling ₹14,484. Meeting records show 1 meeting(s) at Gurugram, DLF Phase 2. This relationship type is a synthetic investigative-data label for demonstration."
REL00334,P0098,Jyoti Bhati,P0289,Aditya Singh,2,2026-05-21 13:39 | 2026-06-21 15:24,399 | 427,826,0,,,0.0,1,2026-02-01 04:27,"Delhi, Mayur Vihar",0,0.1024,Former Partner,"Relationship type: Former Partner. Phone records show 2 call(s). Meeting records show 1 meeting(s) at Delhi, Mayur Vihar. This relationship type is a synthetic investigative-data label for demonstration."
REL00320,P0440,Pooja Bhardwaj,P0506,Mohit Gupta,0,,,0,0,,,0.0,1,2026-08-26 05:52,"Gurugram, Udyog Vihar",0,0.2225,Associate,"Relationship type: Associate. Meeting records show 1 meeting(s) at Gurugram, Udyog Vihar. This relationship type is a synthetic investigative-data label for demonstration."
REL00384,P0117,Rohan Rawat,P0192,Isha Jain,2,2026-03-02 03:09 | 2026-05-22 08:42,666 | 682,1348,0,,,0.0,0,,,0,0.1698,Colleague,Relationship type: Colleague. Phone records show 2 call(s). This relationship type is a synthetic investigative-data label for demonstration.
REL00530,P0176,Rahul Mishra,P0403,Rohan Bhati,1,2026-07-17 15:16,576,576,0,,,0.0,1,2026-04-02 21:30,"Noida, Sector 62",0,0.1972,Acquaintance,"Relationship type: Acquaintance. Phone records show 1 call(s). Meeting records show 1 meeting(s) at Noida, Sector 62. This relationship type is a synthetic investigative-data label for demonstration."
REL00367,P0068,Amit Dahiya,P0351,Divya Mishra,4,2026-03-07 23:20 | 2026-04-26 22:42 | 2026-05-23 18:47 | 2026-07-29 00:17,464 | 342 | 481 | 241,1528,0,,,0.0,2,2026-02-09 10:35 | 2026-05-25 10:07,"Ghaziabad, Crossings Republik | Ghaziabad, Indirapuram",0,0.1049,Colleague,"Relationship type: Colleague. Phone records show 4 call(s). Meeting records show 2 meeting(s) at Ghaziabad, Crossings Republik ,  Ghaziabad, Indirapuram. This relationship type is a synthetic investigative-data label for demonstration."
REL00520,P0008,Tanya Dahiya,P0468,Karan Narang,3,2026-01-18 22:40 | 2026-05-11 20:15 | 2026-06-14 07:15,679 | 66 | 89,834,1,2026-01-23 06:38,27108.08,27108.08,0,,,0,0.2776,Associate,"Relationship type: Associate. Phone records show 3 call(s). Transaction records show 1 transaction(s) totaling ₹27,108. This relationship type is a synthetic investigative-data label for demonstration."
REL00596,P0193,Rohan Yadav,P0548,Priya Saini,2,2026-02-17 07:23 | 2026-06-09 04:58,685 | 550,1235,0,,,0.0,0,,,0,0.325,Former Partner,Relationship type: Former Partner. Phone records show 2 call(s). This relationship type is a synthetic investigative-data label for demonstration.
REL00262,P0362,Saurabh Chaudhary,P0391,Simran Aggarwal,1,2026-01-17 17:51,438,438,2,2026-01-16 11:45 | 2026-05-04 06:59,28049.30 | 17893.00,45942.3,0,,,0,0.0206,Associate,"Relationship type: Associate. Phone records show 1 call(s). Transaction records show 2 transaction(s) totaling ₹45,942. This relationship type is a synthetic investigative-data label for demonstration."
REL00168,P0117,Rohan Rawat,P0272,Nikhil Rawat,5,2026-02-20 12:56 | 2026-03-17 08:59 | 2026-04-13 13:57 | 2026-08-06 15:32 | 2026-08-09 18:30,1629 | 661 | 552 | 959 | 1243,5044,8,2026-01-19 08:04 | 2026-03-08 08:43 | 2026-04-08 20:46 | 2026-04-13 08:01 | 2026-05-09 02:34 | 2026-05-17 13:13 | 2026-05-22 17:10 | 2026-07-31 15:47,3782.09 | 62057.71 | 60203.90 | 160000.57 | 40103.95 | 140301.25 | 103968.44 | 120631.51,691049.42,5,2026-02-23 19:26 | 2026-03-11 15:37 | 2026-03-15 17:54 | 2026-05-05 07:31 | 2026-05-05 16:22,"Greater Noida, Alpha 1 | Gurugram, DLF Phase 2 | Gurugram, Udyog Vihar | Delhi, Connaught Place | Noida, Sector 18",1,0.8637,Neighbour,"Relationship type: Neighbour. Phone records show 5 call(s). Transaction records show 8 transaction(s) totaling ₹691,049. Meeting records show 5 meeting(s) at Greater Noida, Alpha 1 ,  Gurugram, DLF Phase 2 ,  Gurugram, Udyog Vihar ,  Delhi, Connaught Place ,  Noida, Sector 18. This relationship type is a synthetic investigative-data label for demonstration."
REL00115,P0103,Ankit Goyal,P0586,Deepak Gupta,4,2026-01-22 20:22 | 2026-03-12 20:16 | 2026-04-29 07:20 | 2026-05-25 23:46,283 | 1424 | 1762 | 305,3774,8,2026-01-15 11:10 | 2026-01-25 17:44 | 2026-02-08 06:28 | 2026-02-10 17:36 | 2026-02-13 19:35 | 2026-04-19 05:42 | 2026-05-04 20:20 | 2026-08-23 02:04,118133.72 | 14476.54 | 31740.93 | 166403.71 | 31405.78 | 168668.11 | 142250.50 | 74548.31,747627.6,7,2026-01-02 17:18 | 2026-01-24 00:13 | 2026-03-28 02:44 | 2026-04-29 19:30 | 2026-05-12 01:18 | 2026-06-10 17:58 | 2026-08-18 12:39,"Gurugram, Sector 18 | Delhi, Connaught Place | Greater Noida, Alpha 1 | Delhi, Shahdara | Noida, Sector 15 | Gurugram, Sector 29 | Ghaziabad, Indirapuram",1,0.8254,Mother,"Relationship type: Mother. Phone records show 4 call(s). Transaction records show 8 transaction(s) totaling ₹747,628. Meeting records show 7 meeting(s) at Gurugram, Sector 18 ,  Delhi, Connaught Place ,  Greater Noida, Alpha 1 ,  Delhi, Shahdara ,  Noida, Sector 15 ,  Gurugram, Sector 29 ,  Ghaziabad, Indirapuram. This relationship type is a synthetic investigative-data label for demonstration."
REL00044,P0062,Sumit Rana,P0281,Pooja Chaudhary,17,2026-01-20 03:47 | 2026-01-27 20:16 | 2026-02-25 07:04 | 2026-03-06 02:19 | 2026-03-13 00:17 | 2026-04-22 09:16 | 2026-04-25 15:57 | 2026-05-08 07:41 | 2026-05-08 23:32 | 2026-05-26 05:12 | 2026-06-03 02:12 | 2026-06-03 09:44 | 2026-07-03 06:28 | 2026-07-14 05:37 | 2026-07-25 10:49 | 2026-08-02 07:53 | 2026-08-20 13:48,1409 | 1676 | 826 | 392 | 1288 | 762 | 450 | 1453 | 258 | 1299 | 913 | 875 | 1197 | 1639 | 1500 | 410 | 1059,17406,2,2026-01-27 02:09 | 2026-02-09 09:09,176299.21 | 61448.03,237747.24,2,2026-05-23 06:28 | 2026-08-16 00:25,"Gurugram, DLF Phase 2 | Delhi, Najafgarh",1,0.9381,Brother,"Relationship type: Brother. Phone records show 17 call(s). Transaction records show 2 transaction(s) totaling ₹237,747. Meeting records show 2 meeting(s) at Gurugram, DLF Phase 2 ,  Delhi, Najafgarh. This relationship type is a synthetic investigative-data label for demonstration."
REL00229,P0241,Naina Khanna,P0597,Mohit Narang,0,,,0,0,,,0.0,0,,,0,0.199,Associate,"Relationship type: Associate. No direct call, transaction, or meeting evidence is recorded in this dataset. This relationship type is a synthetic investigative-data label for demonstration."
REL00553,P0232,Sakshi Meena,P0268,Rahul Sharma,1,2026-04-14 12:22,589,589,0,,,0.0,1,2026-05-26 00:52,"Faridabad, Sector 37",0,0.1592,Associate,"Relationship type: Associate. Phone records show 1 call(s). Meeting records show 1 meeting(s) at Faridabad, Sector 37. This relationship type is a synthetic investigative-data label for demonstration."
REL00347,P0490,Yash Aggarwal,P0592,Sumit Goyal,0,,,0,1,2026-03-14 02:36,1581.79,1581.79,1,2026-03-01 15:39,"Ghaziabad, Vaishali",0,0.115,Acquaintance,"Relationship type: Acquaintance. Transaction records show 1 transaction(s) totaling ₹1,582. Meeting records show 1 meeting(s) at Ghaziabad, Vaishali. This relationship type is a synthetic investigative-data label for demonstration."
REL00121,P0020,Sonam Bhardwaj,P0267,Isha Verma,13,2026-01-12 05:46 | 2026-01-23 00:30 | 2026-02-17 15:46 | 2026-04-12 09:27 | 2026-04-17 09:00 | 2026-04-18 16:14 | 2026-05-05 01:38 | 2026-05-14 15:48 | 2026-05-16 16:56 | 2026-06-21 15:21 | 2026-07-24 15:36 | 2026-07-29 08:28 | 2026-08-22 05:26,1271 | 1792 | 1438 | 909 | 332 | 1308 | 261 | 1597 | 444 | 1107 | 1766 | 46 | 520,12791,5,2026-02-01 06:29 | 2026-02-05 14:47 | 2026-07-04 20:16 | 2026-08-16 01:50 | 2026-08-21 05:52,114725.32 | 93878.17 | 90955.69 | 3921.10 | 114107.92,417588.2,2,2026-02-15 15:19 | 2026-07-21 05:01,"Faridabad, Sector 15 | Ghaziabad, Crossings Republik",1,0.9645,Family,"Relationship type: Family. Phone records show 13 call(s). Transaction records show 5 transaction(s) totaling ₹417,588. Meeting records show 2 meeting(s) at Faridabad, Sector 15 ,  Ghaziabad, Crossings Republik. This relationship type is a synthetic investigative-data label for demonstration."
REL00227,P0165,Deepak Kapoor,P0564,Mohit Rana,0,,,0,0,,,0.0,0,,,0,0.05,Colleague,"Relationship type: Colleague. No direct call, transaction, or meeting evidence is recorded in this dataset. This relationship type is a synthetic investigative-data label for demonstration."
REL00025,P0166,Mehak Saxena,P0485,Ananya Tiwari,8,2026-01-09 00:39 | 2026-01-19 15:14 | 2026-01-30 23:36 | 2026-02-12 08:48 | 2026-03-07 14:17 | 2026-05-27 10:37 | 2026-06-09 04:12 | 2026-07-31 11:00,1075 | 1504 | 1002 | 660 | 1614 | 646 | 693 | 193,7387,3,2026-02-23 01:27 | 2026-03-06 01:24 | 2026-07-05 07:34,127310.55 | 164903.79 | 2426.44,294640.78,4,2026-05-02 17:51 | 2026-06-09 14:06 | 2026-06-12 10:14 | 2026-08-03 00:16,"Noida, Sector 18 | Noida, Sector 18 | Delhi, Okhla | Gurugram, DLF Phase 3",1,0.9791,Associate,"Relationship type: Associate. Phone records show 8 call(s). Transaction records show 3 transaction(s) totaling ₹294,641. Meeting records show 4 meeting(s) at Noida, Sector 18 ,  Noida, Sector 18 ,  Delhi, Okhla ,  Gurugram, DLF Phase 3. This relationship type is a synthetic investigative-data label for demonstration."
REL00183,P0259,Nikhil Kumar,P0557,Simran Meena,13,2026-01-06 04:29 | 2026-01-06 07:49 | 2026-02-15 21:22 | 2026-03-12 03:05 | 2026-04-17 12:00 | 2026-05-29 04:39 | 2026-05-30 04:39 | 2026-05-31 10:50 | 2026-06-12 14:07 | 2026-06-25 22:10 | 2026-07-03 19:17 | 2026-07-06 21:21 | 2026-07-11 06:51,1457 | 913 | 767 | 327 | 567 | 176 | 280 | 910 | 1776 | 1222 | 838 | 1399 | 1079,11711,1,2026-05-29 23:36,128277.39,128277.39,8,2026-01-07 22:46 | 2026-03-02 16:36 | 2026-03-13 04:56 | 2026-03-28 20:35 | 2026-04-22 11:18 | 2026-06-04 06:48 | 2026-06-08 08:16 | 2026-07-25 08:55,"Noida, Greater Noida West | Noida, Sector 18 | Ghaziabad, Kaushambi | Ghaziabad, Vaishali | Greater Noida, Alpha 1 | Ghaziabad, Raj Nagar | Faridabad, Sector 15 | Delhi, Najafgarh",1,0.859,Colleague,"Relationship type: Colleague. Phone records show 13 call(s). Transaction records show 1 transaction(s) totaling ₹128,277. Meeting records show 8 meeting(s) at Noida, Greater Noida West ,  Noida, Sector 18 ,  Ghaziabad, Kaushambi ,  Ghaziabad, Vaishali ,  Greater Noida, Alpha 1 ,  Ghaziabad, Raj Nagar ,  Faridabad, Sector 15 ,  Delhi, Najafgarh. This relationship type is a synthetic investigative-data label for demonstration."
REL00649,P0013,Simran Tiwari,P0301,Rahul Saini,0,,,0,0,,,0.0,0,,,0,0.1111,Acquaintance,"Relationship type: Acquaintance. No direct call, transaction, or meeting evidence is recorded in this dataset. This relationship type is a synthetic investigative-data label for demonstration."
REL00476,P0287,Ravi Malik,P0528,Mohit Aggarwal,0,,,0,1,2026-06-19 05:24,19039.04,19039.04,1,2026-02-05 21:25,"Gurugram, Udyog Vihar",0,0.2371,Associate,"Relationship type: Associate. Transaction records show 1 transaction(s) totaling ₹19,039. Meeting records show 1 meeting(s) at Gurugram, Udyog Vihar. This relationship type is a synthetic investigative-data label for demonstration."
REL00633,P0039,Priya Bhati,P0549,Vikas Bhati,1,2026-01-20 04:42,513,513,2,2026-02-05 21:28 | 2026-08-03 17:14,24637.76 | 9211.60,33849.36,0,,,0,0.3278,Associate,"Relationship type: Associate. Phone records show 1 call(s). Transaction records show 2 transaction(s) totaling ₹33,849. This relationship type is a synthetic investigative-data label for demonstration."
REL00393,P0326,Ravi Bhati,P0437,Priya Verma,1,2026-06-07 20:20,390,390,0,,,0.0,0,,,0,0.0225,Former Partner,Relationship type: Former Partner. Phone records show 1 call(s). This relationship type is a synthetic investigative-data label for demonstration.
REL00616,P0075,Ankit Kapoor,P0076,Yash Rawat,3,2026-05-30 03:53 | 2026-08-17 10:00 | 2026-08-29 13:20,620 | 698 | 549,1867,2,2026-01-12 12:32 | 2026-07-25 18:15,16410.30 | 8714.90,25125.2,0,,,0,0.081,Former Partner,"Relationship type: Former Partner. Phone records show 3 call(s). Transaction records show 2 transaction(s) totaling ₹25,125. This relationship type is a synthetic investigative-data label for demonstration."
REL00491,P0091,Naina Singh,P0502,Kavya Singh,4,2026-01-17 12:54 | 2026-04-05 11:39 | 2026-04-22 20:04 | 2026-07-16 07:33,428 | 660 | 671 | 61,1820,1,2026-03-30 00:24,20437.05,20437.05,0,,,0,0.1286,Acquaintance,"Relationship type: Acquaintance. Phone records show 4 call(s). Transaction records show 1 transaction(s) totaling ₹20,437. This relationship type is a synthetic investigative-data label for demonstration."
REL00577,P0443,Isha Chaudhary,P0599,Preeti Sharma,4,2026-01-05 20:29 | 2026-05-04 13:38 | 2026-05-05 02:46 | 2026-05-29 04:56,337 | 125 | 492 | 576,1530,1,2026-04-09 09:25,11247.76,11247.76,0,,,0,0.3132,Former Partner,"Relationship type: Former Partner. Phone records show 4 call(s). Transaction records show 1 transaction(s) totaling ₹11,248. This relationship type is a synthetic investigative-data label for demonstration."
REL00416,P0144,Ravi Saini,P0432,Jyoti Meena,3,2026-04-16 08:13 | 2026-06-13 21:16 | 2026-07-19 21:18,145 | 541 | 303,989,0,,,0.0,1,2026-04-14 15:06,"Delhi, Karol Bagh",0,0.0126,Neighbour,"Relationship type: Neighbour. Phone records show 3 call(s). Meeting records show 1 meeting(s) at Delhi, Karol Bagh. This relationship type is a synthetic investigative-data label for demonstration."
REL00236,P0444,Vikas Chaudhary,P0572,Riya Aggarwal,1,2026-08-25 17:40,386,386,0,,,0.0,0,,,0,0.2576,Associate,Relationship type: Associate. Phone records show 1 call(s). This relationship type is a synthetic investigative-data label for demonstration.
REL00602,P0062,Sumit Rana,P0598,Yash Sharma,2,2026-01-28 10:29 | 2026-06-25 08:09,310 | 77,387,1,2026-04-10 07:25,20539.01,20539.01,0,,,0,0.2665,Former Partner,"Relationship type: Former Partner. Phone records show 2 call(s). Transaction records show 1 transaction(s) totaling ₹20,539. This relationship type is a synthetic investigative-data label for demonstration."
REL00198,P0172,Aditi Gupta,P0376,Varun Malik,13,2026-01-03 23:08 | 2026-01-06 04:22 | 2026-03-21 23:30 | 2026-04-07 11:07 | 2026-04-14 09:42 | 2026-04-17 21:10 | 2026-04-18 22:42 | 2026-04-25 21:44 | 2026-05-10 04:50 | 2026-06-15 11:39 | 2026-06-30 04:14 | 2026-06-30 07:00 | 2026-07-03 01:28,224 | 1548 | 1476 | 1301 | 688 | 641 | 650 | 1779 | 1437 | 890 | 663 | 172 | 490,11959,9,2026-01-28 06:38 | 2026-02-28 13:15 | 2026-05-18 20:42 | 2026-05-31 19:07 | 2026-07-10 18:43 | 2026-08-11 13:45 | 2026-08-14 15:17 | 2026-08-21 04:31 | 2026-08-28 23:08,34617.07 | 108332.81 | 124456.90 | 10611.32 | 63263.23 | 89911.46 | 33680.76 | 68914.00 | 148223.32,682010.87,5,2026-04-29 00:22 | 2026-05-04 14:53 | 2026-05-20 06:06 | 2026-07-18 00:00 | 2026-08-10 01:57,"Delhi, Mayur Vihar | Delhi, Pitampura | Delhi, Pitampura | Noida, Sector 63 | Faridabad, Sector 37",1,0.9604,Mother,"Relationship type: Mother. Phone records show 13 call(s). Transaction records show 9 transaction(s) totaling ₹682,011. Meeting records show 5 meeting(s) at Delhi, Mayur Vihar ,  Delhi, Pitampura ,  Delhi, Pitampura ,  Noida, Sector 63 ,  Faridabad, Sector 37. This relationship type is a synthetic investigative-data label for demonstration."
REL00329,P0285,Deepak Rawat,P0530,Varun Bhati,0,,,0,0,,,0.0,1,2026-03-31 10:49,"Noida, Sector 63",0,0.2161,Neighbour,"Relationship type: Neighbour. Meeting records show 1 meeting(s) at Noida, Sector 63. This relationship type is a synthetic investigative-data label for demonstration."
REL00429,P0533,Manish Bhati,P0564,Mohit Rana,1,2026-02-26 03:53,601,601,0,,,0.0,0,,,0,0.2527,Colleague,Relationship type: Colleague. Phone records show 1 call(s). This relationship type is a synthetic investigative-data label for demonstration.
REL00552,P0169,Mohit Sharma,P0259,Nikhil Kumar,3,2026-01-29 02:41 | 2026-03-19 22:56 | 2026-06-23 21:15,176 | 321 | 210,707,0,,,0.0,0,,,0,0.1646,Associate,Relationship type: Associate. Phone records show 3 call(s). This relationship type is a synthetic investigative-data label for demonstration.
REL00006,P0122,Kavya Narang,P0295,Varun Ahuja,24,2026-01-01 10:27 | 2026-01-08 20:49 | 2026-01-18 05:04 | 2026-01-28 00:28 | 2026-01-30 10:05 | 2026-01-30 11:00 | 2026-02-12 01:10 | 2026-02-18 22:08 | 2026-02-28 05:29 | 2026-03-01 08:50 | 2026-03-14 07:10 | 2026-04-10 17:47 | 2026-04-28 09:11 | 2026-05-12 10:56 | 2026-05-15 04:03 | 2026-05-17 21:42 | 2026-05-29 20:41 | 2026-07-02 04:15 | 2026-07-09 11:36 | 2026-07-18 16:25 | 2026-07-24 01:30 | 2026-08-07 17:18 | 2026-08-16 03:22 | 2026-08-19 11:34,186 | 742 | 752 | 1450 | 1693 | 1095 | 1738 | 1205 | 54 | 1558 | 314 | 1537 | 272 | 1507 | 1435 | 1075 | 1432 | 1731 | 343 | 328 | 270 | 729 | 1515 | 1387,24348,1,2026-07-09 02:50,136885.03,136885.03,8,2026-04-13 12:56 | 2026-04-14 14:40 | 2026-06-08 21:00 | 2026-06-10 00:27 | 2026-06-25 03:40 | 2026-07-22 12:18 | 2026-08-14 13:10 | 2026-08-27 23:22,"Gurugram, Sector 29 | Ghaziabad, Raj Nagar | Noida, Sector 63 | Greater Noida, Alpha 1 | Delhi, Okhla | Delhi, Connaught Place | Noida, Greater Noida West | Delhi, Pitampura",1,0.8623,Partner,"Relationship type: Partner. Phone records show 24 call(s). Transaction records show 1 transaction(s) totaling ₹136,885. Meeting records show 8 meeting(s) at Gurugram, Sector 29 ,  Ghaziabad, Raj Nagar ,  Noida, Sector 63 ,  Greater Noida, Alpha 1 ,  Delhi, Okhla ,  Delhi, Connaught Place ,  Noida, Greater Noida West ,  Delhi, Pitampura. This relationship type is a synthetic investigative-data label for demonstration."
REL00043,P0421,Vikas Saini,P0489,Ananya Khanna,20,2026-01-04 16:15 | 2026-02-02 20:48 | 2026-02-03 19:16 | 2026-02-07 23:10 | 2026-02-14 04:15 | 2026-02-28 03:16 | 2026-03-15 14:57 | 2026-04-05 15:04 | 2026-04-20 15:25 | 2026-05-18 16:44 | 2026-05-18 16:58 | 2026-05-19 20:34 | 2026-05-27 23:46 | 2026-05-28 08:30 | 2026-05-30 08:35 | 2026-06-13 20:22 | 2026-06-20 03:54 | 2026-06-27 13:05 | 2026-07-27 16:43 | 2026-07-28 00:26,1519 | 1071 | 270 | 504 | 175 | 882 | 510 | 275 | 1715 | 838 | 1509 | 365 | 581 | 848 | 524 | 740 | 301 | 261 | 115 | 1543,14546,1,2026-04-14 18:02,144533.65,144533.65,4,2026-01-14 00:46 | 2026-01-29 07:42 | 2026-05-26 06:14 | 2026-07-12 06:36,"Gurugram, Sector 18 | Delhi, Saket | Greater Noida, Alpha 1 | Delhi, Pitampura",1,0.8529,Former Partner,"Relationship type: Former Partner. Phone records show 20 call(s). Transaction records show 1 transaction(s) totaling ₹144,534. Meeting records show 4 meeting(s) at Gurugram, Sector 18 ,  Delhi, Saket ,  Greater Noida, Alpha 1 ,  Delhi, Pitampura. This relationship type is a synthetic investigative-data label for demonstration."
REL00484,P0315,Arjun Singh,P0417,Komal Ahuja,0,,,0,1,2026-05-09 08:09,23759.65,23759.65,0,,,0,0.0618,Acquaintance,"Relationship type: Acquaintance. Transaction records show 1 transaction(s) totaling ₹23,760. This relationship type is a synthetic investigative-data label for demonstration."
REL00609,P0395,Tanya Verma,P0403,Rohan Bhati,4,2026-01-31 13:02 | 2026-02-03 21:24 | 2026-05-05 02:40 | 2026-07-25 18:54,75 | 640 | 220 | 451,1386,0,,,0.0,0,,,0,0.2535,Acquaintance,Relationship type: Acquaintance. Phone records show 4 call(s). This relationship type is a synthetic investigative-data label for demonstration.
REL00255,P0080,Sonam Bansal,P0598,Yash Sharma,1,2026-08-22 23:11,343,343,0,,,0.0,0,,,0,0.2508,Neighbour,Relationship type: Neighbour. Phone records show 1 call(s). This relationship type is a synthetic investigative-data label for demonstration.
REL00008,P0101,Aarav Goyal,P0399,Simran Bhardwaj,5,2026-03-30 09:47 | 2026-04-16 22:09 | 2026-05-27 08:09 | 2026-08-26 16:00 | 2026-08-26 18:49,1508 | 1009 | 416 | 711 | 1138,4782,5,2026-01-17 12:25 | 2026-04-05 05:48 | 2026-05-07 08:30 | 2026-05-25 18:45 | 2026-06-02 22:27,141340.33 | 48430.48 | 168823.74 | 116005.48 | 100011.59,574611.62,4,2026-03-26 01:58 | 2026-04-23 21:59 | 2026-05-04 20:44 | 2026-07-22 04:45,"Delhi, Pitampura | Delhi, Shahdara | Greater Noida, Pari Chowk | Gurugram, Manesar",1,0.8504,Neighbour,"Relationship type: Neighbour. Phone records show 5 call(s). Transaction records show 5 transaction(s) totaling ₹574,612. Meeting records show 4 meeting(s) at Delhi, Pitampura ,  Delhi, Shahdara ,  Greater Noida, Pari Chowk ,  Gurugram, Manesar. This relationship type is a synthetic investigative-data label for demonstration."
REL00193,P0181,Pooja Pandey,P0439,Nikhil Bhardwaj,19,2026-01-01 08:40 | 2026-01-24 12:05 | 2026-02-17 13:16 | 2026-02-20 16:58 | 2026-02-21 22:40 | 2026-04-03 03:05 | 2026-04-05 20:57 | 2026-04-10 04:24 | 2026-04-22 07:44 | 2026-04-26 17:53 | 2026-05-01 03:04 | 2026-05-03 02:08 | 2026-05-20 19:48 | 2026-05-23 17:10 | 2026-06-06 21:41 | 2026-06-06 23:44 | 2026-06-30 09:36 | 2026-07-12 19:30 | 2026-08-13 00:43,889 | 1663 | 270 | 991 | 1460 | 1665 | 1118 | 287 | 281 | 399 | 1695 | 1308 | 1512 | 1167 | 1666 | 538 | 788 | 1586 | 191,19474,9,2026-03-03 20:59 | 2026-03-19 08:41 | 2026-04-24 13:03 | 2026-04-27 02:14 | 2026-05-29 02:38 | 2026-06-09 23:56 | 2026-07-16 07:11 | 2026-07-19 21:13 | 2026-07-24 09:12,141816.61 | 84120.61 | 99907.00 | 121954.88 | 151763.17 | 45020.71 | 77542.06 | 18922.19 | 122757.80,863805.03,4,2026-01-30 11:49 | 2026-06-25 03:33 | 2026-06-28 12:58 | 2026-07-18 15:33,"Delhi, Karol Bagh | Ghaziabad, Raj Nagar | Delhi, Pitampura | Ghaziabad, Indirapuram",1,0.9526,Partner,"Relationship type: Partner. Phone records show 19 call(s). Transaction records show 9 transaction(s) totaling ₹863,805. Meeting records show 4 meeting(s) at Delhi, Karol Bagh ,  Ghaziabad, Raj Nagar ,  Delhi, Pitampura ,  Ghaziabad, Indirapuram. This relationship type is a synthetic investigative-data label for demonstration."
REL00308,P0223,Aditi Bhati,P0576,Karan Narang,2,2026-07-03 03:40 | 2026-08-21 17:18,684 | 184,868,0,,,0.0,1,2026-08-21 03:45,"Delhi, Karol Bagh",0,0.1337,Associate,"Relationship type: Associate. Phone records show 2 call(s). Meeting records show 1 meeting(s) at Delhi, Karol Bagh. This relationship type is a synthetic investigative-data label for demonstration."
REL00021,P0017,Vivaan Kumar,P0306,Rohan Goyal,8,2026-01-13 07:13 | 2026-01-13 09:45 | 2026-03-11 10:07 | 2026-03-11 22:03 | 2026-06-08 20:52 | 2026-07-10 05:32 | 2026-07-26 09:06 | 2026-08-01 07:38,271 | 816 | 579 | 1222 | 1738 | 1710 | 453 | 854,7643,2,2026-07-29 00:25 | 2026-08-02 20:54,72961.55 | 15242.48,88204.03,8,2026-02-12 06:46 | 2026-02-28 18:11 | 2026-03-25 10:39 | 2026-05-11 12:57 | 2026-06-04 20:06 | 2026-06-10 18:05 | 2026-06-27 05:08 | 2026-07-03 05:56,"Noida, Sector 18 | Gurugram, Sohna Road | Noida, Sector 27 | Gurugram, Sector 29 | Gurugram, DLF Phase 2 | Gurugram, Udyog Vihar | Faridabad, Sector 15 | Delhi, Rohini",1,0.8887,Sister,"Relationship type: Sister. Phone records show 8 call(s). Transaction records show 2 transaction(s) totaling ₹88,204. Meeting records show 8 meeting(s) at Noida, Sector 18 ,  Gurugram, Sohna Road ,  Noida, Sector 27 ,  Gurugram, Sector 29 ,  Gurugram, DLF Phase 2 ,  Gurugram, Udyog Vihar ,  Faridabad, Sector 15 ,  Delhi, Rohini. This relationship type is a synthetic investigative-data label for demonstration."
REL00654,P0258,Isha Rana,P0273,Amit Tiwari,1,2026-01-01 14:36,421,421,0,,,0.0,2,2026-05-29 17:50 | 2026-07-13 04:48,"Noida, Sector 63 | Delhi, Connaught Place",0,0.035,Neighbour,"Relationship type: Neighbour. Phone records show 1 call(s). Meeting records show 2 meeting(s) at Noida, Sector 63 ,  Delhi, Connaught Place. This relationship type is a synthetic investigative-data label for demonstration."
REL00272,P0098,Jyoti Bhati,P0394,Neha Tiwari,3,2026-02-14 12:19 | 2026-05-23 10:11 | 2026-07-06 08:20,189 | 232 | 424,845,0,,,0.0,0,,,0,0.2695,Colleague,Relationship type: Colleague. Phone records show 3 call(s). This relationship type is a synthetic investigative-data label for demonstration.
REL00442,P0063,Deepak Bhardwaj,P0586,Deepak Gupta,1,2026-01-05 02:40,343,343,2,2026-03-24 01:28 | 2026-06-01 02:58,27125.42 | 4923.06,32048.48,1,2026-04-07 10:50,"Faridabad, Sector 37",0,0.334,Former Partner,"Relationship type: Former Partner. Phone records show 1 call(s). Transaction records show 2 transaction(s) totaling ₹32,048. Meeting records show 1 meeting(s) at Faridabad, Sector 37. This relationship type is a synthetic investigative-data label for demonstration."
REL00131,P0417,Komal Ahuja,P0571,Yash Saxena,9,2026-01-01 11:07 | 2026-01-23 09:01 | 2026-01-24 21:28 | 2026-02-26 11:40 | 2026-04-24 03:15 | 2026-05-15 21:10 | 2026-07-14 03:48 | 2026-08-10 17:26 | 2026-08-20 04:27,961 | 1212 | 517 | 1679 | 183 | 1122 | 1669 | 1040 | 1069,9452,1,2026-07-12 11:22,134153.17,134153.17,7,2026-01-12 00:51 | 2026-02-17 13:57 | 2026-02-24 16:31 | 2026-05-20 12:30 | 2026-06-06 03:56 | 2026-07-17 09:21 | 2026-07-27 23:36,"Delhi, Karol Bagh | Gurugram, Sohna Road | Gurugram, Manesar | Ghaziabad, Kaushambi | Gurugram, Sohna Road | Noida, Sector 16 | Ghaziabad, Crossings Republik",1,0.8977,Colleague,"Relationship type: Colleague. Phone records show 9 call(s). Transaction records show 1 transaction(s) totaling ₹134,153. Meeting records show 7 meeting(s) at Delhi, Karol Bagh ,  Gurugram, Sohna Road ,  Gurugram, Manesar ,  Ghaziabad, Kaushambi ,  Gurugram, Sohna Road ,  Noida, Sector 16 ,  Ghaziabad, Crossings Republik. This relationship type is a synthetic investigative-data label for demonstration."
REL00419,P0213,Pooja Tyagi,P0329,Amit Arora,2,2026-08-07 10:16 | 2026-08-08 17:07,74 | 210,284,1,2026-05-25 04:11,14137.24,14137.24,0,,,0,0.2426,Associate,"Relationship type: Associate. Phone records show 2 call(s). Transaction records show 1 transaction(s) totaling ₹14,137. This relationship type is a synthetic investigative-data label for demonstration."
REL00453,P0191,Karan Meena,P0252,Vivaan Yadav,2,2026-04-22 08:29 | 2026-06-29 20:00,212 | 400,612,0,,,0.0,0,,,0,0.1614,Acquaintance,Relationship type: Acquaintance. Phone records show 2 call(s). This relationship type is a synthetic investigative-data label for demonstration.
REL00434,P0084,Divya Tyagi,P0300,Rohan Goyal,0,,,0,0,,,0.0,1,2026-06-12 06:18,"Delhi, Okhla",0,0.3401,Colleague,"Relationship type: Colleague. Meeting records show 1 meeting(s) at Delhi, Okhla. This relationship type is a synthetic investigative-data label for demonstration."
REL00154,P0157,Yash Sharma,P0569,Rohan Aggarwal,17,2026-02-02 15:00 | 2026-02-23 08:35 | 2026-02-25 18:22 | 2026-02-25 20:24 | 2026-02-26 09:47 | 2026-03-21 01:17 | 2026-03-21 23:08 | 2026-04-07 03:17 | 2026-04-11 14:38 | 2026-04-17 06:12 | 2026-04-24 20:43 | 2026-05-19 04:00 | 2026-05-19 15:51 | 2026-05-25 13:37 | 2026-06-24 15:03 | 2026-07-06 09:20 | 2026-07-18 10:43,1686 | 435 | 518 | 89 | 975 | 1396 | 1764 | 1474 | 278 | 808 | 63 | 276 | 1448 | 1635 | 119 | 1683 | 265,14912,7,2026-01-01 07:37 | 2026-01-15 03:11 | 2026-01-21 20:17 | 2026-03-11 12:28 | 2026-06-08 16:23 | 2026-08-19 05:23 | 2026-08-27 05:31,40176.64 | 7351.75 | 60014.84 | 178413.60 | 104159.26 | 112156.69 | 38968.30,541241.08,6,2026-02-09 13:27 | 2026-03-05 22:24 | 2026-04-22 14:34 | 2026-04-24 02:36 | 2026-05-04 06:18 | 2026-08-25 22:33,"Gurugram, Sohna Road | Ghaziabad, Crossings Republik | Noida, Sector 18 | Delhi, Dwarka | Gurugram, DLF Phase 2 | Noida, Sector 27",1,0.99,Sister,"Relationship type: Sister. Phone records show 17 call(s). Transaction records show 7 transaction(s) totaling ₹541,241. Meeting records show 6 meeting(s) at Gurugram, Sohna Road ,  Ghaziabad, Crossings Republik ,  Noida, Sector 18 ,  Delhi, Dwarka ,  Gurugram, DLF Phase 2 ,  Noida, Sector 27. This relationship type is a synthetic investigative-data label for demonstration."
REL00480,P0068,Amit Dahiya,P0552,Pooja Saxena,3,2026-01-12 17:20 | 2026-05-01 17:08 | 2026-08-11 06:49,601 | 427 | 148,1176,0,,,0.0,0,,,0,0.0401,Associate,Relationship type: Associate. Phone records show 3 call(s). This relationship type is a synthetic investigative-data label for demonstration.
REL00613,P0236,Nikhil Khanna,P0439,Nikhil Bhardwaj,0,,,0,0,,,0.0,0,,,0,0.0436,Acquaintance,"Relationship type: Acquaintance. No direct call, transaction, or meeting evidence is recorded in this dataset. This relationship type is a synthetic investigative-data label for demonstration."
REL00468,P0307,Ravi Saini,P0359,Deepak Mishra,2,2026-03-23 16:02 | 2026-08-15 06:20,357 | 413,770,0,,,0.0,1,2026-08-13 22:16,"Delhi, Shahdara",0,0.2803,Neighbour,"Relationship type: Neighbour. Phone records show 2 call(s). Meeting records show 1 meeting(s) at Delhi, Shahdara. This relationship type is a synthetic investigative-data label for demonstration."
REL00007,P0119,Neha Chaudhary,P0451,Pooja Chaudhary,17,2026-01-03 19:32 | 2026-01-31 07:12 | 2026-02-02 07:49 | 2026-02-11 05:42 | 2026-02-16 20:19 | 2026-02-20 17:14 | 2026-04-01 22:16 | 2026-04-13 22:13 | 2026-05-01 04:46 | 2026-05-05 19:12 | 2026-05-11 15:59 | 2026-05-13 07:33 | 2026-06-10 20:24 | 2026-06-15 15:25 | 2026-06-16 11:27 | 2026-07-21 21:35 | 2026-08-13 09:41,1026 | 808 | 1320 | 1036 | 1111 | 1223 | 1199 | 1096 | 244 | 1280 | 1429 | 681 | 873 | 1193 | 1201 | 547 | 745,17012,1,2026-01-17 04:44,41429.84,41429.84,3,2026-01-05 00:47 | 2026-01-17 19:22 | 2026-03-22 02:21,"Noida, Sector 27 | Delhi, Laxmi Nagar | Gurugram, Manesar",1,0.8911,Neighbour,"Relationship type: Neighbour. Phone records show 17 call(s). Transaction records show 1 transaction(s) totaling ₹41,430. Meeting records show 3 meeting(s) at Noida, Sector 27 ,  Delhi, Laxmi Nagar ,  Gurugram, Manesar. This relationship type is a synthetic investigative-data label for demonstration."
REL00587,P0087,Neha Kapoor,P0594,Sonam Malik,4,2026-02-26 00:49 | 2026-03-23 04:42 | 2026-03-28 11:19 | 2026-04-26 09:24,329 | 590 | 526 | 272,1717,1,2026-06-10 00:21,23309.00,23309.0,0,,,0,0.0131,Colleague,"Relationship type: Colleague. Phone records show 4 call(s). Transaction records show 1 transaction(s) totaling ₹23,309. This relationship type is a synthetic investigative-data label for demonstration."
REL00493,P0273,Amit Tiwari,P0484,Komal Aggarwal,2,2026-05-03 13:16 | 2026-07-24 11:26,208 | 356,564,0,,,0.0,1,2026-07-23 22:58,"Delhi, Dwarka",0,0.2278,Former Partner,"Relationship type: Former Partner. Phone records show 2 call(s). Meeting records show 1 meeting(s) at Delhi, Dwarka. This relationship type is a synthetic investigative-data label for demonstration."
REL00572,P0222,Karan Jain,P0421,Vikas Saini,1,2026-01-26 14:18,202,202,1,2026-02-23 05:00,7185.28,7185.28,0,,,0,0.0103,Former Partner,"Relationship type: Former Partner. Phone records show 1 call(s). Transaction records show 1 transaction(s) totaling ₹7,185. This relationship type is a synthetic investigative-data label for demonstration."
REL00188,P0059,Sumit Ahuja,P0548,Priya Saini,15,2026-01-03 17:53 | 2026-01-17 00:03 | 2026-03-08 03:29 | 2026-03-11 01:02 | 2026-03-12 15:08 | 2026-03-19 14:15 | 2026-03-30 09:36 | 2026-04-02 10:50 | 2026-04-06 18:05 | 2026-05-22 01:18 | 2026-05-26 01:39 | 2026-06-09 04:14 | 2026-06-18 22:14 | 2026-07-09 11:15 | 2026-08-21 17:02,1239 | 1313 | 585 | 1285 | 1666 | 561 | 559 | 1029 | 1393 | 251 | 524 | 1285 | 695 | 822 | 1799,15006,9,2026-02-25 08:18 | 2026-03-26 03:50 | 2026-04-08 08:51 | 2026-04-27 20:59 | 2026-05-14 15:08 | 2026-06-04 09:01 | 2026-06-11 17:47 | 2026-06-29 08:22 | 2026-08-13 22:35,175101.52 | 177143.11 | 135284.44 | 72066.35 | 142676.01 | 143511.32 | 66813.54 | 158294.02 | 6366.93,1077257.24,4,2026-02-03 02:41 | 2026-04-14 18:42 | 2026-04-29 22:14 | 2026-05-09 16:51,"Delhi, Dwarka | Delhi, Mayur Vihar | Noida, Sector 63 | Delhi, Laxmi Nagar",1,0.9574,Spouse,"Relationship type: Spouse. Phone records show 15 call(s). Transaction records show 9 transaction(s) totaling ₹1,077,257. Meeting records show 4 meeting(s) at Delhi, Dwarka ,  Delhi, Mayur Vihar ,  Noida, Sector 63 ,  Delhi, Laxmi Nagar. This relationship type is a synthetic investigative-data label for demonstration."
REL00060,P0183,Riya Singh,P0499,Muskan Kumar,12,2026-01-12 22:11 | 2026-01-14 03:26 | 2026-01-23 19:03 | 2026-01-24 18:54 | 2026-03-30 15:57 | 2026-04-29 08:09 | 2026-05-22 16:20 | 2026-06-08 22:00 | 2026-06-25 09:34 | 2026-07-11 12:54 | 2026-08-16 02:58 | 2026-08-24 03:05,1579 | 905 | 1410 | 1394 | 143 | 1520 | 22 | 479 | 558 | 584 | 342 | 659,9595,4,2026-05-21 07:14 | 2026-06-01 01:45 | 2026-06-26 15:07 | 2026-07-12 17:11,33248.17 | 25080.83 | 175075.81 | 40835.77,274240.58,6,2026-02-01 13:40 | 2026-02-02 17:23 | 2026-03-18 22:22 | 2026-04-10 19:13 | 2026-04-18 03:40 | 2026-07-06 12:44,"Ghaziabad, Kaushambi | Delhi, Laxmi Nagar | Delhi, Okhla | Delhi, Karol Bagh | Gurugram, Sohna Road | Gurugram, Sector 14",1,0.99,Mother,"Relationship type: Mother. Phone records show 12 call(s). Transaction records show 4 transaction(s) totaling ₹274,241. Meeting records show 6 meeting(s) at Ghaziabad, Kaushambi ,  Delhi, Laxmi Nagar ,  Delhi, Okhla ,  Delhi, Karol Bagh ,  Gurugram, Sohna Road ,  Gurugram, Sector 14. This relationship type is a synthetic investigative-data label for demonstration."
REL00534,P0016,Ankit Dahiya,P0529,Rohan Jain,2,2026-06-25 18:12 | 2026-07-03 02:49,320 | 673,993,0,,,0.0,0,,,0,0.2187,Former Partner,Relationship type: Former Partner. Phone records show 2 call(s). This relationship type is a synthetic investigative-data label for demonstration.
REL00422,P0003,Ravi Verma,P0252,Vivaan Yadav,0,,,0,0,,,0.0,0,,,0,0.2563,Neighbour,"Relationship type: Neighbour. No direct call, transaction, or meeting evidence is recorded in this dataset. This relationship type is a synthetic investigative-data label for demonstration."
REL00380,P0222,Karan Jain,P0452,Naina Singh,3,2026-02-10 15:50 | 2026-05-12 14:04 | 2026-06-03 04:01,528 | 146 | 602,1276,0,,,0.0,0,,,0,0.1204,Associate,Relationship type: Associate. Phone records show 3 call(s). This relationship type is a synthetic investigative-data label for demonstration.
REL00420,P0274,Naina Arora,P0541,Sumit Ahuja,2,2026-01-28 14:17 | 2026-06-17 23:38,158 | 40,198,0,,,0.0,0,,,0,0.1318,Associate,Relationship type: Associate. Phone records show 2 call(s). This relationship type is a synthetic investigative-data label for demonstration.
REL00244,P0409,Aditi Sharma,P0520,Rahul Dahiya,0,,,0,2,2026-07-11 11:25 | 2026-07-17 07:22,14432.92 | 22914.55,37347.47,0,,,0,0.1244,Neighbour,"Relationship type: Neighbour. Transaction records show 2 transaction(s) totaling ₹37,347. This relationship type is a synthetic investigative-data label for demonstration."
REL00206,P0022,Karan Mishra,P0503,Vivaan Rawat,11,2026-01-13 10:17 | 2026-01-18 16:45 | 2026-01-24 19:28 | 2026-02-13 13:00 | 2026-03-13 16:08 | 2026-04-17 16:45 | 2026-05-06 09:36 | 2026-05-14 11:55 | 2026-06-24 01:06 | 2026-07-21 22:29 | 2026-08-26 16:56,796 | 251 | 1115 | 1317 | 1578 | 633 | 376 | 275 | 1581 | 1104 | 844,9870,1,2026-02-07 17:47,128484.10,128484.1,5,2026-01-17 00:21 | 2026-04-05 16:54 | 2026-05-16 04:31 | 2026-05-20 16:42 | 2026-07-19 07:57,"Gurugram, Sector 14 | Noida, Greater Noida West | Ghaziabad, Vaishali | Ghaziabad, Vaishali | Faridabad, NIT",1,0.8698,Colleague,"Relationship type: Colleague. Phone records show 11 call(s). Transaction records show 1 transaction(s) totaling ₹128,484. Meeting records show 5 meeting(s) at Gurugram, Sector 14 ,  Noida, Greater Noida West ,  Ghaziabad, Vaishali ,  Ghaziabad, Vaishali ,  Faridabad, NIT. This relationship type is a synthetic investigative-data label for demonstration."
REL00216,P0066,Mehak Ahuja,P0104,Vikas Singh,13,2026-02-09 06:49 | 2026-03-07 18:53 | 2026-03-20 05:58 | 2026-04-05 20:15 | 2026-04-05 22:50 | 2026-04-07 08:25 | 2026-04-29 07:33 | 2026-06-05 13:37 | 2026-06-17 11:33 | 2026-06-18 10:33 | 2026-07-02 10:34 | 2026-07-04 00:50 | 2026-07-25 05:13,1150 | 720 | 1269 | 1029 | 1276 | 893 | 346 | 739 | 324 | 545 | 377 | 970 | 1466,11104,3,2026-03-13 07:19 | 2026-05-05 19:33 | 2026-07-07 15:51,174629.98 | 122538.22 | 124662.44,421830.64,3,2026-05-17 23:25 | 2026-05-22 22:49 | 2026-07-02 14:13,"Noida, Sector 63 | Gurugram, Sector 14 | Noida, Sector 27",1,0.9649,Spouse,"Relationship type: Spouse. Phone records show 13 call(s). Transaction records show 3 transaction(s) totaling ₹421,831. Meeting records show 3 meeting(s) at Noida, Sector 63 ,  Gurugram, Sector 14 ,  Noida, Sector 27. This relationship type is a synthetic investigative-data label for demonstration."
REL00242,P0222,Karan Jain,P0461,Muskan Gupta,2,2026-01-08 18:12 | 2026-03-09 06:03,297 | 171,468,0,,,0.0,1,2026-08-26 22:25,"Ghaziabad, Kaushambi",0,0.3408,Neighbour,"Relationship type: Neighbour. Phone records show 2 call(s). Meeting records show 1 meeting(s) at Ghaziabad, Kaushambi. This relationship type is a synthetic investigative-data label for demonstration."
REL00112,P0041,Arjun Sharma,P0541,Sumit Ahuja,5,2026-04-11 01:49 | 2026-04-27 05:45 | 2026-08-09 03:58 | 2026-08-19 01:01 | 2026-08-22 16:09,211 | 1014 | 500 | 617 | 117,2459,6,2026-01-14 08:54 | 2026-04-11 04:17 | 2026-04-16 07:59 | 2026-04-18 01:07 | 2026-07-26 00:43 | 2026-08-24 00:24,34253.40 | 67546.27 | 155748.35 | 13791.45 | 21953.29 | 40908.01,334200.77,5,2026-04-02 05:21 | 2026-05-27 07:59 | 2026-05-28 19:01 | 2026-07-13 18:29 | 2026-08-13 12:39,"Delhi, Pitampura | Delhi, Dwarka | Noida, Greater Noida West | Delhi, Laxmi Nagar | Faridabad, NIT",1,0.8265,Relative,"Relationship type: Relative. Phone records show 5 call(s). Transaction records show 6 transaction(s) totaling ₹334,201. Meeting records show 5 meeting(s) at Delhi, Pitampura ,  Delhi, Dwarka ,  Noida, Greater Noida West ,  Delhi, Laxmi Nagar ,  Faridabad, NIT. This relationship type is a synthetic investigative-data label for demonstration."
REL00239,P0104,Vikas Singh,P0224,Simran Yadav,2,2026-05-17 13:21 | 2026-08-10 11:07,102 | 605,707,1,2026-06-20 08:31,26286.51,26286.51,0,,,0,0.1085,Acquaintance,"Relationship type: Acquaintance. Phone records show 2 call(s). Transaction records show 1 transaction(s) totaling ₹26,287. This relationship type is a synthetic investigative-data label for demonstration."
REL00271,P0194,Ananya Dahiya,P0326,Ravi Bhati,2,2026-01-15 03:29 | 2026-04-11 00:49,295 | 259,554,2,2026-06-11 13:05 | 2026-08-28 01:50,18358.13 | 10546.31,28904.44,0,,,0,0.1834,Acquaintance,"Relationship type: Acquaintance. Phone records show 2 call(s). Transaction records show 2 transaction(s) totaling ₹28,904. This relationship type is a synthetic investigative-data label for demonstration."
REL00152,P0095,Ankit Bhardwaj,P0481,Komal Bhati,10,2026-01-17 08:03 | 2026-02-01 19:31 | 2026-02-14 19:36 | 2026-03-16 21:33 | 2026-05-17 12:08 | 2026-06-04 11:33 | 2026-06-05 05:35 | 2026-06-24 06:31 | 2026-06-25 09:50 | 2026-07-27 21:42,532 | 630 | 1192 | 925 | 796 | 106 | 1169 | 697 | 1072 | 945,8064,9,2026-01-05 18:39 | 2026-01-06 19:41 | 2026-01-13 23:31 | 2026-02-02 14:18 | 2026-02-24 04:52 | 2026-05-04 01:16 | 2026-06-12 21:14 | 2026-08-04 09:06 | 2026-08-18 14:32,20261.82 | 168295.92 | 104820.96 | 176574.40 | 46139.25 | 112466.05 | 146883.30 | 99420.97 | 68179.13,943041.8,1,2026-06-07 21:12,"Gurugram, Sohna Road",1,0.8632,Sister,"Relationship type: Sister. Phone records show 10 call(s). Transaction records show 9 transaction(s) totaling ₹943,042. Meeting records show 1 meeting(s) at Gurugram, Sohna Road. This relationship type is a synthetic investigative-data label for demonstration."
REL00364,P0153,Preeti Bhati,P0351,Divya Mishra,2,2026-03-18 03:43 | 2026-05-01 01:13,308 | 454,762,0,,,0.0,0,,,0,0.063,Acquaintance,Relationship type: Acquaintance. Phone records show 2 call(s). This relationship type is a synthetic investigative-data label for demonstration.
REL00513,P0124,Vivaan Narang,P0143,Aditya Kumar,0,,,0,0,,,0.0,0,,,0,0.3356,Former Partner,"Relationship type: Former Partner. No direct call, transaction, or meeting evidence is recorded in this dataset. This relationship type is a synthetic investigative-data label for demonstration."
REL00630,P0146,Isha Tiwari,P0159,Preeti Tiwari,1,2026-03-16 01:19,34,34,0,,,0.0,2,2026-06-23 18:46 | 2026-07-11 19:02,"Gurugram, Sohna Road | Greater Noida, Knowledge Park",0,0.2317,Acquaintance,"Relationship type: Acquaintance. Phone records show 1 call(s). Meeting records show 2 meeting(s) at Gurugram, Sohna Road ,  Greater Noida, Knowledge Park. This relationship type is a synthetic investigative-data label for demonstration."
REL00143,P0022,Karan Mishra,P0334,Sumit Yadav,20,2026-01-04 08:07 | 2026-01-17 00:43 | 2026-02-01 21:44 | 2026-02-07 23:22 | 2026-02-15 17:58 | 2026-02-22 06:24 | 2026-03-08 21:16 | 2026-03-15 08:09 | 2026-04-04 00:18 | 2026-04-22 17:49 | 2026-05-16 09:03 | 2026-05-19 06:33 | 2026-05-20 22:38 | 2026-06-01 03:56 | 2026-06-05 19:40 | 2026-06-20 15:20 | 2026-06-26 22:58 | 2026-07-07 03:34 | 2026-07-19 06:19 | 2026-07-20 07:50,1655 | 1537 | 832 | 847 | 225 | 670 | 157 | 755 | 986 | 1632 | 212 | 483 | 808 | 299 | 1332 | 261 | 918 | 729 | 645 | 1410,16393,9,2026-01-11 12:48 | 2026-01-20 07:03 | 2026-02-11 21:20 | 2026-03-11 05:44 | 2026-06-12 12:31 | 2026-06-21 12:10 | 2026-07-12 13:45 | 2026-07-20 07:00 | 2026-08-14 01:12,154674.33 | 163617.53 | 132299.79 | 65534.43 | 1657.41 | 128825.23 | 47673.45 | 44167.19 | 64664.48,803113.84,5,2026-04-10 17:52 | 2026-04-19 03:31 | 2026-04-28 18:18 | 2026-06-24 10:08 | 2026-07-04 19:57,"Greater Noida, Alpha 1 | Delhi, Mayur Vihar | Greater Noida, Alpha 1 | Gurugram, Sohna Road | Greater Noida, Alpha 1",1,0.9672,Neighbour,"Relationship type: Neighbour. Phone records show 20 call(s). Transaction records show 9 transaction(s) totaling ₹803,114. Meeting records show 5 meeting(s) at Greater Noida, Alpha 1 ,  Delhi, Mayur Vihar ,  Greater Noida, Alpha 1 ,  Gurugram, Sohna Road ,  Greater Noida, Alpha 1. This relationship type is a synthetic investigative-data label for demonstration."
REL00450,P0091,Naina Singh,P0289,Aditya Singh,4,2026-01-31 05:36 | 2026-02-02 08:11 | 2026-05-03 18:33 | 2026-05-05 00:20,423 | 216 | 224 | 574,1437,0,,,0.0,1,2026-04-02 01:42,"Noida, Sector 27",0,0.0519,Former Partner,"Relationship type: Former Partner. Phone records show 4 call(s). Meeting records show 1 meeting(s) at Noida, Sector 27. This relationship type is a synthetic investigative-data label for demonstration."
REL00521,P0113,Ananya Aggarwal,P0544,Yash Chauhan,1,2026-01-15 14:18,531,531,0,,,0.0,2,2026-03-14 04:20 | 2026-05-03 05:29,"Delhi, Pitampura | Delhi, Najafgarh",0,0.0749,Neighbour,"Relationship type: Neighbour. Phone records show 1 call(s). Meeting records show 2 meeting(s) at Delhi, Pitampura ,  Delhi, Najafgarh. This relationship type is a synthetic investigative-data label for demonstration."
REL00598,P0203,Naina Chauhan,P0252,Vivaan Yadav,2,2026-02-10 19:25 | 2026-06-20 04:05,197 | 453,650,0,,,0.0,2,2026-04-10 10:24 | 2026-05-27 22:22,"Gurugram, Manesar | Noida, Sector 18",0,0.0156,Colleague,"Relationship type: Colleague. Phone records show 2 call(s). Meeting records show 2 meeting(s) at Gurugram, Manesar ,  Noida, Sector 18. This relationship type is a synthetic investigative-data label for demonstration."
REL00431,P0128,Muskan Khanna,P0476,Muskan Malik,3,2026-03-09 07:25 | 2026-04-08 00:14 | 2026-06-22 18:47,63 | 119 | 119,301,2,2026-03-26 18:08 | 2026-08-29 11:32,28720.09 | 25574.10,54294.19,1,2026-05-02 03:16,"Gurugram, Sector 18",0,0.2264,Neighbour,"Relationship type: Neighbour. Phone records show 3 call(s). Transaction records show 2 transaction(s) totaling ₹54,294. Meeting records show 1 meeting(s) at Gurugram, Sector 18. This relationship type is a synthetic investigative-data label for demonstration."
REL00250,P0359,Deepak Mishra,P0390,Ravi Khanna,2,2026-02-05 10:01 | 2026-02-17 20:01,286 | 670,956,1,2026-04-08 03:39,9214.36,9214.36,1,2026-02-19 09:10,"Gurugram, Sohna Road",0,0.2177,Neighbour,"Relationship type: Neighbour. Phone records show 2 call(s). Transaction records show 1 transaction(s) totaling ₹9,214. Meeting records show 1 meeting(s) at Gurugram, Sohna Road. This relationship type is a synthetic investigative-data label for demonstration."
REL00427,P0466,Aditi Tiwari,P0567,Priya Tyagi,0,,,0,2,2026-05-13 16:15 | 2026-07-03 07:13,15514.06 | 1219.33,16733.39,0,,,0,0.3101,Acquaintance,"Relationship type: Acquaintance. Transaction records show 2 transaction(s) totaling ₹16,733. This relationship type is a synthetic investigative-data label for demonstration."
REL00056,P0309,Karan Yadav,P0554,Deepak Yadav,13,2026-01-07 01:39 | 2026-01-13 12:06 | 2026-01-17 06:39 | 2026-02-07 23:37 | 2026-02-13 00:43 | 2026-03-03 05:41 | 2026-04-16 22:18 | 2026-05-19 15:10 | 2026-06-15 09:25 | 2026-06-20 01:26 | 2026-07-04 15:12 | 2026-08-04 05:25 | 2026-08-11 16:33,341 | 550 | 244 | 563 | 133 | 1670 | 990 | 1799 | 1075 | 1572 | 1097 | 450 | 257,10741,4,2026-05-31 13:15 | 2026-06-14 17:10 | 2026-06-24 21:38 | 2026-07-23 14:48,30567.68 | 3223.38 | 80056.76 | 4100.13,117947.95,5,2026-01-12 14:29 | 2026-06-13 22:51 | 2026-06-19 15:02 | 2026-07-08 05:45 | 2026-08-24 19:32,"Delhi, Karol Bagh | Faridabad, Sector 15 | Delhi, Shahdara | Gurugram, Udyog Vihar | Delhi, Pitampura",1,0.9754,Colleague,"Relationship type: Colleague. Phone records show 13 call(s). Transaction records show 4 transaction(s) totaling ₹117,948. Meeting records show 5 meeting(s) at Delhi, Karol Bagh ,  Faridabad, Sector 15 ,  Delhi, Shahdara ,  Gurugram, Udyog Vihar ,  Delhi, Pitampura. This relationship type is a synthetic investigative-data label for demonstration."
REL00088,P0368,Sonam Dahiya,P0438,Sumit Arora,10,2026-01-25 00:22 | 2026-03-13 02:23 | 2026-03-13 15:00 | 2026-03-25 13:39 | 2026-04-08 08:09 | 2026-05-21 19:48 | 2026-07-03 14:25 | 2026-07-06 23:04 | 2026-07-29 04:37 | 2026-08-05 13:21,222 | 120 | 282 | 1508 | 477 | 206 | 1413 | 552 | 1549 | 1765,8094,7,2026-02-13 11:37 | 2026-04-30 06:20 | 2026-05-18 02:46 | 2026-05-23 23:22 | 2026-06-15 04:42 | 2026-06-21 04:00 | 2026-07-20 05:08,118491.51 | 74566.04 | 128844.33 | 51856.80 | 133769.18 | 107173.79 | 63272.79,677974.44,8,2026-01-03 12:28 | 2026-01-03 13:13 | 2026-01-17 13:09 | 2026-01-25 23:11 | 2026-02-11 05:36 | 2026-03-13 17:01 | 2026-05-11 14:06 | 2026-05-25 11:52,"Delhi, Shahdara | Ghaziabad, Raj Nagar | Delhi, Narela | Gurugram, Sector 18 | Delhi, Saket | Noida, Sector 62 | Noida, Sector 62 | Delhi, Okhla",1,0.9639,Relative,"Relationship type: Relative. Phone records show 10 call(s). Transaction records show 7 transaction(s) totaling ₹677,974. Meeting records show 8 meeting(s) at Delhi, Shahdara ,  Ghaziabad, Raj Nagar ,  Delhi, Narela ,  Gurugram, Sector 18 ,  Delhi, Saket ,  Noida, Sector 62 ,  Noida, Sector 62 ,  Delhi, Okhla. This relationship type is a synthetic investigative-data label for demonstration."
REL00269,P0207,Jyoti Tyagi,P0407,Kavya Tiwari,1,2026-02-01 00:19,597,597,1,2026-03-13 19:05,24421.28,24421.28,0,,,0,0.1547,Colleague,"Relationship type: Colleague. Phone records show 1 call(s). Transaction records show 1 transaction(s) totaling ₹24,421. This relationship type is a synthetic investigative-data label for demonstration."
REL00195,P0060,Riya Gupta,P0409,Aditi Sharma,24,2026-01-03 08:41 | 2026-01-05 02:58 | 2026-01-18 03:56 | 2026-02-03 15:52 | 2026-03-01 18:54 | 2026-03-02 09:15 | 2026-03-13 10:13 | 2026-03-20 14:42 | 2026-04-08 17:40 | 2026-04-29 00:45 | 2026-05-15 09:48 | 2026-05-21 00:55 | 2026-06-04 22:55 | 2026-06-05 13:23 | 2026-07-03 14:39 | 2026-07-14 21:34 | 2026-08-01 20:16 | 2026-08-03 10:51 | 2026-08-06 23:47 | 2026-08-08 06:43 | 2026-08-13 14:48 | 2026-08-15 17:29 | 2026-08-23 16:25 | 2026-08-28 21:04,1426 | 237 | 1153 | 462 | 612 | 1653 | 762 | 1398 | 111 | 1712 | 339 | 1073 | 1133 | 1500 | 1702 | 602 | 741 | 572 | 1452 | 1068 | 1116 | 1137 | 1038 | 139,23138,2,2026-04-27 00:16 | 2026-06-14 02:01,138765.77 | 47383.28,186149.05,8,2026-02-20 23:05 | 2026-03-01 03:57 | 2026-03-13 14:19 | 2026-03-14 06:28 | 2026-03-24 17:37 | 2026-04-23 08:59 | 2026-05-23 16:58 | 2026-06-11 09:10,"Gurugram, Sector 29 | Faridabad, NIT | Delhi, Laxmi Nagar | Greater Noida, Knowledge Park | Noida, Sector 16 | Ghaziabad, Vaishali | Noida, Sector 27 | Ghaziabad, Indirapuram",1,0.9268,Colleague,"Relationship type: Colleague. Phone records show 24 call(s). Transaction records show 2 transaction(s) totaling ₹186,149. Meeting records show 8 meeting(s) at Gurugram, Sector 29 ,  Faridabad, NIT ,  Delhi, Laxmi Nagar ,  Greater Noida, Knowledge Park ,  Noida, Sector 16 ,  Ghaziabad, Vaishali ,  Noida, Sector 27 ,  Ghaziabad, Indirapuram. This relationship type is a synthetic investigative-data label for demonstration."
REL00618,P0514,Deepak Kapoor,P0553,Ravi Sharma,0,,,0,0,,,0.0,1,2026-06-08 23:02,"Delhi, Saket",0,0.1861,Colleague,"Relationship type: Colleague. Meeting records show 1 meeting(s) at Delhi, Saket. This relationship type is a synthetic investigative-data label for demonstration."
REL00436,P0042,Jyoti Rawat,P0068,Amit Dahiya,4,2026-04-14 11:42 | 2026-06-17 17:22 | 2026-08-01 16:20 | 2026-08-13 15:43,209 | 524 | 494 | 209,1436,2,2026-03-21 13:14 | 2026-05-07 06:47,17180.35 | 24676.79,41857.14,1,2026-07-21 14:47,"Delhi, Karol Bagh",0,0.3066,Acquaintance,"Relationship type: Acquaintance. Phone records show 4 call(s). Transaction records show 2 transaction(s) totaling ₹41,857. Meeting records show 1 meeting(s) at Delhi, Karol Bagh. This relationship type is a synthetic investigative-data label for demonstration."
REL00316,P0254,Isha Jain,P0599,Preeti Sharma,4,2026-01-18 10:30 | 2026-07-15 15:24 | 2026-07-31 00:28 | 2026-08-26 23:23,184 | 221 | 334 | 435,1174,0,,,0.0,0,,,0,0.2095,Former Partner,Relationship type: Former Partner. Phone records show 4 call(s). This relationship type is a synthetic investigative-data label for demonstration.
REL00418,P0211,Mehak Rana,P0252,Vivaan Yadav,2,2026-06-10 04:52 | 2026-08-06 02:37,103 | 186,289,0,,,0.0,0,,,0,0.0436,Acquaintance,Relationship type: Acquaintance. Phone records show 2 call(s). This relationship type is a synthetic investigative-data label for demonstration.
REL00660,P0103,Ankit Goyal,P0264,Nikhil Saini,0,,,0,0,,,0.0,0,,,0,0.0815,Colleague,"Relationship type: Colleague. No direct call, transaction, or meeting evidence is recorded in this dataset. This relationship type is a synthetic investigative-data label for demonstration."
REL00214,P0344,Vikas Bhati,P0583,Varun Sharma,25,2026-01-20 20:10 | 2026-02-07 22:07 | 2026-02-10 14:03 | 2026-02-26 04:28 | 2026-03-02 10:05 | 2026-03-14 13:59 | 2026-03-17 12:36 | 2026-03-21 08:27 | 2026-04-21 00:08 | 2026-04-21 23:16 | 2026-04-27 05:50 | 2026-05-08 16:42 | 2026-05-14 20:53 | 2026-05-27 14:31 | 2026-05-29 08:04 | 2026-06-19 23:41 | 2026-06-21 05:48 | 2026-07-02 11:18 | 2026-07-03 01:22 | 2026-07-25 13:52 | 2026-07-31 20:13 | 2026-08-09 00:02 | 2026-08-15 08:17 | 2026-08-17 18:44 | 2026-08-29 10:44,453 | 1209 | 1269 | 844 | 1632 | 1129 | 1342 | 254 | 1683 | 436 | 635 | 1758 | 353 | 1696 | 1440 | 418 | 281 | 999 | 874 | 340 | 1248 | 1794 | 222 | 744 | 505,23558,9,2026-01-21 05:22 | 2026-01-21 22:52 | 2026-02-07 02:17 | 2026-03-28 00:32 | 2026-04-05 21:33 | 2026-05-29 01:34 | 2026-06-11 22:14 | 2026-07-09 13:09 | 2026-08-16 02:30,160888.85 | 106374.86 | 103093.14 | 138982.04 | 116656.41 | 60619.30 | 60749.23 | 157737.97 | 152518.63,1057620.43,2,2026-01-10 19:24 | 2026-03-10 17:14,"Ghaziabad, Vaishali | Ghaziabad, Vaishali",1,0.99,Business Associate,"Relationship type: Business Associate. Phone records show 25 call(s). Transaction records show 9 transaction(s) totaling ₹1,057,620. Meeting records show 2 meeting(s) at Ghaziabad, Vaishali ,  Ghaziabad, Vaishali. This relationship type is a synthetic investigative-data label for demonstration."
REL00292,P0093,Kavya Sharma,P0488,Rohan Rana,1,2026-03-28 14:35,126,126,1,2026-01-14 11:26,25764.94,25764.94,0,,,0,0.344,Acquaintance,"Relationship type: Acquaintance. Phone records show 1 call(s). Transaction records show 1 transaction(s) totaling ₹25,765. This relationship type is a synthetic investigative-data label for demonstration."
REL00012,P0197,Pooja Arora,P0426,Aditya Kumar,11,2026-01-21 18:10 | 2026-03-01 03:09 | 2026-04-11 14:28 | 2026-05-01 15:55 | 2026-05-03 02:48 | 2026-05-14 20:08 | 2026-05-28 13:47 | 2026-06-19 18:33 | 2026-07-05 00:37 | 2026-08-08 05:52 | 2026-08-18 09:44,452 | 301 | 157 | 1654 | 1306 | 480 | 1110 | 1383 | 628 | 896 | 841,9208,3,2026-06-09 23:21 | 2026-07-07 11:55 | 2026-07-10 08:04,33191.20 | 20863.54 | 75460.17,129514.91,6,2026-03-10 22:37 | 2026-05-16 12:36 | 2026-05-22 21:39 | 2026-05-25 01:40 | 2026-08-12 01:56 | 2026-08-19 04:49,"Faridabad, Sector 37 | Greater Noida, Alpha 1 | Greater Noida, Knowledge Park | Gurugram, Sector 18 | Gurugram, Sector 18 | Delhi, Mayur Vihar",1,0.9648,Father,"Relationship type: Father. Phone records show 11 call(s). Transaction records show 3 transaction(s) totaling ₹129,515. Meeting records show 6 meeting(s) at Faridabad, Sector 37 ,  Greater Noida, Alpha 1 ,  Greater Noida, Knowledge Park ,  Gurugram, Sector 18 ,  Gurugram, Sector 18 ,  Delhi, Mayur Vihar. This relationship type is a synthetic investigative-data label for demonstration."
REL00373,P0080,Sonam Bansal,P0202,Manish Gupta,0,,,0,1,2026-08-17 10:37,3494.94,3494.94,0,,,0,0.2783,Associate,"Relationship type: Associate. Transaction records show 1 transaction(s) totaling ₹3,495. This relationship type is a synthetic investigative-data label for demonstration."
REL00090,P0137,Vivaan Aggarwal,P0483,Harsh Mishra,14,2026-01-19 11:03 | 2026-01-24 22:31 | 2026-02-08 06:14 | 2026-02-20 01:16 | 2026-02-24 17:48 | 2026-03-15 17:46 | 2026-03-22 13:17 | 2026-03-30 13:51 | 2026-05-25 15:06 | 2026-05-27 21:22 | 2026-06-03 02:37 | 2026-07-15 07:23 | 2026-07-17 02:00 | 2026-08-09 08:10,1054 | 410 | 263 | 984 | 1509 | 1246 | 649 | 240 | 267 | 367 | 1011 | 1291 | 427 | 1464,11182,7,2026-02-09 07:15 | 2026-02-11 08:30 | 2026-05-08 00:02 | 2026-06-25 16:50 | 2026-07-20 01:06 | 2026-08-09 23:29 | 2026-08-24 17:25,147315.47 | 92859.59 | 147849.70 | 119305.94 | 48703.80 | 54742.34 | 127652.43,738429.27,8,2026-02-28 18:56 | 2026-03-03 20:48 | 2026-03-24 11:54 | 2026-06-16 14:23 | 2026-07-25 12:56 | 2026-08-05 19:23 | 2026-08-07 20:45 | 2026-08-21 23:51,"Noida, Sector 63 | Delhi, Laxmi Nagar | Gurugram, Sector 29 | Ghaziabad, Indirapuram | Delhi, Shahdara | Delhi, Connaught Place | Delhi, Mayur Vihar | Noida, Sector 18",1,0.99,Business Associate,"Relationship type: Business Associate. Phone records show 14 call(s). Transaction records show 7 transaction(s) totaling ₹738,429. Meeting records show 8 meeting(s) at Noida, Sector 63 ,  Delhi, Laxmi Nagar ,  Gurugram, Sector 29 ,  Ghaziabad, Indirapuram ,  Delhi, Shahdara ,  Delhi, Connaught Place ,  Delhi, Mayur Vihar ,  Noida, Sector 18. This relationship type is a synthetic investigative-data label for demonstration."
REL00047,P0133,Ananya Verma,P0418,Muskan Saini,12,2026-01-17 08:58 | 2026-03-01 04:11 | 2026-03-26 09:06 | 2026-04-03 10:32 | 2026-04-11 14:15 | 2026-04-24 18:31 | 2026-05-29 07:05 | 2026-07-10 14:50 | 2026-08-01 14:25 | 2026-08-10 11:45 | 2026-08-19 10:55 | 2026-08-24 21:45,40 | 1694 | 1312 | 1074 | 845 | 185 | 80 | 271 | 1319 | 1022 | 1646 | 1643,11131,6,2026-04-09 04:15 | 2026-04-19 10:44 | 2026-06-26 04:08 | 2026-07-07 12:27 | 2026-07-11 22:10 | 2026-08-28 22:29,120955.50 | 51531.21 | 84765.17 | 90598.86 | 92784.92 | 177615.45,618251.11,6,2026-01-11 05:16 | 2026-01-30 18:55 | 2026-06-15 09:45 | 2026-07-16 03:17 | 2026-07-26 01:15 | 2026-08-03 23:21,"Delhi, Dwarka | Delhi, Pitampura | Gurugram, DLF Phase 3 | Greater Noida, Pari Chowk | Noida, Sector 15 | Gurugram, Udyog Vihar",1,0.967,Friend,"Relationship type: Friend. Phone records show 12 call(s). Transaction records show 6 transaction(s) totaling ₹618,251. Meeting records show 6 meeting(s) at Delhi, Dwarka ,  Delhi, Pitampura ,  Gurugram, DLF Phase 3 ,  Greater Noida, Pari Chowk ,  Noida, Sector 15 ,  Gurugram, Udyog Vihar. This relationship type is a synthetic investigative-data label for demonstration."
REL00519,P0121,Pooja Khanna,P0326,Ravi Bhati,3,2026-03-04 05:10 | 2026-06-09 13:13 | 2026-08-22 07:59,230 | 509 | 421,1160,0,,,0.0,2,2026-04-18 18:09 | 2026-08-03 14:34,"Delhi, Najafgarh | Gurugram, Sohna Road",0,0.0466,Former Partner,"Relationship type: Former Partner. Phone records show 3 call(s). Meeting records show 2 meeting(s) at Delhi, Najafgarh ,  Gurugram, Sohna Road. This relationship type is a synthetic investigative-data label for demonstration."
REL00286,P0074,Rohan Malik,P0216,Muskan Malik,0,,,0,0,,,0.0,1,2026-08-28 03:52,"Delhi, Narela",0,0.1913,Former Partner,"Relationship type: Former Partner. Meeting records show 1 meeting(s) at Delhi, Narela. This relationship type is a synthetic investigative-data label for demonstration."
REL00077,P0141,Arjun Malik,P0464,Karan Gupta,23,2026-01-23 14:23 | 2026-01-26 18:27 | 2026-02-17 21:35 | 2026-02-20 09:43 | 2026-03-03 18:50 | 2026-03-10 12:45 | 2026-03-14 21:04 | 2026-03-24 18:12 | 2026-03-30 20:01 | 2026-04-08 02:21 | 2026-04-15 03:30 | 2026-04-15 19:50 | 2026-04-19 08:00 | 2026-04-21 02:45 | 2026-05-13 22:11 | 2026-05-15 16:13 | 2026-05-29 11:40 | 2026-06-20 19:34 | 2026-06-28 01:35 | 2026-07-12 19:11 | 2026-07-23 21:00 | 2026-08-24 20:34 | 2026-08-29 08:46,1144 | 1241 | 466 | 963 | 260 | 1643 | 1721 | 1062 | 1661 | 780 | 1384 | 649 | 871 | 1613 | 824 | 1514 | 1152 | 746 | 707 | 1375 | 978 | 238 | 933,23925,3,2026-02-28 03:45 | 2026-05-25 15:09 | 2026-06-06 18:02,154864.45 | 101607.68 | 85643.99,342116.12,2,2026-02-01 07:59 | 2026-04-18 18:27,"Greater Noida, Knowledge Park | Delhi, Saket",1,0.9766,Mother,"Relationship type: Mother. Phone records show 23 call(s). Transaction records show 3 transaction(s) totaling ₹342,116. Meeting records show 2 meeting(s) at Greater Noida, Knowledge Park ,  Delhi, Saket. This relationship type is a synthetic investigative-data label for demonstration."
REL00428,P0173,Divya Aggarwal,P0571,Yash Saxena,2,2026-05-21 05:20 | 2026-06-14 10:18,426 | 111,537,1,2026-08-04 18:59,18533.12,18533.12,0,,,0,0.1186,Associate,"Relationship type: Associate. Phone records show 2 call(s). Transaction records show 1 transaction(s) totaling ₹18,533. This relationship type is a synthetic investigative-data label for demonstration."
REL00267,P0033,Shreya Jain,P0312,Vivaan Singh,0,,,0,1,2026-01-01 21:10,15989.02,15989.02,0,,,0,0.2026,Acquaintance,"Relationship type: Acquaintance. Transaction records show 1 transaction(s) totaling ₹15,989. This relationship type is a synthetic investigative-data label for demonstration."
